date,sku,supplier_id,inventory_level,reorder_point,reorder_qty,on_order_qty,lead_time_days
2024-01-01,SKU-10000,SUP-240,936,306,1595,0,7
2024-01-01,SKU-10001,SUP-207,1607,666,1738,0,13
2024-01-01,SKU-10002,SUP-201,1485,572,1623,0,10
2024-01-01,SKU-10003,SUP-247,168,543,1937,1937,8
2024-01-01,SKU-10004,SUP-217,2503,360,959,0,12
2024-01-01,SKU-10005,SUP-215,23,760,974,974,13
2024-01-01,SKU-10006,SUP-214,2634,389,1457,0,5
2024-01-01,SKU-10007,SUP-208,1935,443,1331,0,11
2024-01-01,SKU-10008,SUP-247,716,366,1797,0,6
2024-01-01,SKU-10009,SUP-206,631,213,741,0,12
2024-01-01,SKU-10010,SUP-243,2825,764,1397,0,6
2024-01-01,SKU-10011,SUP-247,2119,654,1951,0,10
2024-01-01,SKU-10012,SUP-234,44,761,1911,1911,4
2024-01-01,SKU-10013,SUP-205,978,765,1629,0,6
2024-01-01,SKU-10014,SUP-237,1547,361,701,0,6
2024-01-01,SKU-10015,SUP-227,2313,470,955,0,9
2024-01-01,SKU-10016,SUP-202,1326,537,1378,0,7
2024-01-01,SKU-10017,SUP-201,758,692,1564,0,3
2024-01-01,SKU-10018,SUP-205,2571,328,1147,0,10
2024-01-01,SKU-10019,SUP-213,1172,591,918,0,3
2024-01-01,SKU-10020,SUP-214,464,689,730,730,12
2024-01-01,SKU-10021,SUP-232,2151,334,700,0,10
2024-01-01,SKU-10022,SUP-238,837,247,1002,0,9
2024-01-01,SKU-10023,SUP-201,1805,298,1183,0,10
2024-01-01,SKU-10024,SUP-235,2829,661,1142,0,3
2024-01-01,SKU-10025,SUP-212,1016,592,706,0,12
2024-01-01,SKU-10026,SUP-245,1512,440,1063,0,6
2024-01-01,SKU-10027,SUP-241,1819,235,1024,0,9
2024-01-01,SKU-10028,SUP-244,1727,777,1181,0,11
2024-01-01,SKU-10029,SUP-234,2756,227,1863,0,13
2024-01-01,SKU-10030,SUP-226,1662,672,1754,0,3
2024-01-01,SKU-10031,SUP-214,1378,482,1132,0,6
2024-01-01,SKU-10032,SUP-228,1060,558,1209,0,10
2024-01-01,SKU-10033,SUP-237,1388,517,1748,0,5
2024-01-01,SKU-10034,SUP-217,1289,573,1995,0,11
2024-01-01,SKU-10035,SUP-200,1165,696,941,0,6
2024-01-01,SKU-10036,SUP-248,1343,585,1910,0,3
2024-01-01,SKU-10037,SUP-210,1614,280,1198,0,3
2024-01-01,SKU-10038,SUP-244,0,419,1354,1354,7
2024-01-01,SKU-10039,SUP-227,1721,602,1653,0,7
2024-01-01,SKU-10040,SUP-221,1730,638,702,0,10
2024-01-01,SKU-10041,SUP-217,175,479,1383,1383,4
2024-01-01,SKU-10042,SUP-209,149,710,1251,1251,3
2024-01-01,SKU-10043,SUP-213,1168,663,1872,0,5
2024-01-01,SKU-10044,SUP-248,660,710,646,646,6
2024-01-01,SKU-10045,SUP-221,1773,688,1428,0,10
2024-01-01,SKU-10046,SUP-206,1715,537,1371,0,3
2024-01-01,SKU-10047,SUP-205,1851,462,643,0,12
2024-01-01,SKU-10048,SUP-224,654,201,1396,0,14
2024-01-01,SKU-10049,SUP-206,506,359,1514,0,11
2024-01-01,SKU-10050,SUP-222,1725,407,1654,0,6
2024-01-01,SKU-10051,SUP-222,2236,319,1127,0,13
2024-01-01,SKU-10052,SUP-238,1635,453,1750,0,11
2024-01-01,SKU-10053,SUP-216,96,537,1321,1321,5
2024-01-01,SKU-10054,SUP-202,979,597,1800,0,6
2024-01-01,SKU-10055,SUP-246,1490,591,1658,0,5
2024-01-01,SKU-10056,SUP-229,363,232,1187,0,14
2024-01-01,SKU-10057,SUP-234,930,669,1898,0,8
2024-01-01,SKU-10058,SUP-207,2850,429,1888,0,5
2024-01-01,SKU-10059,SUP-224,2568,482,526,0,4
2024-01-01,SKU-10060,SUP-205,791,483,1378,0,3
2024-01-01,SKU-10061,SUP-235,482,715,1046,1046,3
2024-01-01,SKU-10062,SUP-218,61,572,1017,1017,5
2024-01-01,SKU-10063,SUP-240,1822,479,1872,0,3
2024-01-01,SKU-10064,SUP-239,297,298,1199,1199,3
2024-01-01,SKU-10065,SUP-223,1163,327,517,0,11
2024-01-01,SKU-10066,SUP-236,1795,769,1846,0,10
2024-01-01,SKU-10067,SUP-212,2800,487,1353,0,9
2024-01-01,SKU-10068,SUP-245,115,303,1916,1916,13
2024-01-01,SKU-10069,SUP-204,297,676,1258,1258,12
2024-01-01,SKU-10070,SUP-202,1931,607,1024,0,14
2024-01-01,SKU-10071,SUP-242,1485,235,1184,0,6
2024-01-01,SKU-10072,SUP-214,2451,711,899,0,14
2024-01-01,SKU-10073,SUP-249,1905,553,1333,0,9
2024-01-01,SKU-10074,SUP-218,1987,250,1074,0,8
2024-01-01,SKU-10075,SUP-205,2394,541,804,0,6
2024-01-01,SKU-10076,SUP-214,702,253,1502,0,14
2024-01-01,SKU-10077,SUP-206,2743,252,1503,0,14
2024-01-01,SKU-10078,SUP-224,0,395,1273,1273,6
2024-01-01,SKU-10079,SUP-217,38,468,869,869,14
2024-01-01,SKU-10080,SUP-229,1100,257,1869,0,7
2024-01-01,SKU-10081,SUP-240,145,326,1916,1916,14
2024-01-01,SKU-10082,SUP-223,974,257,1133,0,3
2024-01-01,SKU-10083,SUP-210,2844,317,1059,0,11
2024-01-01,SKU-10084,SUP-223,461,471,1712,1712,9
2024-01-01,SKU-10085,SUP-222,725,446,1599,0,12
2024-01-01,SKU-10086,SUP-213,1684,484,1743,0,7
2024-01-01,SKU-10087,SUP-242,1005,652,1727,0,12
2024-01-01,SKU-10088,SUP-217,2527,750,1812,0,7
2024-01-01,SKU-10089,SUP-244,2151,299,1301,0,6
2024-01-01,SKU-10090,SUP-243,2804,524,1015,0,10
2024-01-01,SKU-10091,SUP-241,424,696,1395,1395,13
2024-01-01,SKU-10092,SUP-204,802,579,1456,0,5
2024-01-01,SKU-10093,SUP-238,1715,776,1940,0,10
2024-01-01,SKU-10094,SUP-240,1113,484,896,0,14
2024-01-01,SKU-10095,SUP-210,1675,452,998,0,4
2024-01-01,SKU-10096,SUP-234,2092,289,1275,0,12
2024-01-01,SKU-10097,SUP-246,1601,395,1325,0,7
2024-01-01,SKU-10098,SUP-215,1665,612,1899,0,6
2024-01-01,SKU-10099,SUP-210,798,593,956,0,10
2024-01-01,SKU-10100,SUP-229,2231,747,1477,0,3
2024-01-01,SKU-10101,SUP-224,2197,568,778,0,11
2024-01-01,SKU-10102,SUP-217,933,472,561,0,6
2024-01-01,SKU-10103,SUP-240,1908,596,1198,0,5
2024-01-01,SKU-10104,SUP-244,2215,595,944,0,11
2024-01-01,SKU-10105,SUP-235,157,654,1217,1217,6
2024-01-01,SKU-10106,SUP-214,830,343,1384,0,7
2024-01-01,SKU-10107,SUP-243,461,668,1674,1674,11
2024-01-01,SKU-10108,SUP-220,1044,241,1709,0,9
2024-01-01,SKU-10109,SUP-249,2414,332,1686,0,9
2024-01-01,SKU-10110,SUP-249,748,787,1532,1532,12
2024-01-01,SKU-10111,SUP-203,1037,373,1691,0,12
2024-01-01,SKU-10112,SUP-214,1480,393,528,0,7
2024-01-01,SKU-10113,SUP-202,1453,695,1888,0,3
2024-01-01,SKU-10114,SUP-220,1385,416,1824,0,6
2024-01-01,SKU-10115,SUP-225,1848,451,1938,0,5
2024-01-01,SKU-10116,SUP-217,2475,381,666,0,13
2024-01-01,SKU-10117,SUP-204,714,730,538,538,5
2024-01-01,SKU-10118,SUP-213,137,257,975,975,10
2024-01-01,SKU-10119,SUP-236,792,560,1524,0,5
2024-01-01,SKU-10120,SUP-245,1995,389,1004,0,14
2024-01-01,SKU-10121,SUP-220,797,333,557,0,14
2024-01-01,SKU-10122,SUP-213,714,348,579,0,8
2024-01-01,SKU-10123,SUP-241,273,640,1925,1925,11
2024-01-01,SKU-10124,SUP-231,1639,572,1782,0,9
2024-01-01,SKU-10125,SUP-225,1052,557,1471,0,10
2024-01-01,SKU-10126,SUP-241,641,207,1645,0,14
2024-01-01,SKU-10127,SUP-229,2724,515,1701,0,14
2024-01-01,SKU-10128,SUP-209,2769,240,1239,0,13
2024-01-01,SKU-10129,SUP-216,2594,746,1776,0,8
2024-01-01,SKU-10130,SUP-208,1593,455,1208,0,11
2024-01-01,SKU-10131,SUP-215,2578,441,1774,0,7
2024-01-01,SKU-10132,SUP-247,1073,573,1588,0,4
2024-01-01,SKU-10133,SUP-235,303,481,562,562,11
2024-01-01,SKU-10134,SUP-234,2938,660,604,0,5
2024-01-01,SKU-10135,SUP-216,472,604,1322,1322,8
2024-01-01,SKU-10136,SUP-247,471,636,1546,1546,7
2024-01-01,SKU-10137,SUP-237,2732,344,1608,0,11
2024-01-01,SKU-10138,SUP-227,1991,250,1184,0,6
2024-01-01,SKU-10139,SUP-237,1447,687,533,0,14
2024-01-01,SKU-10140,SUP-225,2161,750,653,0,12
2024-01-01,SKU-10141,SUP-223,646,505,767,0,3
2024-01-01,SKU-10142,SUP-214,1035,600,1123,0,9
2024-01-01,SKU-10143,SUP-208,1258,777,574,0,5
2024-01-01,SKU-10144,SUP-232,2203,505,597,0,4
2024-01-01,SKU-10145,SUP-231,2857,634,946,0,4
2024-01-01,SKU-10146,SUP-205,1343,741,1258,0,12
2024-01-01,SKU-10147,SUP-248,2086,337,683,0,3
2024-01-01,SKU-10148,SUP-203,1427,707,1483,0,7
2024-01-01,SKU-10149,SUP-207,2678,252,1973,0,13
2024-01-01,SKU-10150,SUP-209,18,310,1260,1260,9
2024-01-01,SKU-10151,SUP-240,2891,573,1399,0,10
2024-01-01,SKU-10152,SUP-210,1785,394,1718,0,13
2024-01-01,SKU-10153,SUP-243,122,250,1926,1926,7
2024-01-01,SKU-10154,SUP-227,1027,733,1928,0,8
2024-01-01,SKU-10155,SUP-238,2771,545,1569,0,4
2024-01-01,SKU-10156,SUP-204,1981,272,1293,0,11
2024-01-01,SKU-10157,SUP-224,2064,413,738,0,10
2024-01-01,SKU-10158,SUP-224,2381,247,836,0,12
2024-01-01,SKU-10159,SUP-238,2941,207,1124,0,5
2024-01-01,SKU-10160,SUP-229,1320,255,1225,0,12
2024-01-01,SKU-10161,SUP-233,40,415,1909,1909,12
2024-01-01,SKU-10162,SUP-216,560,206,1526,0,9
2024-01-01,SKU-10163,SUP-235,2781,707,1797,0,12
2024-01-01,SKU-10164,SUP-200,2829,214,1715,0,11
2024-01-01,SKU-10165,SUP-243,1717,238,1796,0,9
2024-01-01,SKU-10166,SUP-246,2098,736,644,0,6
2024-01-01,SKU-10167,SUP-207,2095,593,566,0,11
2024-01-01,SKU-10168,SUP-243,2136,427,610,0,8
2024-01-01,SKU-10169,SUP-234,2061,568,1247,0,5
2024-01-01,SKU-10170,SUP-248,2462,717,1191,0,12
2024-01-01,SKU-10171,SUP-217,1793,576,1812,0,7
2024-01-01,SKU-10172,SUP-249,2779,781,1123,0,6
2024-01-01,SKU-10173,SUP-241,2919,549,1322,0,11
2024-01-01,SKU-10174,SUP-221,718,442,1042,0,10
2024-01-01,SKU-10175,SUP-207,283,422,505,505,4
2024-01-01,SKU-10176,SUP-218,483,203,1145,0,8
2024-01-01,SKU-10177,SUP-227,1658,640,693,0,13
2024-01-01,SKU-10178,SUP-210,1480,634,672,0,14
2024-01-01,SKU-10179,SUP-229,1689,609,1641,0,6
2024-01-01,SKU-10180,SUP-200,1881,312,639,0,3
2024-01-01,SKU-10181,SUP-246,2164,749,638,0,6
2024-01-01,SKU-10182,SUP-246,2980,209,760,0,9
2024-01-01,SKU-10183,SUP-216,1634,212,1691,0,4
2024-01-01,SKU-10184,SUP-232,1645,518,828,0,3
2024-01-01,SKU-10185,SUP-248,2877,618,1618,0,3
2024-01-01,SKU-10186,SUP-211,1633,435,833,0,7
2024-01-01,SKU-10187,SUP-232,329,787,1012,1012,10
2024-01-01,SKU-10188,SUP-206,1853,428,769,0,14
2024-01-01,SKU-10189,SUP-240,2901,364,504,0,5
2024-01-01,SKU-10190,SUP-219,106,331,1100,1100,12
2024-01-01,SKU-10191,SUP-240,2187,494,1115,0,5
2024-01-01,SKU-10192,SUP-232,2463,222,1074,0,3
2024-01-01,SKU-10193,SUP-238,2750,303,1562,0,5
2024-01-01,SKU-10194,SUP-212,154,778,890,890,5
2024-01-01,SKU-10195,SUP-209,2677,488,977,0,9
2024-01-01,SKU-10196,SUP-223,975,640,1620,0,7
2024-01-01,SKU-10197,SUP-248,1008,453,695,0,8
2024-01-01,SKU-10198,SUP-210,1938,716,1364,0,8
2024-01-01,SKU-10199,SUP-234,2897,427,715,0,6
2024-01-01,SKU-10200,SUP-249,2017,460,1680,0,6
2024-01-01,SKU-10201,SUP-233,2852,610,594,0,5
2024-01-01,SKU-10202,SUP-200,2857,482,568,0,6
2024-01-01,SKU-10203,SUP-238,27,749,1657,1657,10
2024-01-01,SKU-10204,SUP-220,2114,545,801,0,13
2024-01-01,SKU-10205,SUP-231,2430,409,1484,0,3
2024-01-01,SKU-10206,SUP-201,1670,659,1503,0,6
2024-01-01,SKU-10207,SUP-207,1305,326,1629,0,3
2024-01-01,SKU-10208,SUP-223,663,577,1513,0,5
2024-01-01,SKU-10209,SUP-219,2916,604,1869,0,6
2024-01-01,SKU-10210,SUP-215,1239,200,1066,0,5
2024-01-01,SKU-10211,SUP-203,973,336,701,0,6
2024-01-01,SKU-10212,SUP-215,2334,774,743,0,11
2024-01-01,SKU-10213,SUP-236,1641,585,1733,0,13
2024-01-01,SKU-10214,SUP-205,417,728,1139,1139,13
2024-01-01,SKU-10215,SUP-205,937,378,1705,0,10
2024-01-01,SKU-10216,SUP-246,27,360,676,676,13
2024-01-01,SKU-10217,SUP-231,638,668,1572,1572,9
2024-01-01,SKU-10218,SUP-204,855,560,1188,0,6
2024-01-01,SKU-10219,SUP-248,369,559,1060,1060,9
2024-01-01,SKU-10220,SUP-234,1760,517,531,0,3
2024-01-01,SKU-10221,SUP-249,489,343,1947,0,5
2024-01-01,SKU-10222,SUP-208,2155,789,1894,0,4
2024-01-01,SKU-10223,SUP-208,171,313,1745,1745,8
2024-01-01,SKU-10224,SUP-242,974,463,1424,0,9
2024-01-01,SKU-10225,SUP-230,880,657,661,0,14
2024-01-01,SKU-10226,SUP-235,2170,675,1701,0,9
2024-01-01,SKU-10227,SUP-210,866,642,827,0,8
2024-01-01,SKU-10228,SUP-216,2832,250,1506,0,10
2024-01-01,SKU-10229,SUP-233,2146,277,1811,0,10
2024-01-01,SKU-10230,SUP-238,2897,206,829,0,9
2024-01-01,SKU-10231,SUP-227,2204,346,1904,0,5
2024-01-01,SKU-10232,SUP-213,1633,281,1013,0,3
2024-01-01,SKU-10233,SUP-234,2942,585,1206,0,9
2024-01-01,SKU-10234,SUP-248,466,460,1304,0,8
2024-01-01,SKU-10235,SUP-246,1233,425,1576,0,14
2024-01-01,SKU-10236,SUP-244,1895,563,1803,0,3
2024-01-01,SKU-10237,SUP-212,2732,258,627,0,3
2024-01-01,SKU-10238,SUP-245,2655,751,736,0,11
2024-01-01,SKU-10239,SUP-219,1850,434,993,0,6
2024-01-01,SKU-10240,SUP-225,2775,308,1109,0,9
2024-01-01,SKU-10241,SUP-242,820,345,627,0,7
2024-01-01,SKU-10242,SUP-241,2080,240,1433,0,4
2024-01-01,SKU-10243,SUP-223,1669,787,841,0,7
2024-01-01,SKU-10244,SUP-228,2108,486,1145,0,13
2024-01-01,SKU-10245,SUP-233,160,467,1320,1320,9
2024-01-01,SKU-10246,SUP-228,1677,757,629,0,14
2024-01-01,SKU-10247,SUP-207,1829,491,1894,0,12
2024-01-01,SKU-10248,SUP-215,108,495,510,510,6
2024-01-01,SKU-10249,SUP-214,1188,426,1833,0,4
2024-01-01,SKU-10250,SUP-204,34,605,568,568,10
2024-01-01,SKU-10251,SUP-221,1367,347,1990,0,5
2024-01-01,SKU-10252,SUP-201,382,495,1540,1540,3
2024-01-01,SKU-10253,SUP-237,1270,241,524,0,9
2024-01-01,SKU-10254,SUP-235,113,371,1958,1958,8
2024-01-01,SKU-10255,SUP-214,2643,243,1316,0,3
2024-01-01,SKU-10256,SUP-237,363,696,511,511,10
2024-01-01,SKU-10257,SUP-214,421,280,873,0,8
2024-01-01,SKU-10258,SUP-200,1289,665,1612,0,14
2024-01-01,SKU-10259,SUP-204,470,737,546,546,12
2024-01-01,SKU-10260,SUP-245,1104,285,749,0,9
2024-01-01,SKU-10261,SUP-240,308,718,636,636,5
2024-01-01,SKU-10262,SUP-203,2754,697,1326,0,9
2024-01-01,SKU-10263,SUP-214,1509,422,1489,0,6
2024-01-01,SKU-10264,SUP-204,922,472,1682,0,10
2024-01-01,SKU-10265,SUP-202,2713,297,630,0,7
2024-01-01,SKU-10266,SUP-221,1177,238,996,0,6
2024-01-01,SKU-10267,SUP-204,1447,692,1949,0,14
2024-01-01,SKU-10268,SUP-232,367,613,750,750,9
2024-01-01,SKU-10269,SUP-215,1877,615,1562,0,6
2024-01-01,SKU-10270,SUP-217,57,444,1247,1247,11
2024-01-01,SKU-10271,SUP-242,241,465,1425,1425,11
2024-01-01,SKU-10272,SUP-231,297,776,502,502,10
2024-01-01,SKU-10273,SUP-213,2056,345,792,0,11
2024-01-01,SKU-10274,SUP-234,449,598,1316,1316,11
2024-01-01,SKU-10275,SUP-208,914,386,560,0,7
2024-01-01,SKU-10276,SUP-246,905,639,1842,0,10
2024-01-01,SKU-10277,SUP-236,39,425,1676,1676,9
2024-01-01,SKU-10278,SUP-236,2698,770,1833,0,7
2024-01-01,SKU-10279,SUP-230,1406,306,725,0,11
2024-01-01,SKU-10280,SUP-215,2353,716,553,0,9
2024-01-01,SKU-10281,SUP-230,2818,298,1543,0,12
2024-01-01,SKU-10282,SUP-226,1806,689,918,0,4
2024-01-01,SKU-10283,SUP-212,878,344,715,0,5
2024-01-01,SKU-10284,SUP-206,237,319,1392,1392,11
2024-01-01,SKU-10285,SUP-206,2399,556,1790,0,11
2024-01-01,SKU-10286,SUP-242,975,740,1718,0,11
2024-01-01,SKU-10287,SUP-227,2800,369,1020,0,10
2024-01-01,SKU-10288,SUP-222,1646,594,1454,0,4
2024-01-01,SKU-10289,SUP-227,950,237,827,0,13
2024-01-01,SKU-10290,SUP-226,1200,653,536,0,14
2024-01-01,SKU-10291,SUP-229,1774,792,1637,0,10
2024-01-01,SKU-10292,SUP-246,1353,548,614,0,12
2024-01-01,SKU-10293,SUP-203,1381,239,539,0,13
2024-01-01,SKU-10294,SUP-243,2054,461,715,0,5
2024-01-01,SKU-10295,SUP-241,2382,552,1070,0,13
2024-01-01,SKU-10296,SUP-241,2941,562,1056,0,11
2024-01-01,SKU-10297,SUP-206,1707,390,921,0,14
2024-01-01,SKU-10298,SUP-203,2012,756,1325,0,11
2024-01-01,SKU-10299,SUP-225,1122,625,1917,0,13
2024-01-01,SKU-10300,SUP-246,1583,555,1781,0,14
2024-01-01,SKU-10301,SUP-221,372,245,1636,0,11
2024-01-01,SKU-10302,SUP-206,2051,422,1365,0,14
2024-01-01,SKU-10303,SUP-215,450,564,1174,1174,8
2024-01-01,SKU-10304,SUP-212,2531,432,1747,0,4
2024-01-01,SKU-10305,SUP-212,1466,534,1745,0,7
2024-01-01,SKU-10306,SUP-234,1057,395,1415,0,6
2024-01-01,SKU-10307,SUP-228,1288,391,1540,0,14
2024-01-01,SKU-10308,SUP-208,870,221,973,0,10
2024-01-01,SKU-10309,SUP-227,2298,469,1203,0,14
2024-01-01,SKU-10310,SUP-211,728,659,1530,0,13
2024-01-01,SKU-10311,SUP-217,2159,737,1953,0,4
2024-01-01,SKU-10312,SUP-229,507,596,538,538,9
2024-01-01,SKU-10313,SUP-215,2860,329,1473,0,6
2024-01-01,SKU-10314,SUP-204,1572,581,1247,0,10
2024-01-01,SKU-10315,SUP-228,1058,502,1368,0,13
2024-01-01,SKU-10316,SUP-235,168,652,1910,1910,13
2024-01-01,SKU-10317,SUP-206,536,726,1685,1685,5
2024-01-01,SKU-10318,SUP-203,1921,723,1794,0,14
2024-01-01,SKU-10319,SUP-241,2319,783,1583,0,11
2024-01-01,SKU-10320,SUP-234,1678,508,1019,0,13
2024-01-01,SKU-10321,SUP-200,1750,398,886,0,14
2024-01-01,SKU-10322,SUP-205,759,577,1398,0,6
2024-01-01,SKU-10323,SUP-248,600,435,1020,0,8
2024-01-01,SKU-10324,SUP-215,1044,700,616,0,4
2024-01-01,SKU-10325,SUP-210,1386,594,1587,0,3
2024-01-01,SKU-10326,SUP-226,141,473,1843,1843,4
2024-01-01,SKU-10327,SUP-231,1385,365,510,0,11
2024-01-01,SKU-10328,SUP-230,2837,624,1915,0,13
2024-01-01,SKU-10329,SUP-213,216,752,900,900,14
2024-01-01,SKU-10330,SUP-225,1706,509,1609,0,14
2024-01-01,SKU-10331,SUP-203,2714,201,724,0,3
2024-01-01,SKU-10332,SUP-210,1782,315,1417,0,9
2024-01-01,SKU-10333,SUP-224,2229,289,621,0,4
2024-01-01,SKU-10334,SUP-200,127,627,1828,1828,10
2024-01-01,SKU-10335,SUP-224,2024,208,1273,0,11
2024-01-01,SKU-10336,SUP-216,2320,569,1215,0,10
2024-01-01,SKU-10337,SUP-229,1712,517,1607,0,13
2024-01-01,SKU-10338,SUP-218,2514,658,1607,0,6
2024-01-01,SKU-10339,SUP-227,0,714,1650,1650,11
2024-01-01,SKU-10340,SUP-244,950,211,586,0,14
2024-01-01,SKU-10341,SUP-246,1606,442,621,0,5
2024-01-01,SKU-10342,SUP-235,740,508,1194,0,5
2024-01-01,SKU-10343,SUP-242,2043,551,811,0,11
2024-01-01,SKU-10344,SUP-245,1042,234,944,0,8
2024-01-01,SKU-10345,SUP-231,1976,531,1361,0,7
2024-01-01,SKU-10346,SUP-209,225,603,1304,1304,6
2024-01-01,SKU-10347,SUP-212,2762,581,1031,0,14
2024-01-01,SKU-10348,SUP-218,2240,619,1773,0,7
2024-01-01,SKU-10349,SUP-213,1560,534,1941,0,6
2024-01-01,SKU-10350,SUP-203,1849,570,685,0,8
2024-01-01,SKU-10351,SUP-237,715,436,1029,0,10
2024-01-01,SKU-10352,SUP-247,2060,719,599,0,9
2024-01-01,SKU-10353,SUP-234,1016,533,501,0,9
2024-01-01,SKU-10354,SUP-203,2362,752,817,0,8
2024-01-01,SKU-10355,SUP-247,1817,213,1003,0,9
2024-01-01,SKU-10356,SUP-220,2015,329,1337,0,3
2024-01-01,SKU-10357,SUP-203,2103,265,1686,0,7
2024-01-01,SKU-10358,SUP-203,306,502,786,786,13
2024-01-01,SKU-10359,SUP-237,706,791,1343,1343,11
2024-01-01,SKU-10360,SUP-230,1238,475,1471,0,3
2024-01-01,SKU-10361,SUP-232,2387,483,1644,0,13
2024-01-01,SKU-10362,SUP-233,1998,696,655,0,8
2024-01-01,SKU-10363,SUP-210,596,533,1468,0,7
2024-01-01,SKU-10364,SUP-203,1108,200,618,0,5
2024-01-01,SKU-10365,SUP-232,229,360,1508,1508,5
2024-01-01,SKU-10366,SUP-205,1308,689,775,0,7
2024-01-01,SKU-10367,SUP-211,2337,325,716,0,4
2024-01-01,SKU-10368,SUP-204,1260,422,1707,0,13
2024-01-01,SKU-10369,SUP-238,971,350,883,0,6
2024-01-01,SKU-10370,SUP-204,1326,574,1531,0,4
2024-01-01,SKU-10371,SUP-243,1326,551,1881,0,7
2024-01-01,SKU-10372,SUP-215,1523,374,1716,0,9
2024-01-01,SKU-10373,SUP-225,1119,344,802,0,10
2024-01-01,SKU-10374,SUP-207,606,544,1313,0,6
2024-01-01,SKU-10375,SUP-236,2938,346,1810,0,7
2024-01-01,SKU-10376,SUP-215,1349,560,1743,0,4
2024-01-01,SKU-10377,SUP-237,1037,784,1684,0,11
2024-01-01,SKU-10378,SUP-238,1190,784,1088,0,11
2024-01-01,SKU-10379,SUP-202,1340,580,1625,0,6
2024-01-01,SKU-10380,SUP-239,1709,653,896,0,11
2024-01-01,SKU-10381,SUP-205,832,530,1867,0,8
2024-01-01,SKU-10382,SUP-226,456,264,1599,0,12
2024-01-01,SKU-10383,SUP-242,741,672,1940,0,3
2024-01-01,SKU-10384,SUP-237,791,301,1790,0,5
2024-01-01,SKU-10385,SUP-236,2971,202,584,0,12
2024-01-01,SKU-10386,SUP-233,2418,649,953,0,14
2024-01-01,SKU-10387,SUP-220,2755,332,803,0,7
2024-01-01,SKU-10388,SUP-216,1839,242,1443,0,9
2024-01-01,SKU-10389,SUP-213,1394,697,863,0,13
2024-01-01,SKU-10390,SUP-242,2544,606,1118,0,9
2024-01-01,SKU-10391,SUP-245,379,316,1647,0,11
2024-01-01,SKU-10392,SUP-220,1867,523,1288,0,8
2024-01-01,SKU-10393,SUP-215,843,533,1463,0,7
2024-01-01,SKU-10394,SUP-216,2605,355,790,0,10
2024-01-01,SKU-10395,SUP-225,194,788,1143,1143,12
2024-01-01,SKU-10396,SUP-208,433,550,1631,1631,12
2024-01-01,SKU-10397,SUP-242,1082,511,1764,0,12
2024-01-01,SKU-10398,SUP-241,493,235,1607,0,6
2024-01-01,SKU-10399,SUP-219,1835,584,1695,0,10
2024-01-01,SKU-10400,SUP-229,1693,758,1390,0,9
2024-01-01,SKU-10401,SUP-220,1254,225,1020,0,12
2024-01-01,SKU-10402,SUP-248,952,783,651,0,3
2024-01-01,SKU-10403,SUP-204,912,779,549,0,10
2024-01-01,SKU-10404,SUP-200,2569,259,1690,0,12
2024-01-01,SKU-10405,SUP-229,167,760,982,982,14
2024-01-01,SKU-10406,SUP-239,1221,631,1304,0,5
2024-01-01,SKU-10407,SUP-236,1067,789,1600,0,11
2024-01-01,SKU-10408,SUP-206,1009,519,762,0,7
2024-01-01,SKU-10409,SUP-204,1550,366,958,0,9
2024-01-01,SKU-10410,SUP-234,744,730,1741,0,8
2024-01-01,SKU-10411,SUP-213,2660,366,1120,0,6
2024-01-01,SKU-10412,SUP-232,737,272,1147,0,3
2024-01-01,SKU-10413,SUP-216,1935,624,1498,0,6
2024-01-01,SKU-10414,SUP-208,1846,716,927,0,13
2024-01-01,SKU-10415,SUP-222,242,429,566,566,8
2024-01-01,SKU-10416,SUP-204,2461,458,841,0,8
2024-01-01,SKU-10417,SUP-215,1242,408,853,0,9
2024-01-01,SKU-10418,SUP-223,1796,463,1161,0,14
2024-01-01,SKU-10419,SUP-218,1520,652,786,0,11
2024-01-01,SKU-10420,SUP-210,295,645,1169,1169,11
2024-01-01,SKU-10421,SUP-228,2181,599,1479,0,5
2024-01-01,SKU-10422,SUP-234,1740,436,1802,0,14
2024-01-01,SKU-10423,SUP-245,2661,716,1771,0,14
2024-01-01,SKU-10424,SUP-219,2338,485,648,0,6
2024-01-01,SKU-10425,SUP-239,2512,360,1512,0,14
2024-01-01,SKU-10426,SUP-241,1578,680,613,0,4
2024-01-01,SKU-10427,SUP-233,2414,648,1334,0,6
2024-01-01,SKU-10428,SUP-200,1761,461,1942,0,8
2024-01-01,SKU-10429,SUP-242,2195,515,1624,0,6
2024-01-01,SKU-10430,SUP-235,568,438,1060,0,12
2024-01-01,SKU-10431,SUP-219,2734,628,1681,0,10
2024-01-01,SKU-10432,SUP-242,1650,266,1530,0,6
2024-01-01,SKU-10433,SUP-206,97,329,1430,1430,4
2024-01-01,SKU-10434,SUP-208,1892,736,1292,0,8
2024-01-01,SKU-10435,SUP-216,1308,309,835,0,8
2024-01-01,SKU-10436,SUP-207,203,635,1398,1398,5
2024-01-01,SKU-10437,SUP-206,1917,224,1640,0,4
2024-01-01,SKU-10438,SUP-247,1029,278,1696,0,14
2024-01-01,SKU-10439,SUP-235,122,291,1042,1042,6
2024-01-01,SKU-10440,SUP-209,1712,646,889,0,13
2024-01-01,SKU-10441,SUP-217,214,259,1162,1162,5
2024-01-01,SKU-10442,SUP-218,2420,666,1277,0,11
2024-01-01,SKU-10443,SUP-238,606,452,1579,0,11
2024-01-01,SKU-10444,SUP-213,990,298,648,0,11
2024-01-01,SKU-10445,SUP-245,1155,462,1603,0,14
2024-01-01,SKU-10446,SUP-221,695,751,1284,1284,7
2024-01-01,SKU-10447,SUP-213,1349,420,1319,0,6
2024-01-01,SKU-10448,SUP-243,151,684,1267,1267,5
2024-01-01,SKU-10449,SUP-240,2565,725,954,0,7
2024-01-01,SKU-10450,SUP-216,2049,709,1706,0,4
2024-01-01,SKU-10451,SUP-232,1609,670,1946,0,7
2024-01-01,SKU-10452,SUP-231,2190,412,741,0,7
2024-01-01,SKU-10453,SUP-216,2337,507,682,0,7
2024-01-01,SKU-10454,SUP-203,2614,763,1123,0,14
2024-01-01,SKU-10455,SUP-205,642,220,1053,0,3
2024-01-01,SKU-10456,SUP-240,178,319,892,892,11
2024-01-01,SKU-10457,SUP-227,2137,771,528,0,3
2024-01-01,SKU-10458,SUP-217,274,431,1288,1288,14
2024-01-01,SKU-10459,SUP-202,771,399,1444,0,3
2024-01-01,SKU-10460,SUP-200,877,615,1439,0,3
2024-01-01,SKU-10461,SUP-221,2124,207,1344,0,10
2024-01-01,SKU-10462,SUP-249,134,584,1958,1958,10
2024-01-01,SKU-10463,SUP-208,2785,347,776,0,10
2024-01-01,SKU-10464,SUP-240,1931,427,935,0,5
2024-01-01,SKU-10465,SUP-216,1477,762,941,0,7
2024-01-01,SKU-10466,SUP-210,769,551,1019,0,12
2024-01-01,SKU-10467,SUP-247,1553,567,1743,0,3
2024-01-01,SKU-10468,SUP-228,1201,559,1420,0,11
2024-01-01,SKU-10469,SUP-235,2552,581,1335,0,11
2024-01-01,SKU-10470,SUP-245,2185,318,689,0,4
2024-01-01,SKU-10471,SUP-227,1752,687,1269,0,8
2024-01-01,SKU-10472,SUP-235,776,487,1811,0,14
2024-01-01,SKU-10473,SUP-200,1329,721,1282,0,3
2024-01-01,SKU-10474,SUP-207,967,323,1484,0,4
2024-01-01,SKU-10475,SUP-204,2896,634,1185,0,3
2024-01-01,SKU-10476,SUP-244,2228,421,538,0,3
2024-01-01,SKU-10477,SUP-209,852,348,1920,0,7
2024-01-01,SKU-10478,SUP-234,1972,559,737,0,9
2024-01-01,SKU-10479,SUP-202,667,434,1868,0,8
2024-01-01,SKU-10480,SUP-223,831,412,962,0,6
2024-01-01,SKU-10481,SUP-237,323,662,1930,1930,10
2024-01-01,SKU-10482,SUP-235,1136,620,1876,0,10
2024-01-01,SKU-10483,SUP-209,487,218,522,0,9
2024-01-01,SKU-10484,SUP-227,2135,480,1651,0,7
2024-01-01,SKU-10485,SUP-208,1089,561,1709,0,10
2024-01-01,SKU-10486,SUP-202,2159,460,1014,0,3
2024-01-01,SKU-10487,SUP-219,1910,682,1747,0,12
2024-01-01,SKU-10488,SUP-223,2601,604,801,0,9
2024-01-01,SKU-10489,SUP-202,1779,311,1536,0,11
2024-01-01,SKU-10490,SUP-222,2552,433,1101,0,12
2024-01-01,SKU-10491,SUP-213,2692,408,1537,0,11
2024-01-01,SKU-10492,SUP-243,2655,410,1624,0,12
2024-01-01,SKU-10493,SUP-215,2159,580,1655,0,6
2024-01-01,SKU-10494,SUP-242,1996,426,1677,0,7
2024-01-01,SKU-10495,SUP-206,1529,604,701,0,8
2024-01-01,SKU-10496,SUP-222,1829,219,772,0,9
2024-01-01,SKU-10497,SUP-249,2717,420,1025,0,5
2024-01-01,SKU-10498,SUP-235,371,699,1399,1399,10
2024-01-01,SKU-10499,SUP-226,2880,361,1093,0,5
2024-01-02,SKU-10000,SUP-240,2313,518,710,0,8
2024-01-02,SKU-10001,SUP-207,670,275,1041,0,12
2024-01-02,SKU-10002,SUP-201,1007,218,931,0,6
2024-01-02,SKU-10003,SUP-247,1399,382,980,0,4
2024-01-02,SKU-10004,SUP-217,835,312,1262,0,14
2024-01-02,SKU-10005,SUP-215,2950,317,660,0,3
2024-01-02,SKU-10006,SUP-214,293,246,898,0,8
2024-01-02,SKU-10007,SUP-208,1650,323,574,0,9
2024-01-02,SKU-10008,SUP-247,2260,599,1336,0,11
2024-01-02,SKU-10009,SUP-206,548,337,549,0,5
2024-01-02,SKU-10010,SUP-243,991,453,1209,0,3
2024-01-02,SKU-10011,SUP-247,2006,625,1046,0,12
2024-01-02,SKU-10012,SUP-234,600,248,1416,0,12
2024-01-02,SKU-10013,SUP-205,815,555,1783,0,9
2024-01-02,SKU-10014,SUP-237,1007,512,1111,0,8
2024-01-02,SKU-10015,SUP-227,2985,563,687,0,11
2024-01-02,SKU-10016,SUP-202,1731,607,1375,0,12
2024-01-02,SKU-10017,SUP-201,2550,419,1402,0,5
2024-01-02,SKU-10018,SUP-205,2119,599,1705,0,12
2024-01-02,SKU-10019,SUP-213,235,755,1340,1340,6
2024-01-02,SKU-10020,SUP-214,1763,795,749,0,13
2024-01-02,SKU-10021,SUP-232,1585,395,1189,0,3
2024-01-02,SKU-10022,SUP-238,2164,269,1138,0,4
2024-01-02,SKU-10023,SUP-201,667,341,1836,0,7
2024-01-02,SKU-10024,SUP-235,2512,281,1654,0,9
2024-01-02,SKU-10025,SUP-212,1856,570,1352,0,14
2024-01-02,SKU-10026,SUP-245,2552,689,1516,0,9
2024-01-02,SKU-10027,SUP-241,678,792,1072,1072,4
2024-01-02,SKU-10028,SUP-244,2195,622,676,0,3
2024-01-02,SKU-10029,SUP-234,1683,776,1341,0,7
2024-01-02,SKU-10030,SUP-226,1660,311,1580,0,4
2024-01-02,SKU-10031,SUP-214,2981,343,934,0,9
2024-01-02,SKU-10032,SUP-228,612,493,1070,0,12
2024-01-02,SKU-10033,SUP-237,661,760,1459,1459,9
2024-01-02,SKU-10034,SUP-217,2475,353,882,0,6
2024-01-02,SKU-10035,SUP-200,1942,413,875,0,10
2024-01-02,SKU-10036,SUP-248,2350,580,1500,0,10
2024-01-02,SKU-10037,SUP-210,2241,225,1380,0,4
2024-01-02,SKU-10038,SUP-244,1805,243,1620,0,12
2024-01-02,SKU-10039,SUP-227,1132,635,1100,0,13
2024-01-02,SKU-10040,SUP-221,1284,703,767,0,12
2024-01-02,SKU-10041,SUP-217,60,363,984,984,7
2024-01-02,SKU-10042,SUP-209,2658,758,737,0,10
2024-01-02,SKU-10043,SUP-213,1326,667,1977,0,14
2024-01-02,SKU-10044,SUP-248,2601,586,1376,0,5
2024-01-02,SKU-10045,SUP-221,271,239,985,0,3
2024-01-02,SKU-10046,SUP-206,2307,719,1112,0,14
2024-01-02,SKU-10047,SUP-205,697,459,1489,0,8
2024-01-02,SKU-10048,SUP-224,2568,743,1148,0,14
2024-01-02,SKU-10049,SUP-206,2042,215,1652,0,9
2024-01-02,SKU-10050,SUP-222,1118,468,1685,0,6
2024-01-02,SKU-10051,SUP-222,945,705,746,0,13
2024-01-02,SKU-10052,SUP-238,1575,552,695,0,11
2024-01-02,SKU-10053,SUP-216,1971,426,1200,0,14
2024-01-02,SKU-10054,SUP-202,251,685,1957,1957,8
2024-01-02,SKU-10055,SUP-246,2367,576,1918,0,4
2024-01-02,SKU-10056,SUP-229,1419,656,1224,0,10
2024-01-02,SKU-10057,SUP-234,1253,787,975,0,12
2024-01-02,SKU-10058,SUP-207,2336,240,806,0,4
2024-01-02,SKU-10059,SUP-224,1400,478,1699,0,8
2024-01-02,SKU-10060,SUP-205,2422,488,1223,0,4
2024-01-02,SKU-10061,SUP-235,1172,653,700,0,6
2024-01-02,SKU-10062,SUP-218,220,390,1015,1015,12
2024-01-02,SKU-10063,SUP-240,2055,342,1714,0,7
2024-01-02,SKU-10064,SUP-239,2386,501,959,0,3
2024-01-02,SKU-10065,SUP-223,525,406,709,0,5
2024-01-02,SKU-10066,SUP-236,669,553,1387,0,8
2024-01-02,SKU-10067,SUP-212,139,700,1339,1339,5
2024-01-02,SKU-10068,SUP-245,1802,706,1095,0,3
2024-01-02,SKU-10069,SUP-204,295,469,653,653,8
2024-01-02,SKU-10070,SUP-202,1819,625,1798,0,11
2024-01-02,SKU-10071,SUP-242,2431,262,1596,0,13
2024-01-02,SKU-10072,SUP-214,1689,707,1286,0,6
2024-01-02,SKU-10073,SUP-249,384,636,1175,1175,10
2024-01-02,SKU-10074,SUP-218,2659,464,819,0,3
2024-01-02,SKU-10075,SUP-205,2967,402,1320,0,5
2024-01-02,SKU-10076,SUP-214,2513,267,1487,0,10
2024-01-02,SKU-10077,SUP-206,2635,797,1650,0,9
2024-01-02,SKU-10078,SUP-224,2640,631,767,0,5
2024-01-02,SKU-10079,SUP-217,834,693,1992,0,7
2024-01-02,SKU-10080,SUP-229,1439,475,1512,0,11
2024-01-02,SKU-10081,SUP-240,2018,234,1476,0,4
2024-01-02,SKU-10082,SUP-223,780,207,1824,0,9
2024-01-02,SKU-10083,SUP-210,1513,637,673,0,11
2024-01-02,SKU-10084,SUP-223,748,605,731,0,7
2024-01-02,SKU-10085,SUP-222,1699,704,678,0,6
2024-01-02,SKU-10086,SUP-213,1909,739,1271,0,8
2024-01-02,SKU-10087,SUP-242,2220,691,693,0,10
2024-01-02,SKU-10088,SUP-217,1227,560,1610,0,8
2024-01-02,SKU-10089,SUP-244,2369,461,1229,0,13
2024-01-02,SKU-10090,SUP-243,1509,561,1972,0,11
2024-01-02,SKU-10091,SUP-241,2196,623,641,0,5
2024-01-02,SKU-10092,SUP-204,1513,248,1825,0,3
2024-01-02,SKU-10093,SUP-238,1211,754,903,0,14
2024-01-02,SKU-10094,SUP-240,676,540,1203,0,12
2024-01-02,SKU-10095,SUP-210,1472,581,732,0,11
2024-01-02,SKU-10096,SUP-234,1469,752,1355,0,7
2024-01-02,SKU-10097,SUP-246,2996,382,1564,0,9
2024-01-02,SKU-10098,SUP-215,492,693,1406,1406,3
2024-01-02,SKU-10099,SUP-210,36,783,955,955,7
2024-01-02,SKU-10100,SUP-229,1251,644,1763,0,3
2024-01-02,SKU-10101,SUP-224,2728,449,1976,0,10
2024-01-02,SKU-10102,SUP-217,893,630,1226,0,3
2024-01-02,SKU-10103,SUP-240,1777,523,1489,0,3
2024-01-02,SKU-10104,SUP-244,2787,684,911,0,10
2024-01-02,SKU-10105,SUP-235,1125,531,1901,0,5
2024-01-02,SKU-10106,SUP-214,2844,304,701,0,4
2024-01-02,SKU-10107,SUP-243,1922,465,1409,0,4
2024-01-02,SKU-10108,SUP-220,556,576,1270,1270,6
2024-01-02,SKU-10109,SUP-249,2561,713,886,0,10
2024-01-02,SKU-10110,SUP-249,2394,467,918,0,13
2024-01-02,SKU-10111,SUP-203,1956,556,1736,0,3
2024-01-02,SKU-10112,SUP-214,1259,607,1817,0,14
2024-01-02,SKU-10113,SUP-202,2388,619,1110,0,9
2024-01-02,SKU-10114,SUP-220,2162,229,1711,0,14
2024-01-02,SKU-10115,SUP-225,2013,650,694,0,14
2024-01-02,SKU-10116,SUP-217,3043,262,522,0,10
2024-01-02,SKU-10117,SUP-204,2730,317,1903,0,3
2024-01-02,SKU-10118,SUP-213,2067,639,1432,0,9
2024-01-02,SKU-10119,SUP-236,2588,392,1058,0,6
2024-01-02,SKU-10120,SUP-245,1838,594,1316,0,3
2024-01-02,SKU-10121,SUP-220,1920,524,1915,0,4
2024-01-02,SKU-10122,SUP-213,1540,230,1911,0,3
2024-01-02,SKU-10123,SUP-241,1988,575,1867,0,13
2024-01-02,SKU-10124,SUP-231,2241,354,1953,0,8
2024-01-02,SKU-10125,SUP-225,417,461,624,624,7
2024-01-02,SKU-10126,SUP-241,531,324,669,0,14
2024-01-02,SKU-10127,SUP-229,2858,400,868,0,13
2024-01-02,SKU-10128,SUP-209,2528,699,608,0,8
2024-01-02,SKU-10129,SUP-216,94,364,804,804,4
2024-01-02,SKU-10130,SUP-208,384,578,842,842,5
2024-01-02,SKU-10131,SUP-215,1625,615,1632,0,5
2024-01-02,SKU-10132,SUP-247,795,582,1503,0,7
2024-01-02,SKU-10133,SUP-235,264,558,1335,1335,5
2024-01-02,SKU-10134,SUP-234,1751,682,1408,0,4
2024-01-02,SKU-10135,SUP-216,2335,298,603,0,8
2024-01-02,SKU-10136,SUP-247,1918,364,1498,0,7
2024-01-02,SKU-10137,SUP-237,2718,716,1156,0,7
2024-01-02,SKU-10138,SUP-227,2260,263,1614,0,7
2024-01-02,SKU-10139,SUP-237,2034,758,1663,0,8
2024-01-02,SKU-10140,SUP-225,2612,383,1543,0,11
2024-01-02,SKU-10141,SUP-223,657,781,1382,1382,5
2024-01-02,SKU-10142,SUP-214,733,781,1522,1522,9
2024-01-02,SKU-10143,SUP-208,1284,786,1940,0,10
2024-01-02,SKU-10144,SUP-232,2547,564,662,0,11
2024-01-02,SKU-10145,SUP-231,1903,536,1380,0,3
2024-01-02,SKU-10146,SUP-205,898,522,942,0,7
2024-01-02,SKU-10147,SUP-248,1133,313,979,0,8
2024-01-02,SKU-10148,SUP-203,1834,765,1405,0,12
2024-01-02,SKU-10149,SUP-207,2413,476,1727,0,4
2024-01-02,SKU-10150,SUP-209,782,256,1826,0,5
2024-01-02,SKU-10151,SUP-240,0,463,1293,1293,3
2024-01-02,SKU-10152,SUP-210,518,778,1588,1588,6
2024-01-02,SKU-10153,SUP-243,82,200,1410,1410,7
2024-01-02,SKU-10154,SUP-227,102,387,1651,1651,11
2024-01-02,SKU-10155,SUP-238,323,393,1202,1202,10
2024-01-02,SKU-10156,SUP-204,793,459,913,0,8
2024-01-02,SKU-10157,SUP-224,1129,783,1409,0,14
2024-01-02,SKU-10158,SUP-224,2142,244,582,0,13
2024-01-02,SKU-10159,SUP-238,447,265,1435,0,3
2024-01-02,SKU-10160,SUP-229,2472,557,1711,0,4
2024-01-02,SKU-10161,SUP-233,545,383,610,0,14
2024-01-02,SKU-10162,SUP-216,1411,650,1403,0,9
2024-01-02,SKU-10163,SUP-235,979,766,1550,0,8
2024-01-02,SKU-10164,SUP-200,2913,520,1412,0,11
2024-01-02,SKU-10165,SUP-243,1830,732,1926,0,7
2024-01-02,SKU-10166,SUP-246,1410,536,682,0,9
2024-01-02,SKU-10167,SUP-207,2697,209,1979,0,8
2024-01-02,SKU-10168,SUP-243,1619,213,1701,0,14
2024-01-02,SKU-10169,SUP-234,1085,607,1346,0,8
2024-01-02,SKU-10170,SUP-248,1178,404,1582,0,9
2024-01-02,SKU-10171,SUP-217,2998,489,1349,0,10
2024-01-02,SKU-10172,SUP-249,332,274,1372,0,14
2024-01-02,SKU-10173,SUP-241,1513,353,1619,0,8
2024-01-02,SKU-10174,SUP-221,2425,287,1317,0,10
2024-01-02,SKU-10175,SUP-207,1985,524,1439,0,11
2024-01-02,SKU-10176,SUP-218,1871,776,636,0,13
2024-01-02,SKU-10177,SUP-227,1747,340,1606,0,3
2024-01-02,SKU-10178,SUP-210,185,767,1190,1190,7
2024-01-02,SKU-10179,SUP-229,2563,374,522,0,7
2024-01-02,SKU-10180,SUP-200,323,300,1428,0,10
2024-01-02,SKU-10181,SUP-246,616,651,930,930,11
2024-01-02,SKU-10182,SUP-246,1756,492,1309,0,3
2024-01-02,SKU-10183,SUP-216,1207,739,1523,0,11
2024-01-02,SKU-10184,SUP-232,1471,695,726,0,14
2024-01-02,SKU-10185,SUP-248,871,654,1536,0,4
2024-01-02,SKU-10186,SUP-211,2874,230,1397,0,11
2024-01-02,SKU-10187,SUP-232,379,299,1120,0,9
2024-01-02,SKU-10188,SUP-206,1193,462,773,0,5
2024-01-02,SKU-10189,SUP-240,1110,348,1039,0,10
2024-01-02,SKU-10190,SUP-219,877,555,1775,0,13
2024-01-02,SKU-10191,SUP-240,2430,512,548,0,8
2024-01-02,SKU-10192,SUP-232,2127,764,1567,0,7
2024-01-02,SKU-10193,SUP-238,656,301,1367,0,12
2024-01-02,SKU-10194,SUP-212,659,310,1113,0,3
2024-01-02,SKU-10195,SUP-209,982,740,670,0,11
2024-01-02,SKU-10196,SUP-223,735,387,1357,0,8
2024-01-02,SKU-10197,SUP-248,200,664,603,603,14
2024-01-02,SKU-10198,SUP-210,2903,701,674,0,11
2024-01-02,SKU-10199,SUP-234,1713,590,1164,0,3
2024-01-02,SKU-10200,SUP-249,2259,211,1219,0,13
2024-01-02,SKU-10201,SUP-233,2459,427,1122,0,5
2024-01-02,SKU-10202,SUP-200,490,424,1482,0,11
2024-01-02,SKU-10203,SUP-238,1577,413,1582,0,6
2024-01-02,SKU-10204,SUP-220,631,425,911,0,14
2024-01-02,SKU-10205,SUP-231,2691,303,892,0,9
2024-01-02,SKU-10206,SUP-201,1906,633,1854,0,14
2024-01-02,SKU-10207,SUP-207,363,770,1613,1613,14
2024-01-02,SKU-10208,SUP-223,2557,224,1917,0,13
2024-01-02,SKU-10209,SUP-219,2381,267,1506,0,14
2024-01-02,SKU-10210,SUP-215,2089,248,1063,0,8
2024-01-02,SKU-10211,SUP-203,259,758,658,658,11
2024-01-02,SKU-10212,SUP-215,776,204,860,0,13
2024-01-02,SKU-10213,SUP-236,2411,621,514,0,12
2024-01-02,SKU-10214,SUP-205,2449,652,1913,0,8
2024-01-02,SKU-10215,SUP-205,2749,501,1746,0,5
2024-01-02,SKU-10216,SUP-246,1110,292,1019,0,14
2024-01-02,SKU-10217,SUP-231,494,360,830,0,4
2024-01-02,SKU-10218,SUP-204,1596,691,771,0,6
2024-01-02,SKU-10219,SUP-248,1999,289,945,0,11
2024-01-02,SKU-10220,SUP-234,1355,556,773,0,5
2024-01-02,SKU-10221,SUP-249,2111,353,1913,0,6
2024-01-02,SKU-10222,SUP-208,618,770,624,624,4
2024-01-02,SKU-10223,SUP-208,1326,444,1347,0,4
2024-01-02,SKU-10224,SUP-242,1046,340,861,0,10
2024-01-02,SKU-10225,SUP-230,2607,694,1332,0,13
2024-01-02,SKU-10226,SUP-235,1110,386,1253,0,8
2024-01-02,SKU-10227,SUP-210,2219,243,636,0,7
2024-01-02,SKU-10228,SUP-216,2249,711,1679,0,12
2024-01-02,SKU-10229,SUP-233,2281,521,955,0,13
2024-01-02,SKU-10230,SUP-238,2924,354,1388,0,5
2024-01-02,SKU-10231,SUP-227,1815,464,1961,0,10
2024-01-02,SKU-10232,SUP-213,748,698,628,0,11
2024-01-02,SKU-10233,SUP-234,2763,603,1128,0,5
2024-01-02,SKU-10234,SUP-248,2934,473,1184,0,6
2024-01-02,SKU-10235,SUP-246,891,281,823,0,3
2024-01-02,SKU-10236,SUP-244,2326,257,653,0,6
2024-01-02,SKU-10237,SUP-212,1367,240,604,0,7
2024-01-02,SKU-10238,SUP-245,2048,553,1515,0,11
2024-01-02,SKU-10239,SUP-219,2898,455,1150,0,10
2024-01-02,SKU-10240,SUP-225,972,787,781,0,5
2024-01-02,SKU-10241,SUP-242,2516,398,1826,0,9
2024-01-02,SKU-10242,SUP-241,2507,604,961,0,6
2024-01-02,SKU-10243,SUP-223,2920,283,1922,0,4
2024-01-02,SKU-10244,SUP-228,2749,420,1052,0,5
2024-01-02,SKU-10245,SUP-233,106,757,1423,1423,11
2024-01-02,SKU-10246,SUP-228,516,470,920,0,3
2024-01-02,SKU-10247,SUP-207,2828,479,1806,0,10
2024-01-02,SKU-10248,SUP-215,2118,735,1527,0,5
2024-01-02,SKU-10249,SUP-214,276,478,1376,1376,7
2024-01-02,SKU-10250,SUP-204,922,708,1199,0,8
2024-01-02,SKU-10251,SUP-221,1387,590,1608,0,6
2024-01-02,SKU-10252,SUP-201,1555,541,1343,0,8
2024-01-02,SKU-10253,SUP-237,1592,505,1201,0,7
2024-01-02,SKU-10254,SUP-235,2652,610,705,0,11
2024-01-02,SKU-10255,SUP-214,482,246,1003,0,8
2024-01-02,SKU-10256,SUP-237,259,471,1437,1437,12
2024-01-02,SKU-10257,SUP-214,2233,679,509,0,8
2024-01-02,SKU-10258,SUP-200,2713,759,935,0,11
2024-01-02,SKU-10259,SUP-204,1706,301,1252,0,3
2024-01-02,SKU-10260,SUP-245,1297,280,988,0,10
2024-01-02,SKU-10261,SUP-240,185,295,1946,1946,13
2024-01-02,SKU-10262,SUP-203,1011,366,1008,0,11
2024-01-02,SKU-10263,SUP-214,808,340,1081,0,8
2024-01-02,SKU-10264,SUP-204,1450,444,1860,0,3
2024-01-02,SKU-10265,SUP-202,1117,374,608,0,9
2024-01-02,SKU-10266,SUP-221,226,673,1623,1623,6
2024-01-02,SKU-10267,SUP-204,1982,242,1942,0,10
2024-01-02,SKU-10268,SUP-232,115,469,1173,1173,9
2024-01-02,SKU-10269,SUP-215,2022,367,838,0,7
2024-01-02,SKU-10270,SUP-217,2381,535,889,0,10
2024-01-02,SKU-10271,SUP-242,571,682,1158,1158,14
2024-01-02,SKU-10272,SUP-231,970,657,1612,0,6
2024-01-02,SKU-10273,SUP-213,558,575,1545,1545,5
2024-01-02,SKU-10274,SUP-234,344,718,1729,1729,10
2024-01-02,SKU-10275,SUP-208,366,794,1702,1702,4
2024-01-02,SKU-10276,SUP-246,537,323,612,0,14
2024-01-02,SKU-10277,SUP-236,2418,482,639,0,3
2024-01-02,SKU-10278,SUP-236,570,268,617,0,10
2024-01-02,SKU-10279,SUP-230,1429,688,518,0,8
2024-01-02,SKU-10280,SUP-215,2289,649,1058,0,9
2024-01-02,SKU-10281,SUP-230,527,340,1607,0,8
2024-01-02,SKU-10282,SUP-226,2534,414,714,0,5
2024-01-02,SKU-10283,SUP-212,171,676,1259,1259,6
2024-01-02,SKU-10284,SUP-206,1887,560,1068,0,10
2024-01-02,SKU-10285,SUP-206,2372,401,516,0,4
2024-01-02,SKU-10286,SUP-242,570,524,1935,0,11
2024-01-02,SKU-10287,SUP-227,2066,673,1991,0,11
2024-01-02,SKU-10288,SUP-222,2056,586,1277,0,4
2024-01-02,SKU-10289,SUP-227,1978,785,665,0,8
2024-01-02,SKU-10290,SUP-226,213,418,1168,1168,8
2024-01-02,SKU-10291,SUP-229,2188,347,1631,0,5
2024-01-02,SKU-10292,SUP-246,598,613,1832,1832,4
2024-01-02,SKU-10293,SUP-203,1262,272,980,0,8
2024-01-02,SKU-10294,SUP-243,763,258,1007,0,4
2024-01-02,SKU-10295,SUP-241,454,794,1677,1677,11
2024-01-02,SKU-10296,SUP-241,2431,278,1838,0,8
2024-01-02,SKU-10297,SUP-206,548,447,1367,0,4
2024-01-02,SKU-10298,SUP-203,2611,483,1972,0,3
2024-01-02,SKU-10299,SUP-225,336,206,1316,0,11
2024-01-02,SKU-10300,SUP-246,50,619,1596,1596,12
2024-01-02,SKU-10301,SUP-221,2405,569,553,0,4
2024-01-02,SKU-10302,SUP-206,1847,326,1932,0,14
2024-01-02,SKU-10303,SUP-215,457,578,572,572,13
2024-01-02,SKU-10304,SUP-212,1315,242,876,0,11
2024-01-02,SKU-10305,SUP-212,2345,568,1256,0,9
2024-01-02,SKU-10306,SUP-234,1218,774,1236,0,11
2024-01-02,SKU-10307,SUP-228,1460,498,1443,0,4
2024-01-02,SKU-10308,SUP-208,2454,513,1684,0,13
2024-01-02,SKU-10309,SUP-227,1614,503,1861,0,8
2024-01-02,SKU-10310,SUP-211,2850,363,1966,0,10
2024-01-02,SKU-10311,SUP-217,2507,693,989,0,3
2024-01-02,SKU-10312,SUP-229,2601,494,1892,0,14
2024-01-02,SKU-10313,SUP-215,2934,748,1148,0,4
2024-01-02,SKU-10314,SUP-204,595,644,862,862,13
2024-01-02,SKU-10315,SUP-228,1231,451,1858,0,14
2024-01-02,SKU-10316,SUP-235,19,384,1728,1728,6
2024-01-02,SKU-10317,SUP-206,222,772,1374,1374,8
2024-01-02,SKU-10318,SUP-203,2232,406,1652,0,9
2024-01-02,SKU-10319,SUP-241,978,584,1561,0,7
2024-01-02,SKU-10320,SUP-234,1001,220,741,0,9
2024-01-02,SKU-10321,SUP-200,2803,795,1302,0,6
2024-01-02,SKU-10322,SUP-205,35,395,639,639,14
2024-01-02,SKU-10323,SUP-248,2445,734,776,0,12
2024-01-02,SKU-10324,SUP-215,2174,352,1834,0,9
2024-01-02,SKU-10325,SUP-210,1607,376,1885,0,12
2024-01-02,SKU-10326,SUP-226,2963,296,1380,0,7
2024-01-02,SKU-10327,SUP-231,2928,205,1510,0,5
2024-01-02,SKU-10328,SUP-230,659,460,1949,0,9
2024-01-02,SKU-10329,SUP-213,2613,670,913,0,11
2024-01-02,SKU-10330,SUP-225,2930,438,1152,0,6
2024-01-02,SKU-10331,SUP-203,492,244,1924,0,9
2024-01-02,SKU-10332,SUP-210,576,217,1161,0,8
2024-01-02,SKU-10333,SUP-224,265,434,915,915,12
2024-01-02,SKU-10334,SUP-200,486,314,1431,0,4
2024-01-02,SKU-10335,SUP-224,1859,210,705,0,9
2024-01-02,SKU-10336,SUP-216,2417,326,646,0,8
2024-01-02,SKU-10337,SUP-229,446,562,636,636,3
2024-01-02,SKU-10338,SUP-218,38,374,1501,1501,3
2024-01-02,SKU-10339,SUP-227,2008,698,640,0,8
2024-01-02,SKU-10340,SUP-244,1985,438,704,0,3
2024-01-02,SKU-10341,SUP-246,282,516,1424,1424,9
2024-01-02,SKU-10342,SUP-235,2782,481,516,0,9
2024-01-02,SKU-10343,SUP-242,1360,504,1974,0,9
2024-01-02,SKU-10344,SUP-245,1426,302,1320,0,3
2024-01-02,SKU-10345,SUP-231,1867,728,670,0,11
2024-01-02,SKU-10346,SUP-209,221,406,1040,1040,7
2024-01-02,SKU-10347,SUP-212,2161,579,1667,0,11
2024-01-02,SKU-10348,SUP-218,2826,292,1004,0,8
2024-01-02,SKU-10349,SUP-213,2448,398,1217,0,5
2024-01-02,SKU-10350,SUP-203,759,338,1441,0,11
2024-01-02,SKU-10351,SUP-237,1262,759,693,0,10
2024-01-02,SKU-10352,SUP-247,2754,384,791,0,14
2024-01-02,SKU-10353,SUP-234,2272,248,1184,0,4
2024-01-02,SKU-10354,SUP-203,2993,756,834,0,6
2024-01-02,SKU-10355,SUP-247,2020,522,502,0,8
2024-01-02,SKU-10356,SUP-220,242,239,558,0,9
2024-01-02,SKU-10357,SUP-203,2670,706,1342,0,12
2024-01-02,SKU-10358,SUP-203,2752,613,1758,0,4
2024-01-02,SKU-10359,SUP-237,1166,547,1170,0,14
2024-01-02,SKU-10360,SUP-230,1588,703,1218,0,11
2024-01-02,SKU-10361,SUP-232,1978,400,749,0,12
2024-01-02,SKU-10362,SUP-233,1937,628,1306,0,12
2024-01-02,SKU-10363,SUP-210,2666,740,1070,0,9
2024-01-02,SKU-10364,SUP-203,1298,419,1424,0,12
2024-01-02,SKU-10365,SUP-232,2492,775,1357,0,6
2024-01-02,SKU-10366,SUP-205,537,644,1792,1792,13
2024-01-02,SKU-10367,SUP-211,133,719,1115,1115,13
2024-01-02,SKU-10368,SUP-204,1963,436,1454,0,4
2024-01-02,SKU-10369,SUP-238,1639,499,894,0,3
2024-01-02,SKU-10370,SUP-204,2600,570,1357,0,9
2024-01-02,SKU-10371,SUP-243,711,568,883,0,8
2024-01-02,SKU-10372,SUP-215,2669,328,1489,0,14
2024-01-02,SKU-10373,SUP-225,946,785,1498,0,7
2024-01-02,SKU-10374,SUP-207,968,679,1386,0,8
2024-01-02,SKU-10375,SUP-236,2083,539,703,0,3
2024-01-02,SKU-10376,SUP-215,497,774,1033,1033,8
2024-01-02,SKU-10377,SUP-237,415,790,1327,1327,10
2024-01-02,SKU-10378,SUP-238,1858,416,555,0,13
2024-01-02,SKU-10379,SUP-202,459,276,729,0,4
2024-01-02,SKU-10380,SUP-239,2426,749,1187,0,13
2024-01-02,SKU-10381,SUP-205,1781,290,979,0,12
2024-01-02,SKU-10382,SUP-226,1508,550,1923,0,3
2024-01-02,SKU-10383,SUP-242,2990,700,1302,0,8
2024-01-02,SKU-10384,SUP-237,150,632,1491,1491,6
2024-01-02,SKU-10385,SUP-236,2011,714,1731,0,7
2024-01-02,SKU-10386,SUP-233,2268,736,567,0,5
2024-01-02,SKU-10387,SUP-220,2840,772,1438,0,11
2024-01-02,SKU-10388,SUP-216,1388,410,1354,0,10
2024-01-02,SKU-10389,SUP-213,655,739,1714,1714,13
2024-01-02,SKU-10390,SUP-242,973,761,1636,0,12
2024-01-02,SKU-10391,SUP-245,2088,487,688,0,4
2024-01-02,SKU-10392,SUP-220,1617,670,1598,0,7
2024-01-02,SKU-10393,SUP-215,931,542,1948,0,13
2024-01-02,SKU-10394,SUP-216,1044,263,1338,0,6
2024-01-02,SKU-10395,SUP-225,2304,605,1442,0,3
2024-01-02,SKU-10396,SUP-208,77,574,1582,1582,13
2024-01-02,SKU-10397,SUP-242,295,495,1641,1641,6
2024-01-02,SKU-10398,SUP-241,2249,355,1707,0,12
2024-01-02,SKU-10399,SUP-219,1235,637,1375,0,10
2024-01-02,SKU-10400,SUP-229,2883,228,795,0,12
2024-01-02,SKU-10401,SUP-220,922,539,1127,0,9
2024-01-02,SKU-10402,SUP-248,1238,718,1475,0,13
2024-01-02,SKU-10403,SUP-204,1310,455,1596,0,5
2024-01-02,SKU-10404,SUP-200,241,433,964,964,9
2024-01-02,SKU-10405,SUP-229,3053,406,1106,0,7
2024-01-02,SKU-10406,SUP-239,2567,579,1832,0,9
2024-01-02,SKU-10407,SUP-236,1052,263,1309,0,5
2024-01-02,SKU-10408,SUP-206,592,297,1594,0,14
2024-01-02,SKU-10409,SUP-204,2764,475,549,0,8
2024-01-02,SKU-10410,SUP-234,2823,763,1282,0,7
2024-01-02,SKU-10411,SUP-213,2162,783,1819,0,14
2024-01-02,SKU-10412,SUP-232,2163,309,691,0,10
2024-01-02,SKU-10413,SUP-216,1153,767,1583,0,12
2024-01-02,SKU-10414,SUP-208,105,248,1943,1943,6
2024-01-02,SKU-10415,SUP-222,2287,285,1746,0,4
2024-01-02,SKU-10416,SUP-204,2016,575,1994,0,8
2024-01-02,SKU-10417,SUP-215,6,210,1825,1825,7
2024-01-02,SKU-10418,SUP-223,2397,623,1651,0,10
2024-01-02,SKU-10419,SUP-218,2010,645,1866,0,3
2024-01-02,SKU-10420,SUP-210,2911,638,605,0,7
2024-01-02,SKU-10421,SUP-228,2390,288,1187,0,4
2024-01-02,SKU-10422,SUP-234,991,470,1330,0,9
2024-01-02,SKU-10423,SUP-245,781,231,892,0,10
2024-01-02,SKU-10424,SUP-219,2809,400,946,0,14
2024-01-02,SKU-10425,SUP-239,1298,426,547,0,4
2024-01-02,SKU-10426,SUP-241,1565,386,844,0,10
2024-01-02,SKU-10427,SUP-233,1981,428,1913,0,5
2024-01-02,SKU-10428,SUP-200,1669,469,809,0,6
2024-01-02,SKU-10429,SUP-242,2166,271,1344,0,13
2024-01-02,SKU-10430,SUP-235,2591,419,552,0,5
2024-01-02,SKU-10431,SUP-219,1719,621,1211,0,9
2024-01-02,SKU-10432,SUP-242,105,384,505,505,5
2024-01-02,SKU-10433,SUP-206,417,376,1326,0,7
2024-01-02,SKU-10434,SUP-208,322,326,786,786,7
2024-01-02,SKU-10435,SUP-216,2912,686,882,0,8
2024-01-02,SKU-10436,SUP-207,2597,756,1138,0,12
2024-01-02,SKU-10437,SUP-206,297,680,1410,1410,3
2024-01-02,SKU-10438,SUP-247,1381,478,827,0,10
2024-01-02,SKU-10439,SUP-235,307,428,655,655,11
2024-01-02,SKU-10440,SUP-209,1859,201,1257,0,4
2024-01-02,SKU-10441,SUP-217,1006,212,1107,0,4
2024-01-02,SKU-10442,SUP-218,1814,537,1280,0,13
2024-01-02,SKU-10443,SUP-238,2070,766,1348,0,10
2024-01-02,SKU-10444,SUP-213,1517,342,1724,0,6
2024-01-02,SKU-10445,SUP-245,2838,678,1064,0,9
2024-01-02,SKU-10446,SUP-221,2548,507,1148,0,8
2024-01-02,SKU-10447,SUP-213,1529,243,1238,0,13
2024-01-02,SKU-10448,SUP-243,1243,339,1760,0,11
2024-01-02,SKU-10449,SUP-240,941,271,1713,0,14
2024-01-02,SKU-10450,SUP-216,1375,431,1565,0,5
2024-01-02,SKU-10451,SUP-232,133,472,915,915,12
2024-01-02,SKU-10452,SUP-231,765,623,1930,0,10
2024-01-02,SKU-10453,SUP-216,410,692,691,691,5
2024-01-02,SKU-10454,SUP-203,827,338,1355,0,3
2024-01-02,SKU-10455,SUP-205,1553,303,1370,0,14
2024-01-02,SKU-10456,SUP-240,2187,205,1670,0,10
2024-01-02,SKU-10457,SUP-227,1142,318,792,0,5
2024-01-02,SKU-10458,SUP-217,2349,257,1792,0,6
2024-01-02,SKU-10459,SUP-202,997,427,1770,0,14
2024-01-02,SKU-10460,SUP-200,1578,385,751,0,5
2024-01-02,SKU-10461,SUP-221,1822,409,1315,0,10
2024-01-02,SKU-10462,SUP-249,2724,691,1422,0,11
2024-01-02,SKU-10463,SUP-208,396,486,971,971,9
2024-01-02,SKU-10464,SUP-240,2859,710,1301,0,5
2024-01-02,SKU-10465,SUP-216,1291,272,1805,0,6
2024-01-02,SKU-10466,SUP-210,245,394,1806,1806,3
2024-01-02,SKU-10467,SUP-247,268,755,1805,1805,4
2024-01-02,SKU-10468,SUP-228,2487,339,1994,0,6
2024-01-02,SKU-10469,SUP-235,71,328,1769,1769,11
2024-01-02,SKU-10470,SUP-245,1617,577,648,0,11
2024-01-02,SKU-10471,SUP-227,857,668,945,0,3
2024-01-02,SKU-10472,SUP-235,968,342,749,0,6
2024-01-02,SKU-10473,SUP-200,1054,224,1288,0,10
2024-01-02,SKU-10474,SUP-207,889,269,1124,0,13
2024-01-02,SKU-10475,SUP-204,1373,729,1160,0,14
2024-01-02,SKU-10476,SUP-244,752,391,1765,0,12
2024-01-02,SKU-10477,SUP-209,388,391,504,504,12
2024-01-02,SKU-10478,SUP-234,1812,748,555,0,13
2024-01-02,SKU-10479,SUP-202,1294,396,1084,0,13
2024-01-02,SKU-10480,SUP-223,2984,648,859,0,14
2024-01-02,SKU-10481,SUP-237,3025,307,1343,0,9
2024-01-02,SKU-10482,SUP-235,1650,644,1392,0,8
2024-01-02,SKU-10483,SUP-209,727,656,1114,0,12
2024-01-02,SKU-10484,SUP-227,2133,763,1356,0,14
2024-01-02,SKU-10485,SUP-208,998,751,610,0,3
2024-01-02,SKU-10486,SUP-202,800,408,521,0,8
2024-01-02,SKU-10487,SUP-219,2832,728,1101,0,3
2024-01-02,SKU-10488,SUP-223,183,695,1089,1089,8
2024-01-02,SKU-10489,SUP-202,151,725,1762,1762,10
2024-01-02,SKU-10490,SUP-222,716,708,768,0,3
2024-01-02,SKU-10491,SUP-213,2578,205,1481,0,12
2024-01-02,SKU-10492,SUP-243,487,204,1485,0,6
2024-01-02,SKU-10493,SUP-215,437,647,1253,1253,4
2024-01-02,SKU-10494,SUP-242,1535,448,1025,0,9
2024-01-02,SKU-10495,SUP-206,2561,598,518,0,13
2024-01-02,SKU-10496,SUP-222,2904,618,621,0,14
2024-01-02,SKU-10497,SUP-249,1991,580,644,0,9
2024-01-02,SKU-10498,SUP-235,2534,264,854,0,6
2024-01-02,SKU-10499,SUP-226,2934,597,1379,0,6
2024-01-03,SKU-10000,SUP-240,825,628,1357,0,14
2024-01-03,SKU-10001,SUP-207,2500,335,1291,0,13
2024-01-03,SKU-10002,SUP-201,2402,782,1375,0,5
2024-01-03,SKU-10003,SUP-247,81,512,1475,1475,5
2024-01-03,SKU-10004,SUP-217,3014,396,1232,0,9
2024-01-03,SKU-10005,SUP-215,2789,370,1905,0,9
2024-01-03,SKU-10006,SUP-214,485,693,1119,1119,6
2024-01-03,SKU-10007,SUP-208,2252,345,1947,0,12
2024-01-03,SKU-10008,SUP-247,738,575,946,0,5
2024-01-03,SKU-10009,SUP-206,864,587,1458,0,6
2024-01-03,SKU-10010,SUP-243,3142,615,1225,0,10
2024-01-03,SKU-10011,SUP-247,2727,733,1716,0,6
2024-01-03,SKU-10012,SUP-234,2326,714,1916,0,14
2024-01-03,SKU-10013,SUP-205,2272,469,724,0,4
2024-01-03,SKU-10014,SUP-237,2325,282,624,0,7
2024-01-03,SKU-10015,SUP-227,1430,480,1423,0,4
2024-01-03,SKU-10016,SUP-202,2645,785,1217,0,12
2024-01-03,SKU-10017,SUP-201,1122,574,1138,0,11
2024-01-03,SKU-10018,SUP-205,1136,554,615,0,4
2024-01-03,SKU-10019,SUP-213,1917,658,904,0,8
2024-01-03,SKU-10020,SUP-214,691,702,1971,1971,4
2024-01-03,SKU-10021,SUP-232,3056,253,1518,0,13
2024-01-03,SKU-10022,SUP-238,913,682,1512,0,13
2024-01-03,SKU-10023,SUP-201,2095,563,990,0,12
2024-01-03,SKU-10024,SUP-235,100,673,1326,1326,13
2024-01-03,SKU-10025,SUP-212,2501,271,1786,0,9
2024-01-03,SKU-10026,SUP-245,585,211,640,0,13
2024-01-03,SKU-10027,SUP-241,51,452,964,964,10
2024-01-03,SKU-10028,SUP-244,2036,289,1219,0,6
2024-01-03,SKU-10029,SUP-234,3008,374,575,0,7
2024-01-03,SKU-10030,SUP-226,1069,270,1703,0,14
2024-01-03,SKU-10031,SUP-214,1556,394,727,0,6
2024-01-03,SKU-10032,SUP-228,481,220,563,0,7
2024-01-03,SKU-10033,SUP-237,2252,484,780,0,8
2024-01-03,SKU-10034,SUP-217,851,423,1283,0,4
2024-01-03,SKU-10035,SUP-200,1008,229,544,0,5
2024-01-03,SKU-10036,SUP-248,564,626,1329,1329,8
2024-01-03,SKU-10037,SUP-210,2413,733,1191,0,6
2024-01-03,SKU-10038,SUP-244,1505,749,1081,0,6
2024-01-03,SKU-10039,SUP-227,2454,640,647,0,11
2024-01-03,SKU-10040,SUP-221,1362,249,1415,0,9
2024-01-03,SKU-10041,SUP-217,2883,477,1488,0,14
2024-01-03,SKU-10042,SUP-209,1964,334,1079,0,5
2024-01-03,SKU-10043,SUP-213,490,362,940,0,7
2024-01-03,SKU-10044,SUP-248,1305,380,787,0,4
2024-01-03,SKU-10045,SUP-221,179,337,629,629,4
2024-01-03,SKU-10046,SUP-206,2598,343,515,0,9
2024-01-03,SKU-10047,SUP-205,250,287,628,628,13
2024-01-03,SKU-10048,SUP-224,956,203,1850,0,12
2024-01-03,SKU-10049,SUP-206,282,424,1871,1871,3
2024-01-03,SKU-10050,SUP-222,586,585,1631,0,5
2024-01-03,SKU-10051,SUP-222,2675,370,1854,0,5
2024-01-03,SKU-10052,SUP-238,82,381,1461,1461,3
2024-01-03,SKU-10053,SUP-216,665,515,1193,0,6
2024-01-03,SKU-10054,SUP-202,1164,643,797,0,10
2024-01-03,SKU-10055,SUP-246,1895,560,1897,0,12
2024-01-03,SKU-10056,SUP-229,2579,384,967,0,4
2024-01-03,SKU-10057,SUP-234,2638,752,835,0,4
2024-01-03,SKU-10058,SUP-207,1603,521,511,0,10
2024-01-03,SKU-10059,SUP-224,632,400,1021,0,11
2024-01-03,SKU-10060,SUP-205,1900,238,559,0,4
2024-01-03,SKU-10061,SUP-235,314,607,1422,1422,4
2024-01-03,SKU-10062,SUP-218,1845,277,1717,0,14
2024-01-03,SKU-10063,SUP-240,2847,324,1370,0,10
2024-01-03,SKU-10064,SUP-239,2863,327,813,0,14
2024-01-03,SKU-10065,SUP-223,1311,619,1545,0,6
2024-01-03,SKU-10066,SUP-236,469,363,647,0,4
2024-01-03,SKU-10067,SUP-212,2482,322,1923,0,13
2024-01-03,SKU-10068,SUP-245,1020,661,1209,0,14
2024-01-03,SKU-10069,SUP-204,987,798,1665,0,9
2024-01-03,SKU-10070,SUP-202,2024,755,1924,0,11
2024-01-03,SKU-10071,SUP-242,1473,308,871,0,9
2024-01-03,SKU-10072,SUP-214,629,405,1346,0,13
2024-01-03,SKU-10073,SUP-249,987,554,1284,0,14
2024-01-03,SKU-10074,SUP-218,74,389,1299,1299,10
2024-01-03,SKU-10075,SUP-205,2510,400,825,0,11
2024-01-03,SKU-10076,SUP-214,2143,707,1230,0,11
2024-01-03,SKU-10077,SUP-206,2226,786,1065,0,10
2024-01-03,SKU-10078,SUP-224,2320,731,692,0,12
2024-01-03,SKU-10079,SUP-217,152,525,507,507,5
2024-01-03,SKU-10080,SUP-229,2310,403,711,0,6
2024-01-03,SKU-10081,SUP-240,1906,442,1625,0,13
2024-01-03,SKU-10082,SUP-223,2922,675,551,0,7
2024-01-03,SKU-10083,SUP-210,1191,225,798,0,14
2024-01-03,SKU-10084,SUP-223,222,639,710,710,9
2024-01-03,SKU-10085,SUP-222,2729,406,938,0,13
2024-01-03,SKU-10086,SUP-213,2946,610,1305,0,4
2024-01-03,SKU-10087,SUP-242,532,647,1401,1401,6
2024-01-03,SKU-10088,SUP-217,774,419,1755,0,10
2024-01-03,SKU-10089,SUP-244,1607,575,762,0,13
2024-01-03,SKU-10090,SUP-243,2599,523,1151,0,13
2024-01-03,SKU-10091,SUP-241,1811,799,1219,0,11
2024-01-03,SKU-10092,SUP-204,1385,580,617,0,8
2024-01-03,SKU-10093,SUP-238,2284,459,1598,0,3
2024-01-03,SKU-10094,SUP-240,2175,722,1871,0,8
2024-01-03,SKU-10095,SUP-210,2230,697,1246,0,11
2024-01-03,SKU-10096,SUP-234,615,740,1990,1990,3
2024-01-03,SKU-10097,SUP-246,3033,746,1297,0,14
2024-01-03,SKU-10098,SUP-215,294,278,1121,0,10
2024-01-03,SKU-10099,SUP-210,1003,706,1704,0,8
2024-01-03,SKU-10100,SUP-229,292,286,716,0,12
2024-01-03,SKU-10101,SUP-224,2018,640,890,0,4
2024-01-03,SKU-10102,SUP-217,835,712,1448,0,14
2024-01-03,SKU-10103,SUP-240,1083,626,1001,0,12
2024-01-03,SKU-10104,SUP-244,1463,270,977,0,4
2024-01-03,SKU-10105,SUP-235,548,719,1419,1419,5
2024-01-03,SKU-10106,SUP-214,2466,482,876,0,4
2024-01-03,SKU-10107,SUP-243,1337,554,1058,0,13
2024-01-03,SKU-10108,SUP-220,2538,750,803,0,12
2024-01-03,SKU-10109,SUP-249,2833,402,1589,0,14
2024-01-03,SKU-10110,SUP-249,2528,729,1613,0,7
2024-01-03,SKU-10111,SUP-203,367,582,941,941,12
2024-01-03,SKU-10112,SUP-214,2826,589,1081,0,14
2024-01-03,SKU-10113,SUP-202,1860,218,1624,0,4
2024-01-03,SKU-10114,SUP-220,2824,741,532,0,12
2024-01-03,SKU-10115,SUP-225,1627,354,1946,0,11
2024-01-03,SKU-10116,SUP-217,1373,740,1684,0,13
2024-01-03,SKU-10117,SUP-204,1818,470,1269,0,6
2024-01-03,SKU-10118,SUP-213,1589,371,773,0,5
2024-01-03,SKU-10119,SUP-236,1223,577,1079,0,13
2024-01-03,SKU-10120,SUP-245,752,297,1104,0,10
2024-01-03,SKU-10121,SUP-220,2174,333,1949,0,11
2024-01-03,SKU-10122,SUP-213,2729,766,643,0,9
2024-01-03,SKU-10123,SUP-241,1507,632,764,0,12
2024-01-03,SKU-10124,SUP-231,511,252,979,0,13
2024-01-03,SKU-10125,SUP-225,1500,322,1910,0,5
2024-01-03,SKU-10126,SUP-241,833,228,1474,0,5
2024-01-03,SKU-10127,SUP-229,1498,493,1088,0,5
2024-01-03,SKU-10128,SUP-209,1051,321,839,0,6
2024-01-03,SKU-10129,SUP-216,1838,650,1056,0,10
2024-01-03,SKU-10130,SUP-208,1533,533,1856,0,7
2024-01-03,SKU-10131,SUP-215,1109,214,1338,0,8
2024-01-03,SKU-10132,SUP-247,315,607,612,612,7
2024-01-03,SKU-10133,SUP-235,1642,465,1731,0,10
2024-01-03,SKU-10134,SUP-234,410,544,1988,1988,14
2024-01-03,SKU-10135,SUP-216,1785,619,1388,0,9
2024-01-03,SKU-10136,SUP-247,2326,626,1548,0,4
2024-01-03,SKU-10137,SUP-237,1294,514,1967,0,11
2024-01-03,SKU-10138,SUP-227,2413,354,610,0,11
2024-01-03,SKU-10139,SUP-237,2457,448,1493,0,5
2024-01-03,SKU-10140,SUP-225,1053,631,1105,0,7
2024-01-03,SKU-10141,SUP-223,136,566,1349,1349,4
2024-01-03,SKU-10142,SUP-214,2223,569,674,0,14
2024-01-03,SKU-10143,SUP-208,509,310,1962,0,13
2024-01-03,SKU-10144,SUP-232,1309,508,1037,0,8
2024-01-03,SKU-10145,SUP-231,2820,639,1798,0,4
2024-01-03,SKU-10146,SUP-205,2267,488,1414,0,14
2024-01-03,SKU-10147,SUP-248,707,376,1560,0,12
2024-01-03,SKU-10148,SUP-203,1740,326,1691,0,8
2024-01-03,SKU-10149,SUP-207,1498,727,1039,0,5
2024-01-03,SKU-10150,SUP-209,523,435,1962,0,9
2024-01-03,SKU-10151,SUP-240,2421,284,564,0,8
2024-01-03,SKU-10152,SUP-210,687,263,1866,0,13
2024-01-03,SKU-10153,SUP-243,979,357,990,0,4
2024-01-03,SKU-10154,SUP-227,2041,665,1611,0,5
2024-01-03,SKU-10155,SUP-238,1375,249,1955,0,6
2024-01-03,SKU-10156,SUP-204,2514,546,1148,0,7
2024-01-03,SKU-10157,SUP-224,2337,732,1613,0,10
2024-01-03,SKU-10158,SUP-224,2352,788,1700,0,9
2024-01-03,SKU-10159,SUP-238,2269,600,527,0,11
2024-01-03,SKU-10160,SUP-229,2187,257,796,0,8
2024-01-03,SKU-10161,SUP-233,2505,274,1333,0,10
2024-01-03,SKU-10162,SUP-216,800,554,1748,0,10
2024-01-03,SKU-10163,SUP-235,1637,543,1558,0,3
2024-01-03,SKU-10164,SUP-200,2122,690,844,0,4
2024-01-03,SKU-10165,SUP-243,306,727,1705,1705,5
2024-01-03,SKU-10166,SUP-246,3045,241,980,0,4
2024-01-03,SKU-10167,SUP-207,1986,638,1925,0,4
2024-01-03,SKU-10168,SUP-243,339,244,520,0,12
2024-01-03,SKU-10169,SUP-234,2003,247,1050,0,12
2024-01-03,SKU-10170,SUP-248,1168,473,1455,0,10
2024-01-03,SKU-10171,SUP-217,1867,528,978,0,6
2024-01-03,SKU-10172,SUP-249,290,336,653,653,6
2024-01-03,SKU-10173,SUP-241,287,268,746,0,7
2024-01-03,SKU-10174,SUP-221,857,724,1271,0,12
2024-01-03,SKU-10175,SUP-207,1183,207,566,0,11
2024-01-03,SKU-10176,SUP-218,1034,466,984,0,12
2024-01-03,SKU-10177,SUP-227,1242,467,1048,0,12
2024-01-03,SKU-10178,SUP-210,122,398,1653,1653,8
2024-01-03,SKU-10179,SUP-229,682,686,1674,1674,12
2024-01-03,SKU-10180,SUP-200,198,633,1287,1287,14
2024-01-03,SKU-10181,SUP-246,189,212,1370,1370,14
2024-01-03,SKU-10182,SUP-246,1181,781,1197,0,5
2024-01-03,SKU-10183,SUP-216,654,391,824,0,5
2024-01-03,SKU-10184,SUP-232,1901,666,1393,0,10
2024-01-03,SKU-10185,SUP-248,2608,416,1450,0,5
2024-01-03,SKU-10186,SUP-211,2459,666,1369,0,6
2024-01-03,SKU-10187,SUP-232,2727,343,610,0,8
2024-01-03,SKU-10188,SUP-206,271,791,1094,1094,12
2024-01-03,SKU-10189,SUP-240,1471,354,1045,0,6
2024-01-03,SKU-10190,SUP-219,514,484,1649,0,11
2024-01-03,SKU-10191,SUP-240,1574,351,830,0,12
2024-01-03,SKU-10192,SUP-232,1359,274,1689,0,5
2024-01-03,SKU-10193,SUP-238,808,765,1707,0,9
2024-01-03,SKU-10194,SUP-212,905,378,1635,0,8
2024-01-03,SKU-10195,SUP-209,1179,390,1723,0,10
2024-01-03,SKU-10196,SUP-223,815,578,886,0,8
2024-01-03,SKU-10197,SUP-248,2427,718,782,0,3
2024-01-03,SKU-10198,SUP-210,1879,752,1646,0,13
2024-01-03,SKU-10199,SUP-234,1387,774,664,0,11
2024-01-03,SKU-10200,SUP-249,1805,408,1955,0,7
2024-01-03,SKU-10201,SUP-233,1781,571,1969,0,5
2024-01-03,SKU-10202,SUP-200,206,646,1891,1891,3
2024-01-03,SKU-10203,SUP-238,1097,249,1217,0,4
2024-01-03,SKU-10204,SUP-220,1465,781,1550,0,4
2024-01-03,SKU-10205,SUP-231,3127,790,886,0,11
2024-01-03,SKU-10206,SUP-201,1048,455,1745,0,6
2024-01-03,SKU-10207,SUP-207,885,200,1045,0,14
2024-01-03,SKU-10208,SUP-223,2513,548,1621,0,4
2024-01-03,SKU-10209,SUP-219,2775,213,891,0,13
2024-01-03,SKU-10210,SUP-215,2478,408,1880,0,11
2024-01-03,SKU-10211,SUP-203,373,644,1256,1256,8
2024-01-03,SKU-10212,SUP-215,2572,505,1133,0,3
2024-01-03,SKU-10213,SUP-236,1079,641,1002,0,4
2024-01-03,SKU-10214,SUP-205,638,589,1092,0,9
2024-01-03,SKU-10215,SUP-205,2555,647,1318,0,11
2024-01-03,SKU-10216,SUP-246,1641,464,1111,0,8
2024-01-03,SKU-10217,SUP-231,3142,638,656,0,8
2024-01-03,SKU-10218,SUP-204,2435,729,826,0,3
2024-01-03,SKU-10219,SUP-248,953,712,715,0,6
2024-01-03,SKU-10220,SUP-234,2329,482,558,0,3
2024-01-03,SKU-10221,SUP-249,2475,304,1962,0,6
2024-01-03,SKU-10222,SUP-208,2583,798,1373,0,10
2024-01-03,SKU-10223,SUP-208,1134,212,1963,0,4
2024-01-03,SKU-10224,SUP-242,2904,428,670,0,9
2024-01-03,SKU-10225,SUP-230,218,381,998,998,12
2024-01-03,SKU-10226,SUP-235,961,270,747,0,4
2024-01-03,SKU-10227,SUP-210,1838,495,1081,0,8
2024-01-03,SKU-10228,SUP-216,234,693,551,551,4
2024-01-03,SKU-10229,SUP-233,2636,673,1020,0,13
2024-01-03,SKU-10230,SUP-238,1570,497,1958,0,10
2024-01-03,SKU-10231,SUP-227,2886,731,1934,0,8
2024-01-03,SKU-10232,SUP-213,926,440,1892,0,10
2024-01-03,SKU-10233,SUP-234,1513,773,785,0,8
2024-01-03,SKU-10234,SUP-248,459,612,924,924,12
2024-01-03,SKU-10235,SUP-246,2897,357,611,0,4
2024-01-03,SKU-10236,SUP-244,209,493,897,897,9
2024-01-03,SKU-10237,SUP-212,1035,639,1801,0,5
2024-01-03,SKU-10238,SUP-245,2075,681,1637,0,3
2024-01-03,SKU-10239,SUP-219,885,676,1209,0,7
2024-01-03,SKU-10240,SUP-225,2491,418,1288,0,7
2024-01-03,SKU-10241,SUP-242,1627,260,1577,0,10
2024-01-03,SKU-10242,SUP-241,2771,264,1085,0,13
2024-01-03,SKU-10243,SUP-223,531,526,607,0,4
2024-01-03,SKU-10244,SUP-228,3067,215,826,0,5
2024-01-03,SKU-10245,SUP-233,88,633,624,624,3
2024-01-03,SKU-10246,SUP-228,2655,349,1299,0,11
2024-01-03,SKU-10247,SUP-207,175,397,710,710,4
2024-01-03,SKU-10248,SUP-215,1012,296,1802,0,9
2024-01-03,SKU-10249,SUP-214,1489,243,526,0,12
2024-01-03,SKU-10250,SUP-204,571,766,1203,1203,13
2024-01-03,SKU-10251,SUP-221,224,329,1347,1347,9
2024-01-03,SKU-10252,SUP-201,836,533,1677,0,5
2024-01-03,SKU-10253,SUP-237,2295,612,1045,0,3
2024-01-03,SKU-10254,SUP-235,2387,714,1837,0,4
2024-01-03,SKU-10255,SUP-214,2044,200,769,0,6
2024-01-03,SKU-10256,SUP-237,1965,302,1533,0,9
2024-01-03,SKU-10257,SUP-214,211,408,1620,1620,12
2024-01-03,SKU-10258,SUP-200,1339,255,1219,0,11
2024-01-03,SKU-10259,SUP-204,2297,773,1166,0,14
2024-01-03,SKU-10260,SUP-245,1891,693,686,0,4
2024-01-03,SKU-10261,SUP-240,1528,491,613,0,9
2024-01-03,SKU-10262,SUP-203,2277,414,943,0,8
2024-01-03,SKU-10263,SUP-214,2680,736,600,0,13
2024-01-03,SKU-10264,SUP-204,52,623,865,865,10
2024-01-03,SKU-10265,SUP-202,688,329,1875,0,11
2024-01-03,SKU-10266,SUP-221,2212,536,1796,0,7
2024-01-03,SKU-10267,SUP-204,3038,293,667,0,12
2024-01-03,SKU-10268,SUP-232,1864,351,1085,0,3
2024-01-03,SKU-10269,SUP-215,2528,695,600,0,4
2024-01-03,SKU-10270,SUP-217,1678,213,1956,0,6
2024-01-03,SKU-10271,SUP-242,1497,758,606,0,14
2024-01-03,SKU-10272,SUP-231,2481,354,1487,0,7
2024-01-03,SKU-10273,SUP-213,2522,737,1228,0,12
2024-01-03,SKU-10274,SUP-234,168,632,837,837,7
2024-01-03,SKU-10275,SUP-208,2715,472,1087,0,3
2024-01-03,SKU-10276,SUP-246,3032,248,1066,0,12
2024-01-03,SKU-10277,SUP-236,1415,245,801,0,6
2024-01-03,SKU-10278,SUP-236,477,328,1060,0,11
2024-01-03,SKU-10279,SUP-230,1221,333,647,0,9
2024-01-03,SKU-10280,SUP-215,1500,289,1857,0,9
2024-01-03,SKU-10281,SUP-230,548,500,1223,0,5
2024-01-03,SKU-10282,SUP-226,1584,658,897,0,14
2024-01-03,SKU-10283,SUP-212,1645,755,1280,0,10
2024-01-03,SKU-10284,SUP-206,2902,777,1245,0,11
2024-01-03,SKU-10285,SUP-206,2292,404,1290,0,3
2024-01-03,SKU-10286,SUP-242,2478,329,1095,0,6
2024-01-03,SKU-10287,SUP-227,1886,382,1791,0,10
2024-01-03,SKU-10288,SUP-222,1632,277,1283,0,5
2024-01-03,SKU-10289,SUP-227,2952,708,737,0,8
2024-01-03,SKU-10290,SUP-226,2124,477,1541,0,14
2024-01-03,SKU-10291,SUP-229,165,445,1896,1896,5
2024-01-03,SKU-10292,SUP-246,1215,218,583,0,13
2024-01-03,SKU-10293,SUP-203,2773,556,1315,0,9
2024-01-03,SKU-10294,SUP-243,499,722,642,642,5
2024-01-03,SKU-10295,SUP-241,430,734,1816,1816,11
2024-01-03,SKU-10296,SUP-241,1506,728,1677,0,7
2024-01-03,SKU-10297,SUP-206,3052,466,921,0,10
2024-01-03,SKU-10298,SUP-203,1720,746,1130,0,9
2024-01-03,SKU-10299,SUP-225,1192,563,618,0,4
2024-01-03,SKU-10300,SUP-246,2712,715,1437,0,4
2024-01-03,SKU-10301,SUP-221,2306,413,1644,0,6
2024-01-03,SKU-10302,SUP-206,3165,211,1604,0,12
2024-01-03,SKU-10303,SUP-215,1013,591,1136,0,5
2024-01-03,SKU-10304,SUP-212,2900,201,1019,0,12
2024-01-03,SKU-10305,SUP-212,1757,508,1239,0,12
2024-01-03,SKU-10306,SUP-234,484,207,1303,0,12
2024-01-03,SKU-10307,SUP-228,572,637,1480,1480,8
2024-01-03,SKU-10308,SUP-208,2479,677,1178,0,6
2024-01-03,SKU-10309,SUP-227,2421,334,1404,0,3
2024-01-03,SKU-10310,SUP-211,495,445,585,0,14
2024-01-03,SKU-10311,SUP-217,1965,645,877,0,8
2024-01-03,SKU-10312,SUP-229,1836,441,1817,0,10
2024-01-03,SKU-10313,SUP-215,1777,319,1211,0,7
2024-01-03,SKU-10314,SUP-204,1381,256,1905,0,9
2024-01-03,SKU-10315,SUP-228,2202,642,1541,0,10
2024-01-03,SKU-10316,SUP-235,3001,551,1821,0,13
2024-01-03,SKU-10317,SUP-206,1701,379,1043,0,12
2024-01-03,SKU-10318,SUP-203,48,256,679,679,10
2024-01-03,SKU-10319,SUP-241,2052,676,1075,0,9
2024-01-03,SKU-10320,SUP-234,1401,412,757,0,4
2024-01-03,SKU-10321,SUP-200,2926,634,1381,0,8
2024-01-03,SKU-10322,SUP-205,414,287,1083,0,14
2024-01-03,SKU-10323,SUP-248,287,542,935,935,3
2024-01-03,SKU-10324,SUP-215,231,241,1414,1414,4
2024-01-03,SKU-10325,SUP-210,791,474,1453,0,9
2024-01-03,SKU-10326,SUP-226,1400,339,1291,0,4
2024-01-03,SKU-10327,SUP-231,1926,729,556,0,7
2024-01-03,SKU-10328,SUP-230,1615,538,1782,0,12
2024-01-03,SKU-10329,SUP-213,2811,449,1778,0,14
2024-01-03,SKU-10330,SUP-225,1220,788,984,0,8
2024-01-03,SKU-10331,SUP-203,1335,481,1485,0,10
2024-01-03,SKU-10332,SUP-210,1388,350,1435,0,14
2024-01-03,SKU-10333,SUP-224,415,596,1982,1982,12
2024-01-03,SKU-10334,SUP-200,3068,377,1154,0,12
2024-01-03,SKU-10335,SUP-224,779,239,1423,0,5
2024-01-03,SKU-10336,SUP-216,283,776,1399,1399,13
2024-01-03,SKU-10337,SUP-229,39,695,1760,1760,3
2024-01-03,SKU-10338,SUP-218,206,343,1489,1489,6
2024-01-03,SKU-10339,SUP-227,672,608,799,0,14
2024-01-03,SKU-10340,SUP-244,1727,455,1507,0,3
2024-01-03,SKU-10341,SUP-246,1958,723,1449,0,6
2024-01-03,SKU-10342,SUP-235,343,298,696,0,4
2024-01-03,SKU-10343,SUP-242,954,564,867,0,12
2024-01-03,SKU-10344,SUP-245,2832,241,921,0,6
2024-01-03,SKU-10345,SUP-231,1347,270,1628,0,10
2024-01-03,SKU-10346,SUP-209,863,785,876,0,8
2024-01-03,SKU-10347,SUP-212,2698,420,681,0,5
2024-01-03,SKU-10348,SUP-218,2694,203,1362,0,4
2024-01-03,SKU-10349,SUP-213,963,480,714,0,14
2024-01-03,SKU-10350,SUP-203,1533,720,1072,0,7
2024-01-03,SKU-10351,SUP-237,734,425,604,0,6
2024-01-03,SKU-10352,SUP-247,525,535,1087,1087,6
2024-01-03,SKU-10353,SUP-234,1018,366,1363,0,12
2024-01-03,SKU-10354,SUP-203,2579,369,1613,0,3
2024-01-03,SKU-10355,SUP-247,1624,349,1655,0,3
2024-01-03,SKU-10356,SUP-220,2273,398,714,0,4
2024-01-03,SKU-10357,SUP-203,473,438,1426,0,10
2024-01-03,SKU-10358,SUP-203,2824,579,973,0,11
2024-01-03,SKU-10359,SUP-237,1651,651,1987,0,14
2024-01-03,SKU-10360,SUP-230,736,313,1516,0,4
2024-01-03,SKU-10361,SUP-232,2690,787,1834,0,7
2024-01-03,SKU-10362,SUP-233,1970,243,1938,0,12
2024-01-03,SKU-10363,SUP-210,301,364,1416,1416,3
2024-01-03,SKU-10364,SUP-203,2240,602,913,0,4
2024-01-03,SKU-10365,SUP-232,2435,619,1367,0,6
2024-01-03,SKU-10366,SUP-205,3133,564,1823,0,9
2024-01-03,SKU-10367,SUP-211,2617,779,1045,0,4
2024-01-03,SKU-10368,SUP-204,2569,241,1820,0,9
2024-01-03,SKU-10369,SUP-238,457,593,1881,1881,13
2024-01-03,SKU-10370,SUP-204,1532,604,891,0,3
2024-01-03,SKU-10371,SUP-243,2809,277,584,0,7
2024-01-03,SKU-10372,SUP-215,139,344,568,568,12
2024-01-03,SKU-10373,SUP-225,2959,678,1319,0,10
2024-01-03,SKU-10374,SUP-207,1846,346,1829,0,3
2024-01-03,SKU-10375,SUP-236,1991,645,720,0,13
2024-01-03,SKU-10376,SUP-215,1482,465,594,0,8
2024-01-03,SKU-10377,SUP-237,1937,270,718,0,7
2024-01-03,SKU-10378,SUP-238,67,279,1761,1761,9
2024-01-03,SKU-10379,SUP-202,1047,355,1131,0,7
2024-01-03,SKU-10380,SUP-239,1695,218,1907,0,3
2024-01-03,SKU-10381,SUP-205,1262,625,776,0,5
2024-01-03,SKU-10382,SUP-226,850,522,1676,0,8
2024-01-03,SKU-10383,SUP-242,2228,383,1891,0,9
2024-01-03,SKU-10384,SUP-237,1283,572,1472,0,3
2024-01-03,SKU-10385,SUP-236,2411,708,1845,0,5
2024-01-03,SKU-10386,SUP-233,2368,317,1202,0,12
2024-01-03,SKU-10387,SUP-220,2264,528,1540,0,13
2024-01-03,SKU-10388,SUP-216,308,773,1111,1111,5
2024-01-03,SKU-10389,SUP-213,1682,622,1989,0,7
2024-01-03,SKU-10390,SUP-242,823,750,923,0,6
2024-01-03,SKU-10391,SUP-245,2221,395,806,0,10
2024-01-03,SKU-10392,SUP-220,42,345,1580,1580,5
2024-01-03,SKU-10393,SUP-215,910,543,1802,0,3
2024-01-03,SKU-10394,SUP-216,700,487,751,0,11
2024-01-03,SKU-10395,SUP-225,2540,410,1888,0,14
2024-01-03,SKU-10396,SUP-208,2941,721,1570,0,13
2024-01-03,SKU-10397,SUP-242,1972,302,1391,0,8
2024-01-03,SKU-10398,SUP-241,1231,226,1029,0,13
2024-01-03,SKU-10399,SUP-219,737,627,1321,0,4
2024-01-03,SKU-10400,SUP-229,1051,710,892,0,13
2024-01-03,SKU-10401,SUP-220,3003,793,888,0,14
2024-01-03,SKU-10402,SUP-248,2442,366,1991,0,11
2024-01-03,SKU-10403,SUP-204,2462,603,1392,0,8
2024-01-03,SKU-10404,SUP-200,80,416,500,500,9
2024-01-03,SKU-10405,SUP-229,1835,339,1117,0,7
2024-01-03,SKU-10406,SUP-239,1806,557,879,0,14
2024-01-03,SKU-10407,SUP-236,2905,662,1489,0,14
2024-01-03,SKU-10408,SUP-206,2391,395,826,0,11
2024-01-03,SKU-10409,SUP-204,1578,697,544,0,12
2024-01-03,SKU-10410,SUP-234,497,277,825,0,4
2024-01-03,SKU-10411,SUP-213,1627,413,573,0,5
2024-01-03,SKU-10412,SUP-232,1728,292,1187,0,3
2024-01-03,SKU-10413,SUP-216,1727,575,1527,0,12
2024-01-03,SKU-10414,SUP-208,2900,251,824,0,12
2024-01-03,SKU-10415,SUP-222,839,735,651,0,13
2024-01-03,SKU-10416,SUP-204,1699,523,1516,0,7
2024-01-03,SKU-10417,SUP-215,1312,678,1579,0,14
2024-01-03,SKU-10418,SUP-223,560,660,1847,1847,13
2024-01-03,SKU-10419,SUP-218,2540,619,1764,0,5
2024-01-03,SKU-10420,SUP-210,2090,788,679,0,4
2024-01-03,SKU-10421,SUP-228,878,370,973,0,8
2024-01-03,SKU-10422,SUP-234,1471,638,1334,0,5
2024-01-03,SKU-10423,SUP-245,427,780,583,583,9
2024-01-03,SKU-10424,SUP-219,1160,692,1791,0,10
2024-01-03,SKU-10425,SUP-239,1032,256,539,0,8
2024-01-03,SKU-10426,SUP-241,743,458,1016,0,12
2024-01-03,SKU-10427,SUP-233,527,316,683,0,12
2024-01-03,SKU-10428,SUP-200,1244,742,1760,0,9
2024-01-03,SKU-10429,SUP-242,1187,646,915,0,6
2024-01-03,SKU-10430,SUP-235,2608,750,894,0,8
2024-01-03,SKU-10431,SUP-219,1214,365,1141,0,8
2024-01-03,SKU-10432,SUP-242,2006,534,868,0,10
2024-01-03,SKU-10433,SUP-206,96,488,1762,1762,7
2024-01-03,SKU-10434,SUP-208,2997,572,978,0,12
2024-01-03,SKU-10435,SUP-216,1694,499,581,0,9
2024-01-03,SKU-10436,SUP-207,2502,557,662,0,4
2024-01-03,SKU-10437,SUP-206,2732,663,1898,0,14
2024-01-03,SKU-10438,SUP-247,2426,388,1837,0,13
2024-01-03,SKU-10439,SUP-235,2407,625,1064,0,13
2024-01-03,SKU-10440,SUP-209,2811,423,653,0,5
2024-01-03,SKU-10441,SUP-217,2087,548,681,0,12
2024-01-03,SKU-10442,SUP-218,2430,202,1515,0,6
2024-01-03,SKU-10443,SUP-238,2279,641,1726,0,13
2024-01-03,SKU-10444,SUP-213,2261,301,1569,0,4
2024-01-03,SKU-10445,SUP-245,2809,537,622,0,3
2024-01-03,SKU-10446,SUP-221,473,490,1170,1170,14
2024-01-03,SKU-10447,SUP-213,2804,480,1566,0,8
2024-01-03,SKU-10448,SUP-243,680,409,625,0,14
2024-01-03,SKU-10449,SUP-240,1060,457,1711,0,8
2024-01-03,SKU-10450,SUP-216,287,313,1599,1599,6
2024-01-03,SKU-10451,SUP-232,546,248,1337,0,3
2024-01-03,SKU-10452,SUP-231,375,417,1504,1504,12
2024-01-03,SKU-10453,SUP-216,2524,783,1784,0,13
2024-01-03,SKU-10454,SUP-203,2976,620,758,0,6
2024-01-03,SKU-10455,SUP-205,2233,724,1387,0,9
2024-01-03,SKU-10456,SUP-240,3008,637,654,0,8
2024-01-03,SKU-10457,SUP-227,1869,557,1697,0,11
2024-01-03,SKU-10458,SUP-217,2145,398,1331,0,8
2024-01-03,SKU-10459,SUP-202,2731,647,747,0,6
2024-01-03,SKU-10460,SUP-200,2501,501,530,0,4
2024-01-03,SKU-10461,SUP-221,1359,470,1917,0,8
2024-01-03,SKU-10462,SUP-249,595,606,1948,1948,10
2024-01-03,SKU-10463,SUP-208,897,611,931,0,8
2024-01-03,SKU-10464,SUP-240,251,572,724,724,11
2024-01-03,SKU-10465,SUP-216,1174,415,1487,0,14
2024-01-03,SKU-10466,SUP-210,3040,753,1565,0,6
2024-01-03,SKU-10467,SUP-247,339,736,1596,1596,7
2024-01-03,SKU-10468,SUP-228,1237,625,1447,0,11
2024-01-03,SKU-10469,SUP-235,1801,266,505,0,12
2024-01-03,SKU-10470,SUP-245,632,705,1605,1605,9
2024-01-03,SKU-10471,SUP-227,1152,603,1626,0,10
2024-01-03,SKU-10472,SUP-235,1514,408,1262,0,3
2024-01-03,SKU-10473,SUP-200,2287,677,604,0,5
2024-01-03,SKU-10474,SUP-207,90,530,1739,1739,8
2024-01-03,SKU-10475,SUP-204,1074,648,1035,0,12
2024-01-03,SKU-10476,SUP-244,1730,683,515,0,13
2024-01-03,SKU-10477,SUP-209,2213,314,1822,0,7
2024-01-03,SKU-10478,SUP-234,2563,274,1477,0,4
2024-01-03,SKU-10479,SUP-202,1256,377,1738,0,9
2024-01-03,SKU-10480,SUP-223,2575,458,506,0,3
2024-01-03,SKU-10481,SUP-237,2349,375,1525,0,11
2024-01-03,SKU-10482,SUP-235,2009,475,997,0,7
2024-01-03,SKU-10483,SUP-209,784,227,1856,0,3
2024-01-03,SKU-10484,SUP-227,2303,311,1833,0,6
2024-01-03,SKU-10485,SUP-208,2191,794,1848,0,5
2024-01-03,SKU-10486,SUP-202,646,571,856,0,7
2024-01-03,SKU-10487,SUP-219,1498,491,1191,0,7
2024-01-03,SKU-10488,SUP-223,2718,265,1544,0,6
2024-01-03,SKU-10489,SUP-202,2643,758,538,0,8
2024-01-03,SKU-10490,SUP-222,652,535,1711,0,5
2024-01-03,SKU-10491,SUP-213,1216,300,1013,0,6
2024-01-03,SKU-10492,SUP-243,224,298,1370,1370,12
2024-01-03,SKU-10493,SUP-215,2803,496,710,0,13
2024-01-03,SKU-10494,SUP-242,1460,740,1914,0,9
2024-01-03,SKU-10495,SUP-206,1101,588,1860,0,12
2024-01-03,SKU-10496,SUP-222,1268,273,1694,0,3
2024-01-03,SKU-10497,SUP-249,1216,561,1956,0,3
2024-01-03,SKU-10498,SUP-235,194,773,1196,1196,4
2024-01-03,SKU-10499,SUP-226,2636,356,834,0,6
2024-01-04,SKU-10000,SUP-240,2358,469,1125,0,12
2024-01-04,SKU-10001,SUP-207,348,628,1373,1373,4
2024-01-04,SKU-10002,SUP-201,2603,769,611,0,11
2024-01-04,SKU-10003,SUP-247,485,661,1615,1615,6
2024-01-04,SKU-10004,SUP-217,625,297,735,0,7
2024-01-04,SKU-10005,SUP-215,1813,433,1555,0,3
2024-01-04,SKU-10006,SUP-214,704,313,703,0,5
2024-01-04,SKU-10007,SUP-208,588,585,561,0,5
2024-01-04,SKU-10008,SUP-247,502,736,1664,1664,9
2024-01-04,SKU-10009,SUP-206,1495,670,1916,0,4
2024-01-04,SKU-10010,SUP-243,1668,371,1075,0,14
2024-01-04,SKU-10011,SUP-247,20,551,1477,1477,7
2024-01-04,SKU-10012,SUP-234,57,529,1267,1267,10
2024-01-04,SKU-10013,SUP-205,720,361,1496,0,9
2024-01-04,SKU-10014,SUP-237,1944,766,896,0,5
2024-01-04,SKU-10015,SUP-227,2315,325,1931,0,7
2024-01-04,SKU-10016,SUP-202,1395,387,1197,0,3
2024-01-04,SKU-10017,SUP-201,3220,553,1485,0,4
2024-01-04,SKU-10018,SUP-205,653,757,1055,1055,8
2024-01-04,SKU-10019,SUP-213,2192,690,754,0,14
2024-01-04,SKU-10020,SUP-214,685,528,1638,0,6
2024-01-04,SKU-10021,SUP-232,388,527,710,710,9
2024-01-04,SKU-10022,SUP-238,1070,225,526,0,5
2024-01-04,SKU-10023,SUP-201,2170,428,866,0,9
2024-01-04,SKU-10024,SUP-235,601,305,1231,0,7
2024-01-04,SKU-10025,SUP-212,1397,733,1474,0,14
2024-01-04,SKU-10026,SUP-245,2974,217,616,0,12
2024-01-04,SKU-10027,SUP-241,2817,568,1145,0,4
2024-01-04,SKU-10028,SUP-244,736,415,1157,0,13
2024-01-04,SKU-10029,SUP-234,1615,645,1709,0,8
2024-01-04,SKU-10030,SUP-226,2283,737,1622,0,8
2024-01-04,SKU-10031,SUP-214,1734,432,1917,0,7
2024-01-04,SKU-10032,SUP-228,365,278,1575,0,4
2024-01-04,SKU-10033,SUP-237,904,385,1557,0,5
2024-01-04,SKU-10034,SUP-217,781,642,1337,0,9
2024-01-04,SKU-10035,SUP-200,803,409,1114,0,11
2024-01-04,SKU-10036,SUP-248,1496,320,1105,0,6
2024-01-04,SKU-10037,SUP-210,1028,290,528,0,4
2024-01-04,SKU-10038,SUP-244,1718,496,1653,0,7
2024-01-04,SKU-10039,SUP-227,1387,298,1929,0,6
2024-01-04,SKU-10040,SUP-221,193,373,528,528,5
2024-01-04,SKU-10041,SUP-217,2827,550,1053,0,11
2024-01-04,SKU-10042,SUP-209,353,391,563,563,5
2024-01-04,SKU-10043,SUP-213,877,365,1755,0,12
2024-01-04,SKU-10044,SUP-248,1736,503,1332,0,7
2024-01-04,SKU-10045,SUP-221,1614,798,1672,0,11
2024-01-04,SKU-10046,SUP-206,985,561,878,0,8
2024-01-04,SKU-10047,SUP-205,608,739,1952,1952,3
2024-01-04,SKU-10048,SUP-224,2921,705,1398,0,14
2024-01-04,SKU-10049,SUP-206,306,414,1681,1681,7
2024-01-04,SKU-10050,SUP-222,445,466,1592,1592,5
2024-01-04,SKU-10051,SUP-222,1507,373,614,0,14
2024-01-04,SKU-10052,SUP-238,122,542,1900,1900,4
2024-01-04,SKU-10053,SUP-216,748,201,1370,0,7
2024-01-04,SKU-10054,SUP-202,1562,219,1778,0,8
2024-01-04,SKU-10055,SUP-246,797,585,1427,0,12
2024-01-04,SKU-10056,SUP-229,530,712,1318,1318,7
2024-01-04,SKU-10057,SUP-234,0,759,1420,1420,11
2024-01-04,SKU-10058,SUP-207,2715,531,760,0,4
2024-01-04,SKU-10059,SUP-224,1315,667,1938,0,7
2024-01-04,SKU-10060,SUP-205,2036,697,1383,0,14
2024-01-04,SKU-10061,SUP-235,3020,750,1441,0,10
2024-01-04,SKU-10062,SUP-218,1016,371,1148,0,10
2024-01-04,SKU-10063,SUP-240,1639,788,1199,0,13
2024-01-04,SKU-10064,SUP-239,1191,524,713,0,11
2024-01-04,SKU-10065,SUP-223,1122,345,1015,0,12
2024-01-04,SKU-10066,SUP-236,535,510,1027,0,5
2024-01-04,SKU-10067,SUP-212,1192,278,932,0,3
2024-01-04,SKU-10068,SUP-245,1368,600,1802,0,11
2024-01-04,SKU-10069,SUP-204,2454,357,1882,0,10
2024-01-04,SKU-10070,SUP-202,2956,687,1596,0,3
2024-01-04,SKU-10071,SUP-242,2221,730,1230,0,8
2024-01-04,SKU-10072,SUP-214,1069,745,1095,0,11
2024-01-04,SKU-10073,SUP-249,934,722,1358,0,12
2024-01-04,SKU-10074,SUP-218,460,791,1530,1530,5
2024-01-04,SKU-10075,SUP-205,1199,623,1023,0,5
2024-01-04,SKU-10076,SUP-214,2349,487,1308,0,8
2024-01-04,SKU-10077,SUP-206,1465,636,1328,0,8
2024-01-04,SKU-10078,SUP-224,280,766,1268,1268,7
2024-01-04,SKU-10079,SUP-217,1393,425,1442,0,12
2024-01-04,SKU-10080,SUP-229,1308,742,1838,0,12
2024-01-04,SKU-10081,SUP-240,2011,431,1943,0,12
2024-01-04,SKU-10082,SUP-223,619,308,1001,0,13
2024-01-04,SKU-10083,SUP-210,2339,537,1560,0,12
2024-01-04,SKU-10084,SUP-223,185,381,585,585,5
2024-01-04,SKU-10085,SUP-222,1061,434,932,0,9
2024-01-04,SKU-10086,SUP-213,2366,602,895,0,13
2024-01-04,SKU-10087,SUP-242,1864,563,1653,0,6
2024-01-04,SKU-10088,SUP-217,264,413,1317,1317,8
2024-01-04,SKU-10089,SUP-244,74,703,622,622,10
2024-01-04,SKU-10090,SUP-243,1535,428,1797,0,9
2024-01-04,SKU-10091,SUP-241,597,682,894,894,14
2024-01-04,SKU-10092,SUP-204,1903,611,574,0,9
2024-01-04,SKU-10093,SUP-238,0,370,1538,1538,5
2024-01-04,SKU-10094,SUP-240,627,348,871,0,14
2024-01-04,SKU-10095,SUP-210,926,459,1345,0,10
2024-01-04,SKU-10096,SUP-234,549,570,1942,1942,7
2024-01-04,SKU-10097,SUP-246,726,442,1252,0,3
2024-01-04,SKU-10098,SUP-215,2857,425,713,0,5
2024-01-04,SKU-10099,SUP-210,433,211,1760,0,4
2024-01-04,SKU-10100,SUP-229,862,679,1146,0,14
2024-01-04,SKU-10101,SUP-224,746,570,1867,0,8
2024-01-04,SKU-10102,SUP-217,3187,428,779,0,8
2024-01-04,SKU-10103,SUP-240,1492,413,1257,0,10
2024-01-04,SKU-10104,SUP-244,433,755,1343,1343,11
2024-01-04,SKU-10105,SUP-235,1495,669,1245,0,5
2024-01-04,SKU-10106,SUP-214,2377,241,878,0,4
2024-01-04,SKU-10107,SUP-243,2830,317,1760,0,7
2024-01-04,SKU-10108,SUP-220,2448,504,1877,0,10
2024-01-04,SKU-10109,SUP-249,2386,640,1816,0,4
2024-01-04,SKU-10110,SUP-249,2952,389,975,0,7
2024-01-04,SKU-10111,SUP-203,3038,689,1887,0,11
2024-01-04,SKU-10112,SUP-214,1162,566,1501,0,12
2024-01-04,SKU-10113,SUP-202,2142,439,879,0,13
2024-01-04,SKU-10114,SUP-220,988,670,1274,0,9
2024-01-04,SKU-10115,SUP-225,1879,489,902,0,12
2024-01-04,SKU-10116,SUP-217,2866,314,709,0,11
2024-01-04,SKU-10117,SUP-204,968,789,1292,0,5
2024-01-04,SKU-10118,SUP-213,2395,535,1597,0,6
2024-01-04,SKU-10119,SUP-236,2034,412,1428,0,12
2024-01-04,SKU-10120,SUP-245,2685,221,604,0,4
2024-01-04,SKU-10121,SUP-220,1722,420,878,0,4
2024-01-04,SKU-10122,SUP-213,769,548,724,0,12
2024-01-04,SKU-10123,SUP-241,807,643,1122,0,8
2024-01-04,SKU-10124,SUP-231,1353,303,1248,0,5
2024-01-04,SKU-10125,SUP-225,2512,434,999,0,3
2024-01-04,SKU-10126,SUP-241,618,768,797,797,4
2024-01-04,SKU-10127,SUP-229,129,286,1942,1942,4
2024-01-04,SKU-10128,SUP-209,1385,795,1804,0,5
2024-01-04,SKU-10129,SUP-216,890,477,1531,0,9
2024-01-04,SKU-10130,SUP-208,308,501,537,537,10
2024-01-04,SKU-10131,SUP-215,3152,745,1602,0,14
2024-01-04,SKU-10132,SUP-247,2185,360,807,0,8
2024-01-04,SKU-10133,SUP-235,3138,643,1636,0,7
2024-01-04,SKU-10134,SUP-234,1901,396,1277,0,8
2024-01-04,SKU-10135,SUP-216,104,264,1799,1799,11
2024-01-04,SKU-10136,SUP-247,2559,591,1468,0,3
2024-01-04,SKU-10137,SUP-237,215,211,1420,0,3
2024-01-04,SKU-10138,SUP-227,282,645,1129,1129,6
2024-01-04,SKU-10139,SUP-237,2345,559,884,0,10
2024-01-04,SKU-10140,SUP-225,96,452,1297,1297,14
2024-01-04,SKU-10141,SUP-223,3146,379,1938,0,8
2024-01-04,SKU-10142,SUP-214,823,279,521,0,13
2024-01-04,SKU-10143,SUP-208,1971,292,691,0,13
2024-01-04,SKU-10144,SUP-232,1194,206,1139,0,13
2024-01-04,SKU-10145,SUP-231,614,773,739,739,12
2024-01-04,SKU-10146,SUP-205,2500,532,938,0,9
2024-01-04,SKU-10147,SUP-248,347,340,914,0,4
2024-01-04,SKU-10148,SUP-203,377,475,1663,1663,7
2024-01-04,SKU-10149,SUP-207,1980,469,1358,0,11
2024-01-04,SKU-10150,SUP-209,1501,230,739,0,12
2024-01-04,SKU-10151,SUP-240,443,588,1167,1167,13
2024-01-04,SKU-10152,SUP-210,2045,298,546,0,9
2024-01-04,SKU-10153,SUP-243,3196,261,1632,0,9
2024-01-04,SKU-10154,SUP-227,628,591,1476,0,6
2024-01-04,SKU-10155,SUP-238,2971,536,1309,0,14
2024-01-04,SKU-10156,SUP-204,1504,606,1885,0,3
2024-01-04,SKU-10157,SUP-224,1729,453,1637,0,6
2024-01-04,SKU-10158,SUP-224,2903,575,665,0,8
2024-01-04,SKU-10159,SUP-238,675,643,1855,0,9
2024-01-04,SKU-10160,SUP-229,1021,784,1187,0,14
2024-01-04,SKU-10161,SUP-233,1798,302,901,0,8
2024-01-04,SKU-10162,SUP-216,2922,362,725,0,8
2024-01-04,SKU-10163,SUP-235,236,409,1915,1915,11
2024-01-04,SKU-10164,SUP-200,2323,285,914,0,13
2024-01-04,SKU-10165,SUP-243,410,700,1103,1103,8
2024-01-04,SKU-10166,SUP-246,2205,513,720,0,8
2024-01-04,SKU-10167,SUP-207,2079,578,1287,0,5
2024-01-04,SKU-10168,SUP-243,1548,492,1189,0,4
2024-01-04,SKU-10169,SUP-234,2088,360,1577,0,14
2024-01-04,SKU-10170,SUP-248,1136,312,1513,0,9
2024-01-04,SKU-10171,SUP-217,3111,317,1200,0,5
2024-01-04,SKU-10172,SUP-249,1566,243,627,0,14
2024-01-04,SKU-10173,SUP-241,255,593,1351,1351,4
2024-01-04,SKU-10174,SUP-221,2285,418,942,0,13
2024-01-04,SKU-10175,SUP-207,2399,466,1369,0,8
2024-01-04,SKU-10176,SUP-218,601,556,1371,0,8
2024-01-04,SKU-10177,SUP-227,2527,522,1093,0,7
2024-01-04,SKU-10178,SUP-210,2826,282,802,0,8
2024-01-04,SKU-10179,SUP-229,919,711,1188,0,3
2024-01-04,SKU-10180,SUP-200,2639,328,548,0,6
2024-01-04,SKU-10181,SUP-246,3171,735,810,0,11
2024-01-04,SKU-10182,SUP-246,2084,433,1732,0,9
2024-01-04,SKU-10183,SUP-216,2468,210,1852,0,14
2024-01-04,SKU-10184,SUP-232,114,794,728,728,9
2024-01-04,SKU-10185,SUP-248,396,552,1919,1919,4
2024-01-04,SKU-10186,SUP-211,1645,327,1408,0,4
2024-01-04,SKU-10187,SUP-232,1600,512,574,0,4
2024-01-04,SKU-10188,SUP-206,2101,228,1205,0,9
2024-01-04,SKU-10189,SUP-240,3145,604,1439,0,14
2024-01-04,SKU-10190,SUP-219,1057,276,728,0,4
2024-01-04,SKU-10191,SUP-240,3066,737,1114,0,5
2024-01-04,SKU-10192,SUP-232,349,558,823,823,12
2024-01-04,SKU-10193,SUP-238,1465,364,1297,0,9
2024-01-04,SKU-10194,SUP-212,1262,392,1126,0,8
2024-01-04,SKU-10195,SUP-209,2914,291,638,0,3
2024-01-04,SKU-10196,SUP-223,2758,539,1575,0,5
2024-01-04,SKU-10197,SUP-248,2823,674,900,0,9
2024-01-04,SKU-10198,SUP-210,709,797,1676,1676,4
2024-01-04,SKU-10199,SUP-234,1686,205,999,0,7
2024-01-04,SKU-10200,SUP-249,767,684,1100,0,12
2024-01-04,SKU-10201,SUP-233,2842,255,727,0,3
2024-01-04,SKU-10202,SUP-200,216,343,1131,1131,6
2024-01-04,SKU-10203,SUP-238,544,543,886,0,11
2024-01-04,SKU-10204,SUP-220,2548,265,1602,0,8
2024-01-04,SKU-10205,SUP-231,1872,312,1614,0,3
2024-01-04,SKU-10206,SUP-201,2132,610,876,0,10
2024-01-04,SKU-10207,SUP-207,807,518,1892,0,5
2024-01-04,SKU-10208,SUP-223,1823,355,976,0,13
2024-01-04,SKU-10209,SUP-219,498,376,1864,0,11
2024-01-04,SKU-10210,SUP-215,2034,401,1853,0,13
2024-01-04,SKU-10211,SUP-203,977,415,1471,0,13
2024-01-04,SKU-10212,SUP-215,87,333,820,820,8
2024-01-04,SKU-10213,SUP-236,553,799,1648,1648,12
2024-01-04,SKU-10214,SUP-205,2297,452,1465,0,8
2024-01-04,SKU-10215,SUP-205,803,392,1839,0,6
2024-01-04,SKU-10216,SUP-246,2256,467,1693,0,4
2024-01-04,SKU-10217,SUP-231,564,491,1664,0,4
2024-01-04,SKU-10218,SUP-204,315,486,1776,1776,11
2024-01-04,SKU-10219,SUP-248,2980,429,770,0,5
2024-01-04,SKU-10220,SUP-234,921,255,1330,0,13
2024-01-04,SKU-10221,SUP-249,1786,337,1945,0,11
2024-01-04,SKU-10222,SUP-208,1766,793,1895,0,11
2024-01-04,SKU-10223,SUP-208,755,283,1493,0,13
2024-01-04,SKU-10224,SUP-242,3169,332,1918,0,3
2024-01-04,SKU-10225,SUP-230,297,666,1736,1736,6
2024-01-04,SKU-10226,SUP-235,527,523,895,0,8
2024-01-04,SKU-10227,SUP-210,1894,581,1364,0,10
2024-01-04,SKU-10228,SUP-216,1481,652,523,0,14
2024-01-04,SKU-10229,SUP-233,2112,660,1731,0,10
2024-01-04,SKU-10230,SUP-238,3045,535,921,0,3
2024-01-04,SKU-10231,SUP-227,2944,740,1688,0,3
2024-01-04,SKU-10232,SUP-213,1802,241,1808,0,13
2024-01-04,SKU-10233,SUP-234,385,386,1409,1409,14
2024-01-04,SKU-10234,SUP-248,2774,615,1299,0,12
2024-01-04,SKU-10235,SUP-246,1651,570,884,0,10
2024-01-04,SKU-10236,SUP-244,2932,329,1348,0,10
2024-01-04,SKU-10237,SUP-212,861,290,1916,0,8
2024-01-04,SKU-10238,SUP-245,868,760,1084,0,6
2024-01-04,SKU-10239,SUP-219,1740,367,1056,0,6
2024-01-04,SKU-10240,SUP-225,986,349,645,0,14
2024-01-04,SKU-10241,SUP-242,1014,366,1145,0,5
2024-01-04,SKU-10242,SUP-241,791,663,952,0,3
2024-01-04,SKU-10243,SUP-223,469,686,1734,1734,8
2024-01-04,SKU-10244,SUP-228,2399,536,691,0,12
2024-01-04,SKU-10245,SUP-233,2516,527,1456,0,3
2024-01-04,SKU-10246,SUP-228,954,281,1886,0,11
2024-01-04,SKU-10247,SUP-207,2433,236,1143,0,11
2024-01-04,SKU-10248,SUP-215,2199,375,1044,0,12
2024-01-04,SKU-10249,SUP-214,1705,746,1516,0,9
2024-01-04,SKU-10250,SUP-204,2710,241,1096,0,11
2024-01-04,SKU-10251,SUP-221,755,640,1417,0,11
2024-01-04,SKU-10252,SUP-201,1243,435,1804,0,13
2024-01-04,SKU-10253,SUP-237,1390,259,1392,0,3
2024-01-04,SKU-10254,SUP-235,295,781,1810,1810,4
2024-01-04,SKU-10255,SUP-214,222,548,1965,1965,6
2024-01-04,SKU-10256,SUP-237,1602,719,1551,0,6
2024-01-04,SKU-10257,SUP-214,537,303,1241,0,12
2024-01-04,SKU-10258,SUP-200,1303,721,1629,0,9
2024-01-04,SKU-10259,SUP-204,2292,476,1588,0,6
2024-01-04,SKU-10260,SUP-245,2488,337,1866,0,11
2024-01-04,SKU-10261,SUP-240,573,309,1044,0,4
2024-01-04,SKU-10262,SUP-203,852,465,1588,0,3
2024-01-04,SKU-10263,SUP-214,1287,739,1234,0,9
2024-01-04,SKU-10264,SUP-204,1656,568,1408,0,13
2024-01-04,SKU-10265,SUP-202,2010,516,622,0,3
2024-01-04,SKU-10266,SUP-221,1754,719,1416,0,13
2024-01-04,SKU-10267,SUP-204,3090,678,1543,0,11
2024-01-04,SKU-10268,SUP-232,2680,586,764,0,8
2024-01-04,SKU-10269,SUP-215,935,785,1361,0,8
2024-01-04,SKU-10270,SUP-217,1917,549,1629,0,14
2024-01-04,SKU-10271,SUP-242,2272,631,1829,0,7
2024-01-04,SKU-10272,SUP-231,2839,757,1848,0,4
2024-01-04,SKU-10273,SUP-213,2381,338,1128,0,13
2024-01-04,SKU-10274,SUP-234,2204,377,1341,0,4
2024-01-04,SKU-10275,SUP-208,1280,314,1258,0,6
2024-01-04,SKU-10276,SUP-246,2761,558,644,0,5
2024-01-04,SKU-10277,SUP-236,2831,676,1937,0,11
2024-01-04,SKU-10278,SUP-236,1175,767,1868,0,5
2024-01-04,SKU-10279,SUP-230,2492,625,1180,0,6
2024-01-04,SKU-10280,SUP-215,2322,724,1228,0,4
2024-01-04,SKU-10281,SUP-230,1922,788,1942,0,11
2024-01-04,SKU-10282,SUP-226,1134,284,915,0,8
2024-01-04,SKU-10283,SUP-212,2813,496,1635,0,4
2024-01-04,SKU-10284,SUP-206,1377,577,1679,0,7
2024-01-04,SKU-10285,SUP-206,2384,638,1655,0,5
2024-01-04,SKU-10286,SUP-242,380,469,895,895,3
2024-01-04,SKU-10287,SUP-227,2777,452,1808,0,4
2024-01-04,SKU-10288,SUP-222,2351,617,1833,0,12
2024-01-04,SKU-10289,SUP-227,175,409,1937,1937,11
2024-01-04,SKU-10290,SUP-226,357,335,722,0,5
2024-01-04,SKU-10291,SUP-229,1394,664,727,0,3
2024-01-04,SKU-10292,SUP-246,1929,338,1799,0,5
2024-01-04,SKU-10293,SUP-203,1169,203,1183,0,10
2024-01-04,SKU-10294,SUP-243,1005,293,1439,0,13
2024-01-04,SKU-10295,SUP-241,2493,707,1335,0,13
2024-01-04,SKU-10296,SUP-241,199,272,1599,1599,11
2024-01-04,SKU-10297,SUP-206,135,609,605,605,9
2024-01-04,SKU-10298,SUP-203,3230,287,1380,0,12
2024-01-04,SKU-10299,SUP-225,2869,581,1481,0,12
2024-01-04,SKU-10300,SUP-246,1878,567,1607,0,3
2024-01-04,SKU-10301,SUP-221,2463,649,1220,0,13
2024-01-04,SKU-10302,SUP-206,2630,467,1095,0,13
2024-01-04,SKU-10303,SUP-215,1146,760,1830,0,8
2024-01-04,SKU-10304,SUP-212,1508,531,1349,0,14
2024-01-04,SKU-10305,SUP-212,1757,662,1722,0,6
2024-01-04,SKU-10306,SUP-234,871,263,1753,0,10
2024-01-04,SKU-10307,SUP-228,2541,356,1234,0,11
2024-01-04,SKU-10308,SUP-208,1751,512,1589,0,8
2024-01-04,SKU-10309,SUP-227,63,757,572,572,4
2024-01-04,SKU-10310,SUP-211,3160,332,1578,0,11
2024-01-04,SKU-10311,SUP-217,1775,445,1699,0,6
2024-01-04,SKU-10312,SUP-229,1948,301,809,0,6
2024-01-04,SKU-10313,SUP-215,1907,537,1078,0,12
2024-01-04,SKU-10314,SUP-204,42,520,1230,1230,11
2024-01-04,SKU-10315,SUP-228,857,332,582,0,11
2024-01-04,SKU-10316,SUP-235,418,470,610,610,7
2024-01-04,SKU-10317,SUP-206,162,528,621,621,11
2024-01-04,SKU-10318,SUP-203,1274,222,778,0,13
2024-01-04,SKU-10319,SUP-241,2848,212,1423,0,13
2024-01-04,SKU-10320,SUP-234,2055,251,1732,0,8
2024-01-04,SKU-10321,SUP-200,1379,592,1152,0,10
2024-01-04,SKU-10322,SUP-205,736,395,916,0,10
2024-01-04,SKU-10323,SUP-248,1921,721,1879,0,6
2024-01-04,SKU-10324,SUP-215,2232,563,901,0,14
2024-01-04,SKU-10325,SUP-210,2263,736,767,0,7
2024-01-04,SKU-10326,SUP-226,2079,519,625,0,4
2024-01-04,SKU-10327,SUP-231,1901,554,1127,0,3
2024-01-04,SKU-10328,SUP-230,1478,642,1336,0,7
2024-01-04,SKU-10329,SUP-213,752,720,1129,0,4
2024-01-04,SKU-10330,SUP-225,2468,585,513,0,3
2024-01-04,SKU-10331,SUP-203,1897,599,1730,0,12
2024-01-04,SKU-10332,SUP-210,1396,420,1675,0,9
2024-01-04,SKU-10333,SUP-224,48,482,573,573,5
2024-01-04,SKU-10334,SUP-200,1946,734,1079,0,7
2024-01-04,SKU-10335,SUP-224,403,520,823,823,3
2024-01-04,SKU-10336,SUP-216,2642,302,1738,0,6
2024-01-04,SKU-10337,SUP-229,874,393,1903,0,5
2024-01-04,SKU-10338,SUP-218,739,210,686,0,8
2024-01-04,SKU-10339,SUP-227,1228,496,910,0,14
2024-01-04,SKU-10340,SUP-244,688,227,1076,0,3
2024-01-04,SKU-10341,SUP-246,1468,428,1488,0,4
2024-01-04,SKU-10342,SUP-235,843,303,703,0,7
2024-01-04,SKU-10343,SUP-242,1047,253,1799,0,9
2024-01-04,SKU-10344,SUP-245,204,721,752,752,9
2024-01-04,SKU-10345,SUP-231,3038,266,798,0,7
2024-01-04,SKU-10346,SUP-209,2019,255,831,0,6
2024-01-04,SKU-10347,SUP-212,1907,580,591,0,9
2024-01-04,SKU-10348,SUP-218,480,516,1691,1691,14
2024-01-04,SKU-10349,SUP-213,2213,477,1508,0,11
2024-01-04,SKU-10350,SUP-203,1099,665,1338,0,4
2024-01-04,SKU-10351,SUP-237,1791,229,858,0,9
2024-01-04,SKU-10352,SUP-247,2381,564,1404,0,12
2024-01-04,SKU-10353,SUP-234,2452,550,679,0,4
2024-01-04,SKU-10354,SUP-203,1626,362,1619,0,8
2024-01-04,SKU-10355,SUP-247,549,552,1299,1299,6
2024-01-04,SKU-10356,SUP-220,1194,681,691,0,5
2024-01-04,SKU-10357,SUP-203,90,589,743,743,11
2024-01-04,SKU-10358,SUP-203,514,737,1733,1733,14
2024-01-04,SKU-10359,SUP-237,1846,508,1359,0,12
2024-01-04,SKU-10360,SUP-230,2146,498,1599,0,5
2024-01-04,SKU-10361,SUP-232,839,410,1803,0,12
2024-01-04,SKU-10362,SUP-233,1272,281,991,0,6
2024-01-04,SKU-10363,SUP-210,2302,779,1567,0,13
2024-01-04,SKU-10364,SUP-203,801,608,1490,0,5
2024-01-04,SKU-10365,SUP-232,3098,632,1209,0,12
2024-01-04,SKU-10366,SUP-205,780,738,1100,0,4
2024-01-04,SKU-10367,SUP-211,1981,388,1763,0,9
2024-01-04,SKU-10368,SUP-204,1956,470,1049,0,4
2024-01-04,SKU-10369,SUP-238,618,533,1692,0,5
2024-01-04,SKU-10370,SUP-204,969,398,710,0,6
2024-01-04,SKU-10371,SUP-243,2033,759,1632,0,10
2024-01-04,SKU-10372,SUP-215,2312,402,824,0,11
2024-01-04,SKU-10373,SUP-225,2540,246,1260,0,13
2024-01-04,SKU-10374,SUP-207,1529,541,1744,0,11
2024-01-04,SKU-10375,SUP-236,1860,703,773,0,13
2024-01-04,SKU-10376,SUP-215,2478,323,1533,0,11
2024-01-04,SKU-10377,SUP-237,2878,641,1740,0,4
2024-01-04,SKU-10378,SUP-238,1745,555,1125,0,10
2024-01-04,SKU-10379,SUP-202,1861,366,1458,0,12
2024-01-04,SKU-10380,SUP-239,1172,715,1680,0,11
2024-01-04,SKU-10381,SUP-205,2014,594,1597,0,13
2024-01-04,SKU-10382,SUP-226,1769,767,1122,0,12
2024-01-04,SKU-10383,SUP-242,341,340,1788,0,13
2024-01-04,SKU-10384,SUP-237,2776,584,1129,0,8
2024-01-04,SKU-10385,SUP-236,268,630,824,824,12
2024-01-04,SKU-10386,SUP-233,948,425,1587,0,9
2024-01-04,SKU-10387,SUP-220,632,259,1920,0,3
2024-01-04,SKU-10388,SUP-216,698,237,524,0,12
2024-01-04,SKU-10389,SUP-213,545,616,856,856,11
2024-01-04,SKU-10390,SUP-242,675,527,932,0,10
2024-01-04,SKU-10391,SUP-245,2964,268,1401,0,11
2024-01-04,SKU-10392,SUP-220,3211,689,1245,0,5
2024-01-04,SKU-10393,SUP-215,2337,612,933,0,4
2024-01-04,SKU-10394,SUP-216,2154,619,1343,0,14
2024-01-04,SKU-10395,SUP-225,444,754,556,556,4
2024-01-04,SKU-10396,SUP-208,1118,245,1693,0,3
2024-01-04,SKU-10397,SUP-242,889,446,1671,0,8
2024-01-04,SKU-10398,SUP-241,842,573,1603,0,4
2024-01-04,SKU-10399,SUP-219,1204,287,1212,0,8
2024-01-04,SKU-10400,SUP-229,1319,675,1038,0,8
2024-01-04,SKU-10401,SUP-220,2363,742,1742,0,14
2024-01-04,SKU-10402,SUP-248,3203,359,1500,0,13
2024-01-04,SKU-10403,SUP-204,298,757,1864,1864,12
2024-01-04,SKU-10404,SUP-200,1174,672,611,0,6
2024-01-04,SKU-10405,SUP-229,2003,582,516,0,13
2024-01-04,SKU-10406,SUP-239,2061,754,1379,0,5
2024-01-04,SKU-10407,SUP-236,2055,746,1143,0,7
2024-01-04,SKU-10408,SUP-206,138,280,1184,1184,12
2024-01-04,SKU-10409,SUP-204,2950,769,562,0,10
2024-01-04,SKU-10410,SUP-234,731,626,1944,0,4
2024-01-04,SKU-10411,SUP-213,3004,660,958,0,13
2024-01-04,SKU-10412,SUP-232,1117,563,571,0,13
2024-01-04,SKU-10413,SUP-216,2986,536,1995,0,5
2024-01-04,SKU-10414,SUP-208,1189,206,1404,0,5
2024-01-04,SKU-10415,SUP-222,2269,772,1098,0,4
2024-01-04,SKU-10416,SUP-204,2578,661,1603,0,13
2024-01-04,SKU-10417,SUP-215,1550,590,1395,0,14
2024-01-04,SKU-10418,SUP-223,2154,663,622,0,12
2024-01-04,SKU-10419,SUP-218,2383,761,1348,0,14
2024-01-04,SKU-10420,SUP-210,70,434,1495,1495,13
2024-01-04,SKU-10421,SUP-228,1398,415,1706,0,11
2024-01-04,SKU-10422,SUP-234,729,510,1056,0,14
2024-01-04,SKU-10423,SUP-245,2604,732,551,0,4
2024-01-04,SKU-10424,SUP-219,1342,499,1171,0,12
2024-01-04,SKU-10425,SUP-239,942,267,527,0,7
2024-01-04,SKU-10426,SUP-241,1273,790,1284,0,14
2024-01-04,SKU-10427,SUP-233,2203,383,1546,0,4
2024-01-04,SKU-10428,SUP-200,2450,700,685,0,13
2024-01-04,SKU-10429,SUP-242,2882,266,966,0,11
2024-01-04,SKU-10430,SUP-235,1578,388,1488,0,12
2024-01-04,SKU-10431,SUP-219,2029,440,916,0,8
2024-01-04,SKU-10432,SUP-242,2405,670,1352,0,11
2024-01-04,SKU-10433,SUP-206,3049,428,1694,0,7
2024-01-04,SKU-10434,SUP-208,22,426,793,793,10
2024-01-04,SKU-10435,SUP-216,2289,650,1972,0,6
2024-01-04,SKU-10436,SUP-207,3131,341,543,0,3
2024-01-04,SKU-10437,SUP-206,324,254,1830,0,8
2024-01-04,SKU-10438,SUP-247,1656,524,579,0,11
2024-01-04,SKU-10439,SUP-235,2858,763,971,0,12
2024-01-04,SKU-10440,SUP-209,1750,586,1063,0,4
2024-01-04,SKU-10441,SUP-217,524,447,1643,0,5
2024-01-04,SKU-10442,SUP-218,2900,669,992,0,9
2024-01-04,SKU-10443,SUP-238,2561,511,808,0,9
2024-01-04,SKU-10444,SUP-213,1220,655,1986,0,6
2024-01-04,SKU-10445,SUP-245,123,396,1133,1133,12
2024-01-04,SKU-10446,SUP-221,3150,765,1011,0,12
2024-01-04,SKU-10447,SUP-213,1365,399,1027,0,7
2024-01-04,SKU-10448,SUP-243,1845,417,1610,0,4
2024-01-04,SKU-10449,SUP-240,933,211,1332,0,12
2024-01-04,SKU-10450,SUP-216,3134,314,1741,0,11
2024-01-04,SKU-10451,SUP-232,2444,671,1345,0,5
2024-01-04,SKU-10452,SUP-231,1339,220,1314,0,8
2024-01-04,SKU-10453,SUP-216,2481,366,883,0,6
2024-01-04,SKU-10454,SUP-203,1258,720,972,0,3
2024-01-04,SKU-10455,SUP-205,1485,219,989,0,8
2024-01-04,SKU-10456,SUP-240,2799,288,985,0,6
2024-01-04,SKU-10457,SUP-227,2643,586,586,0,5
2024-01-04,SKU-10458,SUP-217,2145,620,992,0,11
2024-01-04,SKU-10459,SUP-202,1183,671,1633,0,5
2024-01-04,SKU-10460,SUP-200,1191,230,880,0,14
2024-01-04,SKU-10461,SUP-221,2648,743,665,0,14
2024-01-04,SKU-10462,SUP-249,2699,383,1044,0,12
2024-01-04,SKU-10463,SUP-208,2490,779,974,0,14
2024-01-04,SKU-10464,SUP-240,2961,258,1959,0,3
2024-01-04,SKU-10465,SUP-216,2868,477,1788,0,11
2024-01-04,SKU-10466,SUP-210,573,472,1439,0,11
2024-01-04,SKU-10467,SUP-247,1105,322,1556,0,3
2024-01-04,SKU-10468,SUP-228,317,716,942,942,4
2024-01-04,SKU-10469,SUP-235,772,538,1961,0,10
2024-01-04,SKU-10470,SUP-245,498,705,1848,1848,9
2024-01-04,SKU-10471,SUP-227,762,294,1122,0,4
2024-01-04,SKU-10472,SUP-235,1062,694,1561,0,11
2024-01-04,SKU-10473,SUP-200,855,567,844,0,8
2024-01-04,SKU-10474,SUP-207,3213,343,1087,0,3
2024-01-04,SKU-10475,SUP-204,2074,468,1195,0,7
2024-01-04,SKU-10476,SUP-244,390,232,876,0,8
2024-01-04,SKU-10477,SUP-209,1700,688,1221,0,4
2024-01-04,SKU-10478,SUP-234,2295,372,1540,0,10
2024-01-04,SKU-10479,SUP-202,2545,266,1720,0,5
2024-01-04,SKU-10480,SUP-223,1100,436,1456,0,9
2024-01-04,SKU-10481,SUP-237,1703,672,1052,0,4
2024-01-04,SKU-10482,SUP-235,733,428,816,0,8
2024-01-04,SKU-10483,SUP-209,823,760,1724,0,6
2024-01-04,SKU-10484,SUP-227,2506,377,1256,0,13
2024-01-04,SKU-10485,SUP-208,2641,258,1988,0,14
2024-01-04,SKU-10486,SUP-202,2511,294,1648,0,11
2024-01-04,SKU-10487,SUP-219,2191,670,1227,0,7
2024-01-04,SKU-10488,SUP-223,2338,741,1785,0,11
2024-01-04,SKU-10489,SUP-202,2158,465,1411,0,7
2024-01-04,SKU-10490,SUP-222,1371,276,1811,0,10
2024-01-04,SKU-10491,SUP-213,447,619,653,653,12
2024-01-04,SKU-10492,SUP-243,457,356,1784,0,3
2024-01-04,SKU-10493,SUP-215,1045,778,1978,0,6
2024-01-04,SKU-10494,SUP-242,2507,431,694,0,9
2024-01-04,SKU-10495,SUP-206,955,626,996,0,14
2024-01-04,SKU-10496,SUP-222,592,648,1936,1936,12
2024-01-04,SKU-10497,SUP-249,1902,346,758,0,6
2024-01-04,SKU-10498,SUP-235,141,564,589,589,6
2024-01-04,SKU-10499,SUP-226,542,276,1172,0,7
2024-01-05,SKU-10000,SUP-240,2870,798,1281,0,10
2024-01-05,SKU-10001,SUP-207,2307,765,1399,0,5
2024-01-05,SKU-10002,SUP-201,3076,252,1600,0,9
2024-01-05,SKU-10003,SUP-247,1561,364,1802,0,13
2024-01-05,SKU-10004,SUP-217,1222,505,1647,0,5
2024-01-05,SKU-10005,SUP-215,1501,221,1488,0,4
2024-01-05,SKU-10006,SUP-214,2985,247,1194,0,13
2024-01-05,SKU-10007,SUP-208,3106,387,1275,0,8
2024-01-05,SKU-10008,SUP-247,2117,655,1660,0,12
2024-01-05,SKU-10009,SUP-206,2686,668,1101,0,13
2024-01-05,SKU-10010,SUP-243,2828,271,523,0,14
2024-01-05,SKU-10011,SUP-247,1195,378,1299,0,4
2024-01-05,SKU-10012,SUP-234,2280,691,1712,0,4
2024-01-05,SKU-10013,SUP-205,936,363,1778,0,14
2024-01-05,SKU-10014,SUP-237,1660,373,969,0,11
2024-01-05,SKU-10015,SUP-227,2885,269,1861,0,6
2024-01-05,SKU-10016,SUP-202,752,655,1792,0,9
2024-01-05,SKU-10017,SUP-201,956,728,933,0,8
2024-01-05,SKU-10018,SUP-205,2951,502,586,0,8
2024-01-05,SKU-10019,SUP-213,2989,759,1261,0,5
2024-01-05,SKU-10020,SUP-214,2827,782,1174,0,12
2024-01-05,SKU-10021,SUP-232,679,427,780,0,14
2024-01-05,SKU-10022,SUP-238,992,718,1734,0,8
2024-01-05,SKU-10023,SUP-201,1677,580,943,0,3
2024-01-05,SKU-10024,SUP-235,391,507,1238,1238,14
2024-01-05,SKU-10025,SUP-212,123,563,1482,1482,3
2024-01-05,SKU-10026,SUP-245,1390,624,1245,0,14
2024-01-05,SKU-10027,SUP-241,2667,547,1297,0,4
2024-01-05,SKU-10028,SUP-244,52,576,1242,1242,3
2024-01-05,SKU-10029,SUP-234,2127,230,1582,0,14
2024-01-05,SKU-10030,SUP-226,1014,644,1758,0,13
2024-01-05,SKU-10031,SUP-214,1449,782,1373,0,8
2024-01-05,SKU-10032,SUP-228,2276,275,1046,0,13
2024-01-05,SKU-10033,SUP-237,414,320,524,0,6
2024-01-05,SKU-10034,SUP-217,1248,701,1689,0,7
2024-01-05,SKU-10035,SUP-200,891,285,819,0,3
2024-01-05,SKU-10036,SUP-248,426,517,1773,1773,5
2024-01-05,SKU-10037,SUP-210,1746,455,806,0,8
2024-01-05,SKU-10038,SUP-244,496,368,1489,0,12
2024-01-05,SKU-10039,SUP-227,229,470,1583,1583,10
2024-01-05,SKU-10040,SUP-221,3052,431,990,0,13
2024-01-05,SKU-10041,SUP-217,2846,791,1245,0,10
2024-01-05,SKU-10042,SUP-209,449,563,701,701,4
2024-01-05,SKU-10043,SUP-213,2499,656,634,0,4
2024-01-05,SKU-10044,SUP-248,1485,690,540,0,10
2024-01-05,SKU-10045,SUP-221,1018,420,1893,0,6
2024-01-05,SKU-10046,SUP-206,2261,365,1549,0,13
2024-01-05,SKU-10047,SUP-205,1768,291,982,0,8
2024-01-05,SKU-10048,SUP-224,2745,345,1378,0,7
2024-01-05,SKU-10049,SUP-206,1029,440,1258,0,5
2024-01-05,SKU-10050,SUP-222,1412,483,1882,0,8
2024-01-05,SKU-10051,SUP-222,2324,362,1501,0,3
2024-01-05,SKU-10052,SUP-238,364,254,1482,0,14
2024-01-05,SKU-10053,SUP-216,3102,799,1932,0,9
2024-01-05,SKU-10054,SUP-202,3035,663,734,0,10
2024-01-05,SKU-10055,SUP-246,2544,200,1060,0,11
2024-01-05,SKU-10056,SUP-229,540,628,734,734,6
2024-01-05,SKU-10057,SUP-234,2159,595,1874,0,8
2024-01-05,SKU-10058,SUP-207,1012,250,580,0,6
2024-01-05,SKU-10059,SUP-224,1199,680,967,0,6
2024-01-05,SKU-10060,SUP-205,3091,790,1401,0,3
2024-01-05,SKU-10061,SUP-235,576,326,704,0,8
2024-01-05,SKU-10062,SUP-218,599,350,739,0,12
2024-01-05,SKU-10063,SUP-240,1073,602,1175,0,5
2024-01-05,SKU-10064,SUP-239,739,749,1142,1142,8
2024-01-05,SKU-10065,SUP-223,293,677,1182,1182,12
2024-01-05,SKU-10066,SUP-236,291,622,1335,1335,14
2024-01-05,SKU-10067,SUP-212,196,709,1169,1169,12
2024-01-05,SKU-10068,SUP-245,1964,314,758,0,13
2024-01-05,SKU-10069,SUP-204,1346,580,1060,0,11
2024-01-05,SKU-10070,SUP-202,2156,561,1088,0,8
2024-01-05,SKU-10071,SUP-242,2455,610,507,0,6
2024-01-05,SKU-10072,SUP-214,323,468,1714,1714,5
2024-01-05,SKU-10073,SUP-249,2464,294,1052,0,8
2024-01-05,SKU-10074,SUP-218,833,713,693,0,4
2024-01-05,SKU-10075,SUP-205,1654,448,997,0,6
2024-01-05,SKU-10076,SUP-214,743,420,772,0,12
2024-01-05,SKU-10077,SUP-206,1509,639,1315,0,6
2024-01-05,SKU-10078,SUP-224,1229,287,1422,0,4
2024-01-05,SKU-10079,SUP-217,591,440,1239,0,5
2024-01-05,SKU-10080,SUP-229,1390,702,1723,0,4
2024-01-05,SKU-10081,SUP-240,2875,691,1544,0,12
2024-01-05,SKU-10082,SUP-223,3182,615,647,0,12
2024-01-05,SKU-10083,SUP-210,2331,507,661,0,7
2024-01-05,SKU-10084,SUP-223,3299,324,1979,0,9
2024-01-05,SKU-10085,SUP-222,3206,665,742,0,12
2024-01-05,SKU-10086,SUP-213,612,693,1398,1398,4
2024-01-05,SKU-10087,SUP-242,1079,211,1786,0,3
2024-01-05,SKU-10088,SUP-217,492,225,1007,0,3
2024-01-05,SKU-10089,SUP-244,124,234,1979,1979,14
2024-01-05,SKU-10090,SUP-243,1733,224,1555,0,14
2024-01-05,SKU-10091,SUP-241,2334,335,1719,0,7
2024-01-05,SKU-10092,SUP-204,159,523,1703,1703,6
2024-01-05,SKU-10093,SUP-238,277,304,1077,1077,13
2024-01-05,SKU-10094,SUP-240,2074,727,644,0,6
2024-01-05,SKU-10095,SUP-210,871,553,1598,0,4
2024-01-05,SKU-10096,SUP-234,1120,777,818,0,9
2024-01-05,SKU-10097,SUP-246,1776,241,1616,0,11
2024-01-05,SKU-10098,SUP-215,2052,464,791,0,11
2024-01-05,SKU-10099,SUP-210,1738,759,596,0,9
2024-01-05,SKU-10100,SUP-229,1289,273,1859,0,6
2024-01-05,SKU-10101,SUP-224,876,407,1744,0,8
2024-01-05,SKU-10102,SUP-217,487,543,1488,1488,5
2024-01-05,SKU-10103,SUP-240,2100,453,1458,0,3
2024-01-05,SKU-10104,SUP-244,947,597,1868,0,10
2024-01-05,SKU-10105,SUP-235,3174,654,1638,0,11
2024-01-05,SKU-10106,SUP-214,1180,444,1317,0,12
2024-01-05,SKU-10107,SUP-243,2954,664,777,0,6
2024-01-05,SKU-10108,SUP-220,57,366,1519,1519,5
2024-01-05,SKU-10109,SUP-249,449,473,1930,1930,7
2024-01-05,SKU-10110,SUP-249,634,238,604,0,6
2024-01-05,SKU-10111,SUP-203,2207,260,1830,0,4
2024-01-05,SKU-10112,SUP-214,541,685,945,945,7
2024-01-05,SKU-10113,SUP-202,1369,332,942,0,6
2024-01-05,SKU-10114,SUP-220,2678,292,1934,0,12
2024-01-05,SKU-10115,SUP-225,1361,772,806,0,12
2024-01-05,SKU-10116,SUP-217,766,312,1400,0,12
2024-01-05,SKU-10117,SUP-204,489,639,1710,1710,11
2024-01-05,SKU-10118,SUP-213,2562,331,1371,0,13
2024-01-05,SKU-10119,SUP-236,1576,233,1081,0,13
2024-01-05,SKU-10120,SUP-245,1648,258,680,0,5
2024-01-05,SKU-10121,SUP-220,1411,496,674,0,9
2024-01-05,SKU-10122,SUP-213,67,602,1841,1841,5
2024-01-05,SKU-10123,SUP-241,2730,779,781,0,10
2024-01-05,SKU-10124,SUP-231,908,207,1062,0,13
2024-01-05,SKU-10125,SUP-225,460,448,734,0,5
2024-01-05,SKU-10126,SUP-241,1240,593,1323,0,14
2024-01-05,SKU-10127,SUP-229,741,728,1776,0,12
2024-01-05,SKU-10128,SUP-209,2383,515,1337,0,3
2024-01-05,SKU-10129,SUP-216,1559,409,1252,0,8
2024-01-05,SKU-10130,SUP-208,2844,679,1401,0,13
2024-01-05,SKU-10131,SUP-215,1834,217,1688,0,12
2024-01-05,SKU-10132,SUP-247,844,565,1971,0,3
2024-01-05,SKU-10133,SUP-235,426,465,1223,1223,9
2024-01-05,SKU-10134,SUP-234,2001,600,1223,0,12
2024-01-05,SKU-10135,SUP-216,1256,467,797,0,12
2024-01-05,SKU-10136,SUP-247,2941,564,1046,0,3
2024-01-05,SKU-10137,SUP-237,907,433,558,0,13
2024-01-05,SKU-10138,SUP-227,2118,589,1703,0,10
2024-01-05,SKU-10139,SUP-237,198,320,1264,1264,7
2024-01-05,SKU-10140,SUP-225,2400,645,887,0,8
2024-01-05,SKU-10141,SUP-223,3205,383,1845,0,8
2024-01-05,SKU-10142,SUP-214,2720,492,792,0,7
2024-01-05,SKU-10143,SUP-208,880,611,1389,0,6
2024-01-05,SKU-10144,SUP-232,1676,623,772,0,10
2024-01-05,SKU-10145,SUP-231,1922,719,1651,0,7
2024-01-05,SKU-10146,SUP-205,2915,358,1151,0,14
2024-01-05,SKU-10147,SUP-248,265,366,959,959,6
2024-01-05,SKU-10148,SUP-203,1443,381,1857,0,13
2024-01-05,SKU-10149,SUP-207,1192,529,1707,0,3
2024-01-05,SKU-10150,SUP-209,3035,464,1542,0,9
2024-01-05,SKU-10151,SUP-240,3015,698,638,0,14
2024-01-05,SKU-10152,SUP-210,916,724,754,0,7
2024-01-05,SKU-10153,SUP-243,1800,291,1592,0,7
2024-01-05,SKU-10154,SUP-227,1971,765,1701,0,11
2024-01-05,SKU-10155,SUP-238,2063,336,689,0,8
2024-01-05,SKU-10156,SUP-204,1876,456,1161,0,8
2024-01-05,SKU-10157,SUP-224,2657,614,1206,0,9
2024-01-05,SKU-10158,SUP-224,3046,793,1152,0,12
2024-01-05,SKU-10159,SUP-238,199,321,1775,1775,9
2024-01-05,SKU-10160,SUP-229,2663,674,1069,0,14
2024-01-05,SKU-10161,SUP-233,657,686,1996,1996,10
2024-01-05,SKU-10162,SUP-216,174,565,1432,1432,7
2024-01-05,SKU-10163,SUP-235,2704,691,539,0,9
2024-01-05,SKU-10164,SUP-200,2322,453,1465,0,7
2024-01-05,SKU-10165,SUP-243,2234,783,1483,0,13
2024-01-05,SKU-10166,SUP-246,2883,540,556,0,12
2024-01-05,SKU-10167,SUP-207,3051,663,746,0,12
2024-01-05,SKU-10168,SUP-243,2791,567,1058,0,8
2024-01-05,SKU-10169,SUP-234,151,617,1320,1320,13
2024-01-05,SKU-10170,SUP-248,308,327,1337,1337,5
2024-01-05,SKU-10171,SUP-217,2626,380,656,0,8
2024-01-05,SKU-10172,SUP-249,654,223,1996,0,6
2024-01-05,SKU-10173,SUP-241,633,620,712,0,6
2024-01-05,SKU-10174,SUP-221,2853,365,1436,0,14
2024-01-05,SKU-10175,SUP-207,3286,634,1744,0,6
2024-01-05,SKU-10176,SUP-218,3201,441,657,0,4
2024-01-05,SKU-10177,SUP-227,585,426,922,0,10
2024-01-05,SKU-10178,SUP-210,2658,788,1568,0,10
2024-01-05,SKU-10179,SUP-229,2733,291,1545,0,14
2024-01-05,SKU-10180,SUP-200,1854,480,1887,0,5
2024-01-05,SKU-10181,SUP-246,2535,479,1542,0,5
2024-01-05,SKU-10182,SUP-246,3120,311,1369,0,10
2024-01-05,SKU-10183,SUP-216,2603,524,1960,0,8
2024-01-05,SKU-10184,SUP-232,1324,756,880,0,12
2024-01-05,SKU-10185,SUP-248,2285,590,1064,0,4
2024-01-05,SKU-10186,SUP-211,2319,584,1719,0,5
2024-01-05,SKU-10187,SUP-232,2693,746,1226,0,13
2024-01-05,SKU-10188,SUP-206,942,507,1775,0,10
2024-01-05,SKU-10189,SUP-240,3159,407,1436,0,5
2024-01-05,SKU-10190,SUP-219,2258,225,1977,0,13
2024-01-05,SKU-10191,SUP-240,1410,204,1088,0,3
2024-01-05,SKU-10192,SUP-232,1472,207,1932,0,10
2024-01-05,SKU-10193,SUP-238,2411,586,1751,0,13
2024-01-05,SKU-10194,SUP-212,272,756,847,847,11
2024-01-05,SKU-10195,SUP-209,2622,341,675,0,3
2024-01-05,SKU-10196,SUP-223,685,334,1355,0,3
2024-01-05,SKU-10197,SUP-248,1628,340,1980,0,10
2024-01-05,SKU-10198,SUP-210,1300,618,587,0,3
2024-01-05,SKU-10199,SUP-234,3132,676,714,0,10
2024-01-05,SKU-10200,SUP-249,1797,444,808,0,9
2024-01-05,SKU-10201,SUP-233,196,314,1913,1913,9
2024-01-05,SKU-10202,SUP-200,1174,217,1283,0,14
2024-01-05,SKU-10203,SUP-238,1661,431,1454,0,12
2024-01-05,SKU-10204,SUP-220,1468,502,1040,0,8
2024-01-05,SKU-10205,SUP-231,3240,720,523,0,6
2024-01-05,SKU-10206,SUP-201,2902,371,1850,0,10
2024-01-05,SKU-10207,SUP-207,529,787,1687,1687,6
2024-01-05,SKU-10208,SUP-223,826,354,756,0,6
2024-01-05,SKU-10209,SUP-219,791,543,1800,0,3
2024-01-05,SKU-10210,SUP-215,2839,506,1618,0,8
2024-01-05,SKU-10211,SUP-203,255,386,1424,1424,3
2024-01-05,SKU-10212,SUP-215,1770,536,840,0,5
2024-01-05,SKU-10213,SUP-236,762,369,1562,0,7
2024-01-05,SKU-10214,SUP-205,1757,256,1800,0,4
2024-01-05,SKU-10215,SUP-205,1349,524,960,0,5
2024-01-05,SKU-10216,SUP-246,988,318,1992,0,7
2024-01-05,SKU-10217,SUP-231,802,689,1531,0,11
2024-01-05,SKU-10218,SUP-204,2357,732,648,0,10
2024-01-05,SKU-10219,SUP-248,1237,624,792,0,11
2024-01-05,SKU-10220,SUP-234,2934,516,897,0,6
2024-01-05,SKU-10221,SUP-249,1803,745,575,0,3
2024-01-05,SKU-10222,SUP-208,2256,287,1246,0,10
2024-01-05,SKU-10223,SUP-208,2969,595,1744,0,14
2024-01-05,SKU-10224,SUP-242,1320,562,881,0,3
2024-01-05,SKU-10225,SUP-230,2694,497,1503,0,12
2024-01-05,SKU-10226,SUP-235,3022,670,592,0,11
2024-01-05,SKU-10227,SUP-210,397,518,680,680,11
2024-01-05,SKU-10228,SUP-216,712,459,696,0,7
2024-01-05,SKU-10229,SUP-233,2610,752,1489,0,6
2024-01-05,SKU-10230,SUP-238,1537,441,648,0,8
2024-01-05,SKU-10231,SUP-227,3172,652,1916,0,6
2024-01-05,SKU-10232,SUP-213,826,793,630,0,11
2024-01-05,SKU-10233,SUP-234,3042,262,1834,0,9
2024-01-05,SKU-10234,SUP-248,3199,214,758,0,5
2024-01-05,SKU-10235,SUP-246,1441,459,1568,0,13
2024-01-05,SKU-10236,SUP-244,940,364,1716,0,11
2024-01-05,SKU-10237,SUP-212,1608,586,1938,0,12
2024-01-05,SKU-10238,SUP-245,2111,465,827,0,14
2024-01-05,SKU-10239,SUP-219,1432,598,604,0,10
2024-01-05,SKU-10240,SUP-225,368,246,1098,0,7
2024-01-05,SKU-10241,SUP-242,2190,513,1670,0,10
2024-01-05,SKU-10242,SUP-241,2809,609,526,0,7
2024-01-05,SKU-10243,SUP-223,474,306,719,0,11
2024-01-05,SKU-10244,SUP-228,3154,763,1045,0,11
2024-01-05,SKU-10245,SUP-233,3314,445,610,0,12
2024-01-05,SKU-10246,SUP-228,2744,436,1302,0,13
2024-01-05,SKU-10247,SUP-207,3114,593,974,0,13
2024-01-05,SKU-10248,SUP-215,136,479,1856,1856,7
2024-01-05,SKU-10249,SUP-214,2538,656,1964,0,3
2024-01-05,SKU-10250,SUP-204,92,492,1524,1524,14
2024-01-05,SKU-10251,SUP-221,2544,348,1918,0,14
2024-01-05,SKU-10252,SUP-201,2137,243,1601,0,4
2024-01-05,SKU-10253,SUP-237,2560,452,631,0,6
2024-01-05,SKU-10254,SUP-235,2239,308,1205,0,5
2024-01-05,SKU-10255,SUP-214,2247,386,1448,0,6
2024-01-05,SKU-10256,SUP-237,2668,721,1462,0,8
2024-01-05,SKU-10257,SUP-214,1845,286,1034,0,4
2024-01-05,SKU-10258,SUP-200,2427,225,1789,0,6
2024-01-05,SKU-10259,SUP-204,1536,778,1658,0,9
2024-01-05,SKU-10260,SUP-245,1789,730,1679,0,3
2024-01-05,SKU-10261,SUP-240,3067,219,1792,0,13
2024-01-05,SKU-10262,SUP-203,1071,227,966,0,6
2024-01-05,SKU-10263,SUP-214,2148,750,1301,0,3
2024-01-05,SKU-10264,SUP-204,1979,552,1407,0,4
2024-01-05,SKU-10265,SUP-202,1173,541,1988,0,12
2024-01-05,SKU-10266,SUP-221,2838,547,732,0,12
2024-01-05,SKU-10267,SUP-204,2410,364,1472,0,13
2024-01-05,SKU-10268,SUP-232,814,285,1233,0,13
2024-01-05,SKU-10269,SUP-215,1628,563,559,0,4
2024-01-05,SKU-10270,SUP-217,1485,316,1373,0,5
2024-01-05,SKU-10271,SUP-242,1156,243,1008,0,14
2024-01-05,SKU-10272,SUP-231,1326,491,1348,0,10
2024-01-05,SKU-10273,SUP-213,1002,485,1727,0,14
2024-01-05,SKU-10274,SUP-234,901,387,1406,0,13
2024-01-05,SKU-10275,SUP-208,252,655,947,947,6
2024-01-05,SKU-10276,SUP-246,976,789,1653,0,11
2024-01-05,SKU-10277,SUP-236,2443,212,1224,0,14
2024-01-05,SKU-10278,SUP-236,981,501,1026,0,4
2024-01-05,SKU-10279,SUP-230,1318,704,1831,0,6
2024-01-05,SKU-10280,SUP-215,2265,778,1260,0,5
2024-01-05,SKU-10281,SUP-230,1752,483,974,0,8
2024-01-05,SKU-10282,SUP-226,1700,619,1131,0,11
2024-01-05,SKU-10283,SUP-212,1157,758,721,0,7
2024-01-05,SKU-10284,SUP-206,2489,358,1388,0,6
2024-01-05,SKU-10285,SUP-206,1137,788,1057,0,11
2024-01-05,SKU-10286,SUP-242,2882,765,1865,0,14
2024-01-05,SKU-10287,SUP-227,887,343,1357,0,7
2024-01-05,SKU-10288,SUP-222,745,646,1373,0,6
2024-01-05,SKU-10289,SUP-227,2507,764,1040,0,5
2024-01-05,SKU-10290,SUP-226,882,618,808,0,5
2024-01-05,SKU-10291,SUP-229,1068,727,1796,0,8
2024-01-05,SKU-10292,SUP-246,938,667,1733,0,3
2024-01-05,SKU-10293,SUP-203,2375,420,1222,0,14
2024-01-05,SKU-10294,SUP-243,743,573,1121,0,10
2024-01-05,SKU-10295,SUP-241,2482,213,632,0,11
2024-01-05,SKU-10296,SUP-241,1167,407,1722,0,9
2024-01-05,SKU-10297,SUP-206,1837,371,788,0,3
2024-01-05,SKU-10298,SUP-203,1717,359,739,0,5
2024-01-05,SKU-10299,SUP-225,1704,269,715,0,10
2024-01-05,SKU-10300,SUP-246,1275,529,1347,0,13
2024-01-05,SKU-10301,SUP-221,1531,397,1739,0,3
2024-01-05,SKU-10302,SUP-206,1472,634,831,0,10
2024-01-05,SKU-10303,SUP-215,70,473,1906,1906,9
2024-01-05,SKU-10304,SUP-212,1103,572,744,0,3
2024-01-05,SKU-10305,SUP-212,1886,677,624,0,11
2024-01-05,SKU-10306,SUP-234,3068,601,1030,0,12
2024-01-05,SKU-10307,SUP-228,3165,231,1160,0,12
2024-01-05,SKU-10308,SUP-208,1208,212,1706,0,3
2024-01-05,SKU-10309,SUP-227,2456,591,1642,0,7
2024-01-05,SKU-10310,SUP-211,1755,245,1057,0,13
2024-01-05,SKU-10311,SUP-217,608,202,1551,0,9
2024-01-05,SKU-10312,SUP-229,2202,313,1912,0,9
2024-01-05,SKU-10313,SUP-215,684,438,1757,0,3
2024-01-05,SKU-10314,SUP-204,1844,296,515,0,14
2024-01-05,SKU-10315,SUP-228,2204,589,1119,0,11
2024-01-05,SKU-10316,SUP-235,964,395,917,0,13
2024-01-05,SKU-10317,SUP-206,728,743,730,730,6
2024-01-05,SKU-10318,SUP-203,2883,399,1345,0,3
2024-01-05,SKU-10319,SUP-241,1904,510,1087,0,11
2024-01-05,SKU-10320,SUP-234,1978,795,1957,0,5
2024-01-05,SKU-10321,SUP-200,1759,277,1808,0,10
2024-01-05,SKU-10322,SUP-205,2519,481,1781,0,9
2024-01-05,SKU-10323,SUP-248,1643,333,1245,0,10
2024-01-05,SKU-10324,SUP-215,867,772,979,0,14
2024-01-05,SKU-10325,SUP-210,2329,294,792,0,11
2024-01-05,SKU-10326,SUP-226,1471,690,1664,0,6
2024-01-05,SKU-10327,SUP-231,1234,774,793,0,4
2024-01-05,SKU-10328,SUP-230,1498,719,1045,0,14
2024-01-05,SKU-10329,SUP-213,565,682,929,929,8
2024-01-05,SKU-10330,SUP-225,447,372,1962,0,5
2024-01-05,SKU-10331,SUP-203,1791,550,1005,0,6
2024-01-05,SKU-10332,SUP-210,1156,542,1803,0,4
2024-01-05,SKU-10333,SUP-224,1402,708,1749,0,12
2024-01-05,SKU-10334,SUP-200,641,647,1189,1189,12
2024-01-05,SKU-10335,SUP-224,2952,578,1724,0,13
2024-01-05,SKU-10336,SUP-216,2595,324,612,0,7
2024-01-05,SKU-10337,SUP-229,1998,542,1079,0,3
2024-01-05,SKU-10338,SUP-218,3234,731,1812,0,11
2024-01-05,SKU-10339,SUP-227,2856,451,1600,0,9
2024-01-05,SKU-10340,SUP-244,1586,400,716,0,10
2024-01-05,SKU-10341,SUP-246,1900,211,1391,0,5
2024-01-05,SKU-10342,SUP-235,904,472,1430,0,3
2024-01-05,SKU-10343,SUP-242,814,708,1655,0,9
2024-01-05,SKU-10344,SUP-245,2275,518,1343,0,7
2024-01-05,SKU-10345,SUP-231,2102,367,896,0,6
2024-01-05,SKU-10346,SUP-209,1239,659,560,0,3
2024-01-05,SKU-10347,SUP-212,3177,781,1540,0,3
2024-01-05,SKU-10348,SUP-218,649,514,1592,0,9
2024-01-05,SKU-10349,SUP-213,2482,344,1492,0,3
2024-01-05,SKU-10350,SUP-203,398,549,609,609,5
2024-01-05,SKU-10351,SUP-237,2722,250,1926,0,5
2024-01-05,SKU-10352,SUP-247,1700,267,1095,0,5
2024-01-05,SKU-10353,SUP-234,866,395,1585,0,9
2024-01-05,SKU-10354,SUP-203,202,609,1257,1257,5
2024-01-05,SKU-10355,SUP-247,2064,731,1629,0,4
2024-01-05,SKU-10356,SUP-220,2598,595,1021,0,3
2024-01-05,SKU-10357,SUP-203,2071,473,671,0,11
2024-01-05,SKU-10358,SUP-203,2280,225,1992,0,14
2024-01-05,SKU-10359,SUP-237,2777,233,763,0,12
2024-01-05,SKU-10360,SUP-230,912,765,961,0,10
2024-01-05,SKU-10361,SUP-232,1880,606,1569,0,9
2024-01-05,SKU-10362,SUP-233,1900,252,1483,0,14
2024-01-05,SKU-10363,SUP-210,3052,559,986,0,8
2024-01-05,SKU-10364,SUP-203,787,646,789,0,3
2024-01-05,SKU-10365,SUP-232,1700,570,1163,0,9
2024-01-05,SKU-10366,SUP-205,2717,350,1778,0,3
2024-01-05,SKU-10367,SUP-211,1589,557,1107,0,4
2024-01-05,SKU-10368,SUP-204,847,588,876,0,8
2024-01-05,SKU-10369,SUP-238,505,732,1139,1139,14
2024-01-05,SKU-10370,SUP-204,3121,593,1163,0,10
2024-01-05,SKU-10371,SUP-243,686,256,1774,0,9
2024-01-05,SKU-10372,SUP-215,1301,781,1874,0,5
2024-01-05,SKU-10373,SUP-225,1398,713,1163,0,3
2024-01-05,SKU-10374,SUP-207,2748,525,1080,0,11
2024-01-05,SKU-10375,SUP-236,740,446,933,0,14
2024-01-05,SKU-10376,SUP-215,2982,520,1355,0,14
2024-01-05,SKU-10377,SUP-237,419,766,1826,1826,4
2024-01-05,SKU-10378,SUP-238,273,359,1460,1460,8
2024-01-05,SKU-10379,SUP-202,321,337,1891,1891,13
2024-01-05,SKU-10380,SUP-239,1011,216,567,0,7
2024-01-05,SKU-10381,SUP-205,1987,373,911,0,3
2024-01-05,SKU-10382,SUP-226,1972,484,1550,0,4
2024-01-05,SKU-10383,SUP-242,1597,401,1261,0,12
2024-01-05,SKU-10384,SUP-237,641,732,1675,1675,8
2024-01-05,SKU-10385,SUP-236,1017,645,1372,0,7
2024-01-05,SKU-10386,SUP-233,901,435,661,0,12
2024-01-05,SKU-10387,SUP-220,3191,267,1696,0,14
2024-01-05,SKU-10388,SUP-216,1921,460,716,0,3
2024-01-05,SKU-10389,SUP-213,1355,361,700,0,8
2024-01-05,SKU-10390,SUP-242,2836,405,1563,0,3
2024-01-05,SKU-10391,SUP-245,1940,292,1565,0,3
2024-01-05,SKU-10392,SUP-220,2722,527,564,0,7
2024-01-05,SKU-10393,SUP-215,1661,223,1039,0,13
2024-01-05,SKU-10394,SUP-216,1539,202,1944,0,12
2024-01-05,SKU-10395,SUP-225,1074,631,635,0,5
2024-01-05,SKU-10396,SUP-208,2547,614,1372,0,8
2024-01-05,SKU-10397,SUP-242,816,517,619,0,5
2024-01-05,SKU-10398,SUP-241,623,288,1011,0,6
2024-01-05,SKU-10399,SUP-219,923,483,1900,0,8
2024-01-05,SKU-10400,SUP-229,240,517,935,935,5
2024-01-05,SKU-10401,SUP-220,799,550,642,0,9
2024-01-05,SKU-10402,SUP-248,3194,568,1000,0,4
2024-01-05,SKU-10403,SUP-204,1330,659,1449,0,7
2024-01-05,SKU-10404,SUP-200,560,554,1446,0,13
2024-01-05,SKU-10405,SUP-229,1930,490,1350,0,8
2024-01-05,SKU-10406,SUP-239,2483,627,989,0,5
2024-01-05,SKU-10407,SUP-236,2590,210,1779,0,14
2024-01-05,SKU-10408,SUP-206,882,608,861,0,5
2024-01-05,SKU-10409,SUP-204,89,623,633,633,6
2024-01-05,SKU-10410,SUP-234,949,476,1759,0,4
2024-01-05,SKU-10411,SUP-213,2332,234,1058,0,8
2024-01-05,SKU-10412,SUP-232,2733,309,1048,0,7
2024-01-05,SKU-10413,SUP-216,2059,478,978,0,14
2024-01-05,SKU-10414,SUP-208,2857,314,1613,0,6
2024-01-05,SKU-10415,SUP-222,390,414,1538,1538,13
2024-01-05,SKU-10416,SUP-204,2684,662,619,0,3
2024-01-05,SKU-10417,SUP-215,1385,524,1843,0,12
2024-01-05,SKU-10418,SUP-223,1793,783,568,0,9
2024-01-05,SKU-10419,SUP-218,2817,638,1345,0,7
2024-01-05,SKU-10420,SUP-210,635,331,1771,0,3
2024-01-05,SKU-10421,SUP-228,1882,548,983,0,8
2024-01-05,SKU-10422,SUP-234,441,247,1533,0,11
2024-01-05,SKU-10423,SUP-245,138,243,1067,1067,12
2024-01-05,SKU-10424,SUP-219,3121,596,1697,0,4
2024-01-05,SKU-10425,SUP-239,1695,701,940,0,7
2024-01-05,SKU-10426,SUP-241,401,503,1471,1471,6
2024-01-05,SKU-10427,SUP-233,1110,616,1682,0,7
2024-01-05,SKU-10428,SUP-200,2958,295,1907,0,12
2024-01-05,SKU-10429,SUP-242,2625,477,1028,0,9
2024-01-05,SKU-10430,SUP-235,1880,492,793,0,13
2024-01-05,SKU-10431,SUP-219,2937,379,1419,0,7
2024-01-05,SKU-10432,SUP-242,303,536,1531,1531,13
2024-01-05,SKU-10433,SUP-206,2283,290,771,0,4
2024-01-05,SKU-10434,SUP-208,1176,418,1641,0,3
2024-01-05,SKU-10435,SUP-216,1791,462,1829,0,8
2024-01-05,SKU-10436,SUP-207,223,502,611,611,3
2024-01-05,SKU-10437,SUP-206,2189,384,1400,0,14
2024-01-05,SKU-10438,SUP-247,1201,269,1121,0,13
2024-01-05,SKU-10439,SUP-235,3071,642,1100,0,11
2024-01-05,SKU-10440,SUP-209,537,417,1187,0,13
2024-01-05,SKU-10441,SUP-217,1686,328,556,0,7
2024-01-05,SKU-10442,SUP-218,327,567,1982,1982,12
2024-01-05,SKU-10443,SUP-238,667,766,1780,1780,12
2024-01-05,SKU-10444,SUP-213,1814,224,1305,0,7
2024-01-05,SKU-10445,SUP-245,1975,259,1990,0,4
2024-01-05,SKU-10446,SUP-221,1274,305,595,0,14
2024-01-05,SKU-10447,SUP-213,249,303,1727,1727,10
2024-01-05,SKU-10448,SUP-243,2322,242,1446,0,13
2024-01-05,SKU-10449,SUP-240,843,248,614,0,13
2024-01-05,SKU-10450,SUP-216,1917,270,1511,0,9
2024-01-05,SKU-10451,SUP-232,1563,692,1466,0,7
2024-01-05,SKU-10452,SUP-231,2505,798,1196,0,13
2024-01-05,SKU-10453,SUP-216,2579,448,1137,0,13
2024-01-05,SKU-10454,SUP-203,1056,715,1611,0,9
2024-01-05,SKU-10455,SUP-205,297,280,1426,0,12
2024-01-05,SKU-10456,SUP-240,2837,325,1832,0,9
2024-01-05,SKU-10457,SUP-227,1422,509,1543,0,3
2024-01-05,SKU-10458,SUP-217,1950,759,768,0,5
2024-01-05,SKU-10459,SUP-202,951,557,1312,0,9
2024-01-05,SKU-10460,SUP-200,2212,743,1828,0,11
2024-01-05,SKU-10461,SUP-221,2295,770,1224,0,14
2024-01-05,SKU-10462,SUP-249,2161,588,1221,0,14
2024-01-05,SKU-10463,SUP-208,3132,567,841,0,7
2024-01-05,SKU-10464,SUP-240,325,311,1377,0,8
2024-01-05,SKU-10465,SUP-216,814,478,881,0,6
2024-01-05,SKU-10466,SUP-210,2371,755,659,0,12
2024-01-05,SKU-10467,SUP-247,3236,379,876,0,6
2024-01-05,SKU-10468,SUP-228,3259,290,1643,0,14
2024-01-05,SKU-10469,SUP-235,326,465,1932,1932,7
2024-01-05,SKU-10470,SUP-245,842,488,997,0,12
2024-01-05,SKU-10471,SUP-227,1671,331,1847,0,12
2024-01-05,SKU-10472,SUP-235,1392,229,1126,0,6
2024-01-05,SKU-10473,SUP-200,651,215,1496,0,10
2024-01-05,SKU-10474,SUP-207,2062,588,762,0,5
2024-01-05,SKU-10475,SUP-204,1316,537,1824,0,12
2024-01-05,SKU-10476,SUP-244,1439,528,1686,0,8
2024-01-05,SKU-10477,SUP-209,1649,495,1367,0,6
2024-01-05,SKU-10478,SUP-234,1138,500,505,0,14
2024-01-05,SKU-10479,SUP-202,1208,585,1118,0,9
2024-01-05,SKU-10480,SUP-223,1303,765,1251,0,14
2024-01-05,SKU-10481,SUP-237,2478,493,577,0,4
2024-01-05,SKU-10482,SUP-235,691,276,1571,0,4
2024-01-05,SKU-10483,SUP-209,1979,721,1552,0,4
2024-01-05,SKU-10484,SUP-227,2810,689,1280,0,14
2024-01-05,SKU-10485,SUP-208,627,290,1576,0,12
2024-01-05,SKU-10486,SUP-202,991,403,1055,0,14
2024-01-05,SKU-10487,SUP-219,2304,768,1301,0,9
2024-01-05,SKU-10488,SUP-223,1283,274,1443,0,3
2024-01-05,SKU-10489,SUP-202,444,528,1089,1089,11
2024-01-05,SKU-10490,SUP-222,2327,778,720,0,5
2024-01-05,SKU-10491,SUP-213,1318,419,1777,0,4
2024-01-05,SKU-10492,SUP-243,180,414,1898,1898,8
2024-01-05,SKU-10493,SUP-215,2830,730,1570,0,3
2024-01-05,SKU-10494,SUP-242,1154,581,1589,0,7
2024-01-05,SKU-10495,SUP-206,2130,332,1957,0,7
2024-01-05,SKU-10496,SUP-222,376,411,1508,1508,14
2024-01-05,SKU-10497,SUP-249,3052,673,1300,0,12
2024-01-05,SKU-10498,SUP-235,1685,392,1794,0,4
2024-01-05,SKU-10499,SUP-226,1099,254,564,0,14
2024-01-06,SKU-10000,SUP-240,1486,345,1442,0,3
2024-01-06,SKU-10001,SUP-207,1598,385,1987,0,8
2024-01-06,SKU-10002,SUP-201,3373,370,712,0,4
2024-01-06,SKU-10003,SUP-247,1848,226,1513,0,6
2024-01-06,SKU-10004,SUP-217,3322,308,573,0,4
2024-01-06,SKU-10005,SUP-215,879,567,1285,0,3
2024-01-06,SKU-10006,SUP-214,993,485,877,0,7
2024-01-06,SKU-10007,SUP-208,3270,575,1118,0,14
2024-01-06,SKU-10008,SUP-247,1251,489,1584,0,11
2024-01-06,SKU-10009,SUP-206,1027,762,1063,0,12
2024-01-06,SKU-10010,SUP-243,3227,568,1568,0,10
2024-01-06,SKU-10011,SUP-247,2121,574,1550,0,3
2024-01-06,SKU-10012,SUP-234,978,261,1585,0,8
2024-01-06,SKU-10013,SUP-205,2070,750,1903,0,7
2024-01-06,SKU-10014,SUP-237,3036,320,1024,0,7
2024-01-06,SKU-10015,SUP-227,1117,536,878,0,6
2024-01-06,SKU-10016,SUP-202,284,263,1624,0,4
2024-01-06,SKU-10017,SUP-201,1157,756,957,0,5
2024-01-06,SKU-10018,SUP-205,2972,625,1478,0,10
2024-01-06,SKU-10019,SUP-213,2636,543,1540,0,10
2024-01-06,SKU-10020,SUP-214,2681,393,1672,0,9
2024-01-06,SKU-10021,SUP-232,2264,568,528,0,9
2024-01-06,SKU-10022,SUP-238,305,552,1915,1915,14
2024-01-06,SKU-10023,SUP-201,661,316,779,0,12
2024-01-06,SKU-10024,SUP-235,922,650,1544,0,11
2024-01-06,SKU-10025,SUP-212,3386,706,1756,0,10
2024-01-06,SKU-10026,SUP-245,2363,290,1993,0,5
2024-01-06,SKU-10027,SUP-241,542,532,1006,0,12
2024-01-06,SKU-10028,SUP-244,8,329,1119,1119,13
2024-01-06,SKU-10029,SUP-234,1311,596,836,0,6
2024-01-06,SKU-10030,SUP-226,1129,212,1526,0,12
2024-01-06,SKU-10031,SUP-214,1091,584,740,0,5
2024-01-06,SKU-10032,SUP-228,2421,533,1224,0,12
2024-01-06,SKU-10033,SUP-237,68,651,1246,1246,3
2024-01-06,SKU-10034,SUP-217,970,572,1127,0,6
2024-01-06,SKU-10035,SUP-200,181,663,545,545,14
2024-01-06,SKU-10036,SUP-248,2406,729,1148,0,3
2024-01-06,SKU-10037,SUP-210,735,377,1368,0,8
2024-01-06,SKU-10038,SUP-244,1032,747,826,0,6
2024-01-06,SKU-10039,SUP-227,2051,499,1248,0,12
2024-01-06,SKU-10040,SUP-221,2508,577,1499,0,11
2024-01-06,SKU-10041,SUP-217,1891,343,1583,0,6
2024-01-06,SKU-10042,SUP-209,2100,202,1247,0,7
2024-01-06,SKU-10043,SUP-213,2753,791,714,0,13
2024-01-06,SKU-10044,SUP-248,1764,454,1910,0,10
2024-01-06,SKU-10045,SUP-221,1843,403,1695,0,11
2024-01-06,SKU-10046,SUP-206,1623,381,833,0,11
2024-01-06,SKU-10047,SUP-205,353,426,1133,1133,14
2024-01-06,SKU-10048,SUP-224,2871,403,957,0,3
2024-01-06,SKU-10049,SUP-206,2407,592,1642,0,11
2024-01-06,SKU-10050,SUP-222,2847,530,1790,0,10
2024-01-06,SKU-10051,SUP-222,2872,554,1083,0,4
2024-01-06,SKU-10052,SUP-238,3066,489,1324,0,7
2024-01-06,SKU-10053,SUP-216,3110,614,709,0,10
2024-01-06,SKU-10054,SUP-202,1634,707,1367,0,3
2024-01-06,SKU-10055,SUP-246,2214,308,847,0,4
2024-01-06,SKU-10056,SUP-229,1681,472,1516,0,11
2024-01-06,SKU-10057,SUP-234,1625,679,1788,0,6
2024-01-06,SKU-10058,SUP-207,2586,200,1519,0,11
2024-01-06,SKU-10059,SUP-224,1516,682,1844,0,11
2024-01-06,SKU-10060,SUP-205,2578,661,716,0,6
2024-01-06,SKU-10061,SUP-235,1134,433,1664,0,6
2024-01-06,SKU-10062,SUP-218,1808,256,1665,0,4
2024-01-06,SKU-10063,SUP-240,1923,305,664,0,9
2024-01-06,SKU-10064,SUP-239,1294,289,1373,0,6
2024-01-06,SKU-10065,SUP-223,1274,548,1393,0,8
2024-01-06,SKU-10066,SUP-236,300,634,1965,1965,14
2024-01-06,SKU-10067,SUP-212,1265,302,783,0,3
2024-01-06,SKU-10068,SUP-245,592,477,1111,0,3
2024-01-06,SKU-10069,SUP-204,477,519,1555,1555,5
2024-01-06,SKU-10070,SUP-202,198,700,575,575,14
2024-01-06,SKU-10071,SUP-242,2119,280,1196,0,4
2024-01-06,SKU-10072,SUP-214,874,270,545,0,8
2024-01-06,SKU-10073,SUP-249,2496,655,1376,0,9
2024-01-06,SKU-10074,SUP-218,1112,704,1428,0,11
2024-01-06,SKU-10075,SUP-205,867,302,988,0,7
2024-01-06,SKU-10076,SUP-214,1994,719,1856,0,10
2024-01-06,SKU-10077,SUP-206,135,729,1606,1606,8
2024-01-06,SKU-10078,SUP-224,410,658,843,843,4
2024-01-06,SKU-10079,SUP-217,182,233,1625,1625,8
2024-01-06,SKU-10080,SUP-229,2788,791,640,0,12
2024-01-06,SKU-10081,SUP-240,1199,262,1610,0,14
2024-01-06,SKU-10082,SUP-223,470,610,783,783,4
2024-01-06,SKU-10083,SUP-210,180,276,1232,1232,11
2024-01-06,SKU-10084,SUP-223,2163,560,576,0,6
2024-01-06,SKU-10085,SUP-222,1430,787,744,0,12
2024-01-06,SKU-10086,SUP-213,285,768,809,809,6
2024-01-06,SKU-10087,SUP-242,1971,795,1491,0,10
2024-01-06,SKU-10088,SUP-217,995,663,1177,0,10
2024-01-06,SKU-10089,SUP-244,3147,733,607,0,3
2024-01-06,SKU-10090,SUP-243,3317,569,1827,0,7
2024-01-06,SKU-10091,SUP-241,1963,452,940,0,12
2024-01-06,SKU-10092,SUP-204,349,553,1122,1122,3
2024-01-06,SKU-10093,SUP-238,1867,619,1684,0,3
2024-01-06,SKU-10094,SUP-240,976,350,943,0,9
2024-01-06,SKU-10095,SUP-210,606,672,1056,1056,9
2024-01-06,SKU-10096,SUP-234,335,789,1860,1860,14
2024-01-06,SKU-10097,SUP-246,2236,479,1639,0,10
2024-01-06,SKU-10098,SUP-215,2252,511,1576,0,6
2024-01-06,SKU-10099,SUP-210,3218,585,748,0,12
2024-01-06,SKU-10100,SUP-229,1438,575,1223,0,13
2024-01-06,SKU-10101,SUP-224,2260,507,992,0,4
2024-01-06,SKU-10102,SUP-217,2231,265,1291,0,8
2024-01-06,SKU-10103,SUP-240,1732,516,1441,0,7
2024-01-06,SKU-10104,SUP-244,3099,258,885,0,9
2024-01-06,SKU-10105,SUP-235,2586,234,661,0,7
2024-01-06,SKU-10106,SUP-214,3246,670,1030,0,6
2024-01-06,SKU-10107,SUP-243,3281,622,847,0,8
2024-01-06,SKU-10108,SUP-220,1060,615,1186,0,9
2024-01-06,SKU-10109,SUP-249,149,241,1890,1890,8
2024-01-06,SKU-10110,SUP-249,2287,213,1419,0,11
2024-01-06,SKU-10111,SUP-203,986,684,1712,0,10
2024-01-06,SKU-10112,SUP-214,347,747,1560,1560,13
2024-01-06,SKU-10113,SUP-202,3101,358,1852,0,8
2024-01-06,SKU-10114,SUP-220,2171,755,1545,0,6
2024-01-06,SKU-10115,SUP-225,592,466,1298,0,13
2024-01-06,SKU-10116,SUP-217,2682,237,744,0,7
2024-01-06,SKU-10117,SUP-204,1312,593,1933,0,13
2024-01-06,SKU-10118,SUP-213,2016,643,827,0,9
2024-01-06,SKU-10119,SUP-236,332,798,1215,1215,13
2024-01-06,SKU-10120,SUP-245,2857,419,1094,0,13
2024-01-06,SKU-10121,SUP-220,674,485,507,0,8
2024-01-06,SKU-10122,SUP-213,2591,307,1844,0,5
2024-01-06,SKU-10123,SUP-241,3153,527,1054,0,13
2024-01-06,SKU-10124,SUP-231,326,618,1562,1562,14
2024-01-06,SKU-10125,SUP-225,453,276,967,0,5
2024-01-06,SKU-10126,SUP-241,3141,475,1675,0,6
2024-01-06,SKU-10127,SUP-229,1605,509,1429,0,5
2024-01-06,SKU-10128,SUP-209,2211,505,571,0,13
2024-01-06,SKU-10129,SUP-216,3265,667,768,0,6
2024-01-06,SKU-10130,SUP-208,3072,702,646,0,7
2024-01-06,SKU-10131,SUP-215,454,213,631,0,8
2024-01-06,SKU-10132,SUP-247,3295,462,1142,0,3
2024-01-06,SKU-10133,SUP-235,320,608,1474,1474,10
2024-01-06,SKU-10134,SUP-234,320,341,1401,1401,3
2024-01-06,SKU-10135,SUP-216,399,664,1731,1731,10
2024-01-06,SKU-10136,SUP-247,311,482,1377,1377,6
2024-01-06,SKU-10137,SUP-237,1317,646,1284,0,3
2024-01-06,SKU-10138,SUP-227,3018,315,1034,0,4
2024-01-06,SKU-10139,SUP-237,1599,347,1865,0,6
2024-01-06,SKU-10140,SUP-225,26,778,1057,1057,3
2024-01-06,SKU-10141,SUP-223,1097,214,1390,0,11
2024-01-06,SKU-10142,SUP-214,128,440,1541,1541,8
2024-01-06,SKU-10143,SUP-208,2746,713,963,0,9
2024-01-06,SKU-10144,SUP-232,3294,582,1250,0,10
2024-01-06,SKU-10145,SUP-231,1446,429,988,0,14
2024-01-06,SKU-10146,SUP-205,2164,383,1948,0,9
2024-01-06,SKU-10147,SUP-248,2498,640,1425,0,10
2024-01-06,SKU-10148,SUP-203,155,639,1485,1485,8
2024-01-06,SKU-10149,SUP-207,167,789,1455,1455,4
2024-01-06,SKU-10150,SUP-209,2954,480,1831,0,6
2024-01-06,SKU-10151,SUP-240,1849,252,1305,0,6
2024-01-06,SKU-10152,SUP-210,3219,227,968,0,14
2024-01-06,SKU-10153,SUP-243,2984,665,1059,0,8
2024-01-06,SKU-10154,SUP-227,412,376,1575,0,3
2024-01-06,SKU-10155,SUP-238,998,207,1737,0,11
2024-01-06,SKU-10156,SUP-204,527,636,1189,1189,9
2024-01-06,SKU-10157,SUP-224,1639,303,1126,0,9
2024-01-06,SKU-10158,SUP-224,2873,334,873,0,10
2024-01-06,SKU-10159,SUP-238,2465,246,535,0,11
2024-01-06,SKU-10160,SUP-229,1681,345,867,0,3
2024-01-06,SKU-10161,SUP-233,962,754,1255,0,7
2024-01-06,SKU-10162,SUP-216,1770,354,1286,0,9
2024-01-06,SKU-10163,SUP-235,3125,634,1622,0,10
2024-01-06,SKU-10164,SUP-200,1656,561,611,0,7
2024-01-06,SKU-10165,SUP-243,3251,338,730,0,10
2024-01-06,SKU-10166,SUP-246,346,621,1826,1826,10
2024-01-06,SKU-10167,SUP-207,2160,261,1994,0,8
2024-01-06,SKU-10168,SUP-243,2515,360,1040,0,4
2024-01-06,SKU-10169,SUP-234,1935,305,1654,0,7
2024-01-06,SKU-10170,SUP-248,2058,201,732,0,3
2024-01-06,SKU-10171,SUP-217,1503,307,1799,0,6
2024-01-06,SKU-10172,SUP-249,369,374,622,622,5
2024-01-06,SKU-10173,SUP-241,2920,627,1606,0,4
2024-01-06,SKU-10174,SUP-221,3116,480,1914,0,14
2024-01-06,SKU-10175,SUP-207,3121,306,1158,0,8
2024-01-06,SKU-10176,SUP-218,1453,667,1725,0,7
2024-01-06,SKU-10177,SUP-227,269,496,1395,1395,4
2024-01-06,SKU-10178,SUP-210,1766,444,1823,0,12
2024-01-06,SKU-10179,SUP-229,2842,613,1801,0,13
2024-01-06,SKU-10180,SUP-200,895,555,1338,0,3
2024-01-06,SKU-10181,SUP-246,1266,525,647,0,5
2024-01-06,SKU-10182,SUP-246,810,304,1997,0,12
2024-01-06,SKU-10183,SUP-216,465,419,1350,0,7
2024-01-06,SKU-10184,SUP-232,479,227,1293,0,13
2024-01-06,SKU-10185,SUP-248,776,604,1001,0,14
2024-01-06,SKU-10186,SUP-211,1497,536,525,0,6
2024-01-06,SKU-10187,SUP-232,2274,222,1169,0,8
2024-01-06,SKU-10188,SUP-206,3132,614,1145,0,13
2024-01-06,SKU-10189,SUP-240,1650,649,1064,0,5
2024-01-06,SKU-10190,SUP-219,1527,600,527,0,14
2024-01-06,SKU-10191,SUP-240,468,470,1291,1291,5
2024-01-06,SKU-10192,SUP-232,1542,516,1820,0,4
2024-01-06,SKU-10193,SUP-238,1537,710,1024,0,12
2024-01-06,SKU-10194,SUP-212,529,793,508,508,3
2024-01-06,SKU-10195,SUP-209,1874,639,1291,0,4
2024-01-06,SKU-10196,SUP-223,2283,444,1778,0,3
2024-01-06,SKU-10197,SUP-248,1229,765,548,0,3
2024-01-06,SKU-10198,SUP-210,1569,643,858,0,12
2024-01-06,SKU-10199,SUP-234,2732,662,1255,0,7
2024-01-06,SKU-10200,SUP-249,2944,607,785,0,4
2024-01-06,SKU-10201,SUP-233,970,249,1537,0,8
2024-01-06,SKU-10202,SUP-200,695,542,1169,0,8
2024-01-06,SKU-10203,SUP-238,2722,496,1068,0,12
2024-01-06,SKU-10204,SUP-220,1404,696,1109,0,10
2024-01-06,SKU-10205,SUP-231,1605,469,786,0,4
2024-01-06,SKU-10206,SUP-201,1046,392,1578,0,6
2024-01-06,SKU-10207,SUP-207,1690,301,1385,0,12
2024-01-06,SKU-10208,SUP-223,2933,677,1425,0,10
2024-01-06,SKU-10209,SUP-219,2295,687,1684,0,3
2024-01-06,SKU-10210,SUP-215,2507,593,940,0,14
2024-01-06,SKU-10211,SUP-203,535,493,1923,0,14
2024-01-06,SKU-10212,SUP-215,1065,205,1180,0,14
2024-01-06,SKU-10213,SUP-236,3339,298,1025,0,4
2024-01-06,SKU-10214,SUP-205,1328,314,895,0,4
2024-01-06,SKU-10215,SUP-205,2192,413,1244,0,13
2024-01-06,SKU-10216,SUP-246,1877,618,867,0,7
2024-01-06,SKU-10217,SUP-231,1519,430,1724,0,7
2024-01-06,SKU-10218,SUP-204,1669,691,1511,0,4
2024-01-06,SKU-10219,SUP-248,3077,368,1260,0,10
2024-01-06,SKU-10220,SUP-234,1214,243,1196,0,10
2024-01-06,SKU-10221,SUP-249,977,222,1097,0,13
2024-01-06,SKU-10222,SUP-208,2950,502,674,0,9
2024-01-06,SKU-10223,SUP-208,1700,392,743,0,6
2024-01-06,SKU-10224,SUP-242,2741,756,1397,0,14
2024-01-06,SKU-10225,SUP-230,1215,589,1882,0,8
2024-01-06,SKU-10226,SUP-235,1447,237,1232,0,6
2024-01-06,SKU-10227,SUP-210,2039,716,567,0,6
2024-01-06,SKU-10228,SUP-216,2517,352,1473,0,13
2024-01-06,SKU-10229,SUP-233,1346,642,922,0,12
2024-01-06,SKU-10230,SUP-238,1146,429,1582,0,8
2024-01-06,SKU-10231,SUP-227,455,335,1466,0,13
2024-01-06,SKU-10232,SUP-213,2878,629,1474,0,11
2024-01-06,SKU-10233,SUP-234,1435,286,608,0,9
2024-01-06,SKU-10234,SUP-248,1666,785,1493,0,8
2024-01-06,SKU-10235,SUP-246,1043,390,1432,0,7
2024-01-06,SKU-10236,SUP-244,3366,458,1962,0,10
2024-01-06,SKU-10237,SUP-212,1311,730,1813,0,4
2024-01-06,SKU-10238,SUP-245,1819,384,1862,0,5
2024-01-06,SKU-10239,SUP-219,1546,280,1897,0,14
2024-01-06,SKU-10240,SUP-225,3332,631,1260,0,5
2024-01-06,SKU-10241,SUP-242,3001,268,1374,0,10
2024-01-06,SKU-10242,SUP-241,2533,403,1053,0,12
2024-01-06,SKU-10243,SUP-223,1552,250,999,0,3
2024-01-06,SKU-10244,SUP-228,3186,202,1777,0,13
2024-01-06,SKU-10245,SUP-233,3330,349,778,0,13
2024-01-06,SKU-10246,SUP-228,503,768,1930,1930,14
2024-01-06,SKU-10247,SUP-207,2778,262,683,0,9
2024-01-06,SKU-10248,SUP-215,1834,628,1596,0,9
2024-01-06,SKU-10249,SUP-214,1473,780,508,0,14
2024-01-06,SKU-10250,SUP-204,893,227,1307,0,8
2024-01-06,SKU-10251,SUP-221,97,395,1726,1726,7
2024-01-06,SKU-10252,SUP-201,2205,665,1622,0,5
2024-01-06,SKU-10253,SUP-237,1486,229,1561,0,7
2024-01-06,SKU-10254,SUP-235,3074,559,1413,0,6
2024-01-06,SKU-10255,SUP-214,907,643,1544,0,3
2024-01-06,SKU-10256,SUP-237,2310,620,1839,0,8
2024-01-06,SKU-10257,SUP-214,1915,667,1212,0,3
2024-01-06,SKU-10258,SUP-200,2813,454,1458,0,7
2024-01-06,SKU-10259,SUP-204,2345,538,1322,0,6
2024-01-06,SKU-10260,SUP-245,1093,798,1742,0,13
2024-01-06,SKU-10261,SUP-240,1665,659,526,0,4
2024-01-06,SKU-10262,SUP-203,932,422,1363,0,4
2024-01-06,SKU-10263,SUP-214,1355,385,914,0,8
2024-01-06,SKU-10264,SUP-204,1191,592,1202,0,8
2024-01-06,SKU-10265,SUP-202,2148,649,973,0,13
2024-01-06,SKU-10266,SUP-221,2695,335,983,0,7
2024-01-06,SKU-10267,SUP-204,1592,754,545,0,14
2024-01-06,SKU-10268,SUP-232,1251,742,1684,0,14
2024-01-06,SKU-10269,SUP-215,2529,251,1568,0,7
2024-01-06,SKU-10270,SUP-217,919,749,1366,0,14
2024-01-06,SKU-10271,SUP-242,2127,779,1702,0,7
2024-01-06,SKU-10272,SUP-231,1627,212,942,0,8
2024-01-06,SKU-10273,SUP-213,332,457,1069,1069,6
2024-01-06,SKU-10274,SUP-234,3283,532,1061,0,4
2024-01-06,SKU-10275,SUP-208,29,550,1857,1857,8
2024-01-06,SKU-10276,SUP-246,732,612,1442,0,5
2024-01-06,SKU-10277,SUP-236,1541,236,591,0,6
2024-01-06,SKU-10278,SUP-236,289,747,871,871,4
2024-01-06,SKU-10279,SUP-230,422,366,1613,0,10
2024-01-06,SKU-10280,SUP-215,1807,462,1011,0,8
2024-01-06,SKU-10281,SUP-230,1995,775,1221,0,10
2024-01-06,SKU-10282,SUP-226,1379,215,1781,0,6
2024-01-06,SKU-10283,SUP-212,1574,486,1692,0,6
2024-01-06,SKU-10284,SUP-206,1291,520,1317,0,3
2024-01-06,SKU-10285,SUP-206,2499,227,1289,0,11
2024-01-06,SKU-10286,SUP-242,984,366,1250,0,11
2024-01-06,SKU-10287,SUP-227,893,310,1191,0,14
2024-01-06,SKU-10288,SUP-222,3373,225,1904,0,12
2024-01-06,SKU-10289,SUP-227,1169,577,1021,0,3
2024-01-06,SKU-10290,SUP-226,2735,738,1725,0,10
2024-01-06,SKU-10291,SUP-229,2582,797,522,0,9
2024-01-06,SKU-10292,SUP-246,2658,226,1483,0,3
2024-01-06,SKU-10293,SUP-203,2641,291,1350,0,6
2024-01-06,SKU-10294,SUP-243,409,653,1804,1804,11
2024-01-06,SKU-10295,SUP-241,1244,541,1252,0,3
2024-01-06,SKU-10296,SUP-241,2750,261,1275,0,3
2024-01-06,SKU-10297,SUP-206,1712,546,1827,0,9
2024-01-06,SKU-10298,SUP-203,329,611,1377,1377,11
2024-01-06,SKU-10299,SUP-225,661,377,1910,0,3
2024-01-06,SKU-10300,SUP-246,2034,247,1585,0,7
2024-01-06,SKU-10301,SUP-221,2785,688,729,0,4
2024-01-06,SKU-10302,SUP-206,220,609,1067,1067,11
2024-01-06,SKU-10303,SUP-215,1997,281,1345,0,12
2024-01-06,SKU-10304,SUP-212,1395,388,1799,0,12
2024-01-06,SKU-10305,SUP-212,2669,644,1422,0,10
2024-01-06,SKU-10306,SUP-234,199,488,1082,1082,11
2024-01-06,SKU-10307,SUP-228,1312,606,1893,0,11
2024-01-06,SKU-10308,SUP-208,2354,763,512,0,13
2024-01-06,SKU-10309,SUP-227,2749,511,1232,0,10
2024-01-06,SKU-10310,SUP-211,449,643,858,858,11
2024-01-06,SKU-10311,SUP-217,1409,401,1469,0,6
2024-01-06,SKU-10312,SUP-229,2018,636,1030,0,7
2024-01-06,SKU-10313,SUP-215,1948,629,1371,0,7
2024-01-06,SKU-10314,SUP-204,1089,303,691,0,3
2024-01-06,SKU-10315,SUP-228,1635,748,1900,0,8
2024-01-06,SKU-10316,SUP-235,151,770,739,739,8
2024-01-06,SKU-10317,SUP-206,997,403,1110,0,8
2024-01-06,SKU-10318,SUP-203,2163,731,1823,0,12
2024-01-06,SKU-10319,SUP-241,2413,263,912,0,5
2024-01-06,SKU-10320,SUP-234,589,705,1596,1596,6
2024-01-06,SKU-10321,SUP-200,151,657,1417,1417,11
2024-01-06,SKU-10322,SUP-205,1874,402,1629,0,3
2024-01-06,SKU-10323,SUP-248,366,515,905,905,12
2024-01-06,SKU-10324,SUP-215,2926,742,1766,0,14
2024-01-06,SKU-10325,SUP-210,1598,393,807,0,7
2024-01-06,SKU-10326,SUP-226,2296,638,1214,0,5
2024-01-06,SKU-10327,SUP-231,1419,391,1287,0,12
2024-01-06,SKU-10328,SUP-230,2417,729,806,0,6
2024-01-06,SKU-10329,SUP-213,593,791,1677,1677,8
2024-01-06,SKU-10330,SUP-225,1740,500,1052,0,8
2024-01-06,SKU-10331,SUP-203,1395,326,1928,0,5
2024-01-06,SKU-10332,SUP-210,3263,697,1441,0,11
2024-01-06,SKU-10333,SUP-224,2135,597,935,0,10
2024-01-06,SKU-10334,SUP-200,388,440,1745,1745,8
2024-01-06,SKU-10335,SUP-224,1076,334,1253,0,4
2024-01-06,SKU-10336,SUP-216,1614,486,1712,0,11
2024-01-06,SKU-10337,SUP-229,1751,658,1243,0,7
2024-01-06,SKU-10338,SUP-218,907,312,1363,0,6
2024-01-06,SKU-10339,SUP-227,176,477,1173,1173,10
2024-01-06,SKU-10340,SUP-244,321,675,1516,1516,4
2024-01-06,SKU-10341,SUP-246,599,767,1603,1603,4
2024-01-06,SKU-10342,SUP-235,2504,407,1658,0,14
2024-01-06,SKU-10343,SUP-242,2986,282,1120,0,14
2024-01-06,SKU-10344,SUP-245,1702,692,998,0,4
2024-01-06,SKU-10345,SUP-231,761,347,1995,0,5
2024-01-06,SKU-10346,SUP-209,251,730,1643,1643,6
2024-01-06,SKU-10347,SUP-212,2060,340,945,0,12
2024-01-06,SKU-10348,SUP-218,223,445,1355,1355,14
2024-01-06,SKU-10349,SUP-213,2752,270,1836,0,5
2024-01-06,SKU-10350,SUP-203,2504,379,759,0,8
2024-01-06,SKU-10351,SUP-237,2161,496,1119,0,9
2024-01-06,SKU-10352,SUP-247,2752,556,1456,0,13
2024-01-06,SKU-10353,SUP-234,2884,724,1711,0,10
2024-01-06,SKU-10354,SUP-203,1487,435,1861,0,12
2024-01-06,SKU-10355,SUP-247,283,341,1169,1169,4
2024-01-06,SKU-10356,SUP-220,63,376,869,869,5
2024-01-06,SKU-10357,SUP-203,2964,296,729,0,5
2024-01-06,SKU-10358,SUP-203,430,644,1991,1991,9
2024-01-06,SKU-10359,SUP-237,2883,327,531,0,9
2024-01-06,SKU-10360,SUP-230,1491,419,1251,0,12
2024-01-06,SKU-10361,SUP-232,1864,508,865,0,11
2024-01-06,SKU-10362,SUP-233,3029,530,1188,0,4
2024-01-06,SKU-10363,SUP-210,2418,706,918,0,12
2024-01-06,SKU-10364,SUP-203,1075,742,847,0,14
2024-01-06,SKU-10365,SUP-232,1445,530,1990,0,14
2024-01-06,SKU-10366,SUP-205,1974,427,693,0,4
2024-01-06,SKU-10367,SUP-211,3292,475,1973,0,13
2024-01-06,SKU-10368,SUP-204,1907,739,829,0,8
2024-01-06,SKU-10369,SUP-238,3408,666,1476,0,10
2024-01-06,SKU-10370,SUP-204,2842,321,1261,0,13
2024-01-06,SKU-10371,SUP-243,2731,619,1849,0,11
2024-01-06,SKU-10372,SUP-215,3297,772,749,0,10
2024-01-06,SKU-10373,SUP-225,311,385,1932,1932,7
2024-01-06,SKU-10374,SUP-207,3412,207,1788,0,6
2024-01-06,SKU-10375,SUP-236,2048,570,1176,0,5
2024-01-06,SKU-10376,SUP-215,2072,410,1836,0,14
2024-01-06,SKU-10377,SUP-237,1540,390,1170,0,13
2024-01-06,SKU-10378,SUP-238,479,286,1078,0,5
2024-01-06,SKU-10379,SUP-202,1340,548,677,0,11
2024-01-06,SKU-10380,SUP-239,3418,446,1777,0,6
2024-01-06,SKU-10381,SUP-205,629,711,512,512,9
2024-01-06,SKU-10382,SUP-226,1205,571,1636,0,14
2024-01-06,SKU-10383,SUP-242,2386,392,1090,0,11
2024-01-06,SKU-10384,SUP-237,2432,346,1818,0,5
2024-01-06,SKU-10385,SUP-236,877,532,1743,0,8
2024-01-06,SKU-10386,SUP-233,2144,711,1712,0,10
2024-01-06,SKU-10387,SUP-220,186,240,1388,1388,14
2024-01-06,SKU-10388,SUP-216,3168,534,1683,0,10
2024-01-06,SKU-10389,SUP-213,1731,744,1733,0,12
2024-01-06,SKU-10390,SUP-242,2120,680,1418,0,10
2024-01-06,SKU-10391,SUP-245,76,344,850,850,9
2024-01-06,SKU-10392,SUP-220,2897,324,1794,0,7
2024-01-06,SKU-10393,SUP-215,3007,348,1002,0,8
2024-01-06,SKU-10394,SUP-216,243,476,951,951,14
2024-01-06,SKU-10395,SUP-225,2537,726,903,0,4
2024-01-06,SKU-10396,SUP-208,2855,618,1730,0,10
2024-01-06,SKU-10397,SUP-242,1548,572,1782,0,4
2024-01-06,SKU-10398,SUP-241,691,303,740,0,9
2024-01-06,SKU-10399,SUP-219,2236,650,1282,0,5
2024-01-06,SKU-10400,SUP-229,44,774,1591,1591,6
2024-01-06,SKU-10401,SUP-220,580,230,982,0,5
2024-01-06,SKU-10402,SUP-248,474,569,1876,1876,13
2024-01-06,SKU-10403,SUP-204,1111,339,799,0,10
2024-01-06,SKU-10404,SUP-200,955,599,1491,0,7
2024-01-06,SKU-10405,SUP-229,2515,506,1583,0,5
2024-01-06,SKU-10406,SUP-239,21,581,744,744,8
2024-01-06,SKU-10407,SUP-236,1719,789,889,0,3
2024-01-06,SKU-10408,SUP-206,3032,458,925,0,8
2024-01-06,SKU-10409,SUP-204,109,678,589,589,10
2024-01-06,SKU-10410,SUP-234,29,350,1487,1487,3
2024-01-06,SKU-10411,SUP-213,11,277,920,920,9
2024-01-06,SKU-10412,SUP-232,2771,304,1695,0,5
2024-01-06,SKU-10413,SUP-216,2450,590,1116,0,7
2024-01-06,SKU-10414,SUP-208,2141,371,546,0,4
2024-01-06,SKU-10415,SUP-222,2135,406,952,0,13
2024-01-06,SKU-10416,SUP-204,925,375,1354,0,14
2024-01-06,SKU-10417,SUP-215,1410,285,1348,0,7
2024-01-06,SKU-10418,SUP-223,1796,776,843,0,9
2024-01-06,SKU-10419,SUP-218,2957,209,993,0,12
2024-01-06,SKU-10420,SUP-210,2640,466,1392,0,11
2024-01-06,SKU-10421,SUP-228,301,614,1468,1468,6
2024-01-06,SKU-10422,SUP-234,1691,207,651,0,10
2024-01-06,SKU-10423,SUP-245,2587,769,585,0,9
2024-01-06,SKU-10424,SUP-219,1976,645,1119,0,6
2024-01-06,SKU-10425,SUP-239,1013,397,546,0,6
2024-01-06,SKU-10426,SUP-241,3319,223,1186,0,4
2024-01-06,SKU-10427,SUP-233,489,485,1609,0,4
2024-01-06,SKU-10428,SUP-200,529,230,1102,0,10
2024-01-06,SKU-10429,SUP-242,1142,611,1027,0,8
2024-01-06,SKU-10430,SUP-235,2102,636,1203,0,9
2024-01-06,SKU-10431,SUP-219,410,375,1672,0,4
2024-01-06,SKU-10432,SUP-242,1053,422,1782,0,3
2024-01-06,SKU-10433,SUP-206,1447,577,1101,0,9
2024-01-06,SKU-10434,SUP-208,2579,641,1723,0,5
2024-01-06,SKU-10435,SUP-216,780,376,948,0,9
2024-01-06,SKU-10436,SUP-207,1856,506,1250,0,7
2024-01-06,SKU-10437,SUP-206,268,682,1785,1785,5
2024-01-06,SKU-10438,SUP-247,1806,739,1011,0,5
2024-01-06,SKU-10439,SUP-235,1199,242,1128,0,7
2024-01-06,SKU-10440,SUP-209,1191,653,804,0,13
2024-01-06,SKU-10441,SUP-217,2684,582,657,0,7
2024-01-06,SKU-10442,SUP-218,1145,780,1553,0,5
2024-01-06,SKU-10443,SUP-238,2939,474,991,0,13
2024-01-06,SKU-10444,SUP-213,1117,235,1834,0,14
2024-01-06,SKU-10445,SUP-245,1381,789,1961,0,9
2024-01-06,SKU-10446,SUP-221,2717,321,643,0,14
2024-01-06,SKU-10447,SUP-213,2866,446,1422,0,9
2024-01-06,SKU-10448,SUP-243,1607,441,1637,0,5
2024-01-06,SKU-10449,SUP-240,2782,295,1817,0,10
2024-01-06,SKU-10450,SUP-216,377,622,1349,1349,4
2024-01-06,SKU-10451,SUP-232,1465,764,712,0,4
2024-01-06,SKU-10452,SUP-231,2253,519,1660,0,3
2024-01-06,SKU-10453,SUP-216,2301,264,1655,0,6
2024-01-06,SKU-10454,SUP-203,1470,760,1487,0,7
2024-01-06,SKU-10455,SUP-205,3135,215,1629,0,13
2024-01-06,SKU-10456,SUP-240,484,312,807,0,7
2024-01-06,SKU-10457,SUP-227,1269,568,741,0,7
2024-01-06,SKU-10458,SUP-217,1596,233,1766,0,9
2024-01-06,SKU-10459,SUP-202,169,728,1601,1601,8
2024-01-06,SKU-10460,SUP-200,3248,311,1936,0,6
2024-01-06,SKU-10461,SUP-221,371,344,1167,0,4
2024-01-06,SKU-10462,SUP-249,2129,217,1874,0,13
2024-01-06,SKU-10463,SUP-208,1442,705,1277,0,10
2024-01-06,SKU-10464,SUP-240,469,211,1598,0,6
2024-01-06,SKU-10465,SUP-216,1944,482,1718,0,14
2024-01-06,SKU-10466,SUP-210,1305,508,1968,0,8
2024-01-06,SKU-10467,SUP-247,3184,790,590,0,10
2024-01-06,SKU-10468,SUP-228,535,674,1426,1426,9
2024-01-06,SKU-10469,SUP-235,761,446,733,0,4
2024-01-06,SKU-10470,SUP-245,3173,586,1346,0,5
2024-01-06,SKU-10471,SUP-227,31,440,1549,1549,10
2024-01-06,SKU-10472,SUP-235,711,497,1304,0,12
2024-01-06,SKU-10473,SUP-200,3156,667,548,0,5
2024-01-06,SKU-10474,SUP-207,3235,281,1567,0,4
2024-01-06,SKU-10475,SUP-204,2631,794,557,0,7
2024-01-06,SKU-10476,SUP-244,44,427,1996,1996,6
2024-01-06,SKU-10477,SUP-209,953,710,1414,0,7
2024-01-06,SKU-10478,SUP-234,2301,692,1264,0,8
2024-01-06,SKU-10479,SUP-202,1175,347,880,0,10
2024-01-06,SKU-10480,SUP-223,323,655,668,668,8
2024-01-06,SKU-10481,SUP-237,2302,460,730,0,11
2024-01-06,SKU-10482,SUP-235,1611,645,1421,0,6
2024-01-06,SKU-10483,SUP-209,2436,462,828,0,13
2024-01-06,SKU-10484,SUP-227,2674,284,807,0,8
2024-01-06,SKU-10485,SUP-208,2282,651,1774,0,6
2024-01-06,SKU-10486,SUP-202,2026,795,1820,0,9
2024-01-06,SKU-10487,SUP-219,1439,416,1769,0,4
2024-01-06,SKU-10488,SUP-223,2260,775,1230,0,8
2024-01-06,SKU-10489,SUP-202,1280,778,708,0,10
2024-01-06,SKU-10490,SUP-222,3078,278,933,0,12
2024-01-06,SKU-10491,SUP-213,2405,750,892,0,7
2024-01-06,SKU-10492,SUP-243,1478,391,769,0,14
2024-01-06,SKU-10493,SUP-215,3226,366,783,0,11
2024-01-06,SKU-10494,SUP-242,2943,355,749,0,3
2024-01-06,SKU-10495,SUP-206,161,721,1603,1603,8
2024-01-06,SKU-10496,SUP-222,2510,515,1309,0,6
2024-01-06,SKU-10497,SUP-249,3219,782,655,0,8
2024-01-06,SKU-10498,SUP-235,3024,419,514,0,7
2024-01-06,SKU-10499,SUP-226,2779,550,1655,0,5
2024-01-07,SKU-10000,SUP-240,328,421,1696,1696,6
2024-01-07,SKU-10001,SUP-207,984,356,650,0,11
2024-01-07,SKU-10002,SUP-201,1813,337,1756,0,14
2024-01-07,SKU-10003,SUP-247,1811,506,660,0,4
2024-01-07,SKU-10004,SUP-217,367,732,1396,1396,3
2024-01-07,SKU-10005,SUP-215,1613,235,802,0,8
2024-01-07,SKU-10006,SUP-214,3315,385,1697,0,8
2024-01-07,SKU-10007,SUP-208,869,201,1717,0,8
2024-01-07,SKU-10008,SUP-247,1077,579,1334,0,9
2024-01-07,SKU-10009,SUP-206,320,620,612,612,12
2024-01-07,SKU-10010,SUP-243,2720,727,995,0,4
2024-01-07,SKU-10011,SUP-247,2136,645,1243,0,13
2024-01-07,SKU-10012,SUP-234,3073,731,1081,0,10
2024-01-07,SKU-10013,SUP-205,2368,689,1253,0,9
2024-01-07,SKU-10014,SUP-237,79,225,1804,1804,6
2024-01-07,SKU-10015,SUP-227,2869,633,707,0,7
2024-01-07,SKU-10016,SUP-202,1693,481,868,0,9
2024-01-07,SKU-10017,SUP-201,1507,756,743,0,9
2024-01-07,SKU-10018,SUP-205,685,377,1138,0,7
2024-01-07,SKU-10019,SUP-213,3422,551,1122,0,7
2024-01-07,SKU-10020,SUP-214,2012,420,1362,0,8
2024-01-07,SKU-10021,SUP-232,3100,498,1360,0,12
2024-01-07,SKU-10022,SUP-238,878,691,1962,0,7
2024-01-07,SKU-10023,SUP-201,2046,408,1771,0,5
2024-01-07,SKU-10024,SUP-235,21,612,1445,1445,6
2024-01-07,SKU-10025,SUP-212,529,355,1613,0,9
2024-01-07,SKU-10026,SUP-245,3197,268,1686,0,4
2024-01-07,SKU-10027,SUP-241,807,708,791,0,13
2024-01-07,SKU-10028,SUP-244,2025,564,649,0,10
2024-01-07,SKU-10029,SUP-234,1506,780,1639,0,6
2024-01-07,SKU-10030,SUP-226,2328,440,529,0,8
2024-01-07,SKU-10031,SUP-214,14,306,878,878,4
2024-01-07,SKU-10032,SUP-228,424,683,1166,1166,11
2024-01-07,SKU-10033,SUP-237,1447,458,1297,0,7
2024-01-07,SKU-10034,SUP-217,2181,615,925,0,7
2024-01-07,SKU-10035,SUP-200,2024,285,1739,0,9
2024-01-07,SKU-10036,SUP-248,130,614,1098,1098,10
2024-01-07,SKU-10037,SUP-210,1466,619,1163,0,12
2024-01-07,SKU-10038,SUP-244,1816,665,787,0,3
2024-01-07,SKU-10039,SUP-227,2076,217,635,0,12
2024-01-07,SKU-10040,SUP-221,918,200,880,0,14
2024-01-07,SKU-10041,SUP-217,1854,675,1453,0,3
2024-01-07,SKU-10042,SUP-209,1122,317,1707,0,13
2024-01-07,SKU-10043,SUP-213,2105,302,1370,0,12
2024-01-07,SKU-10044,SUP-248,2876,578,1836,0,12
2024-01-07,SKU-10045,SUP-221,423,663,1104,1104,6
2024-01-07,SKU-10046,SUP-206,734,422,1092,0,12
2024-01-07,SKU-10047,SUP-205,1965,432,1410,0,14
2024-01-07,SKU-10048,SUP-224,2715,513,879,0,12
2024-01-07,SKU-10049,SUP-206,772,619,551,0,3
2024-01-07,SKU-10050,SUP-222,3325,708,704,0,11
2024-01-07,SKU-10051,SUP-222,959,384,644,0,4
2024-01-07,SKU-10052,SUP-238,313,458,1365,1365,10
2024-01-07,SKU-10053,SUP-216,683,617,1485,0,11
2024-01-07,SKU-10054,SUP-202,2824,732,1488,0,13
2024-01-07,SKU-10055,SUP-246,402,371,1548,0,11
2024-01-07,SKU-10056,SUP-229,1366,748,1283,0,7
2024-01-07,SKU-10057,SUP-234,2861,731,1148,0,9
2024-01-07,SKU-10058,SUP-207,3114,347,1994,0,13
2024-01-07,SKU-10059,SUP-224,2735,312,1978,0,8
2024-01-07,SKU-10060,SUP-205,1908,707,965,0,10
2024-01-07,SKU-10061,SUP-235,3112,489,1367,0,5
2024-01-07,SKU-10062,SUP-218,3300,296,1900,0,9
2024-01-07,SKU-10063,SUP-240,1711,705,1712,0,14
2024-01-07,SKU-10064,SUP-239,3177,380,1458,0,7
2024-01-07,SKU-10065,SUP-223,1263,486,974,0,12
2024-01-07,SKU-10066,SUP-236,849,722,661,0,9
2024-01-07,SKU-10067,SUP-212,2429,220,1798,0,6
2024-01-07,SKU-10068,SUP-245,2927,612,1036,0,10
2024-01-07,SKU-10069,SUP-204,3345,456,1691,0,3
2024-01-07,SKU-10070,SUP-202,643,214,549,0,9
2024-01-07,SKU-10071,SUP-242,412,395,1312,0,6
2024-01-07,SKU-10072,SUP-214,3286,654,1212,0,3
2024-01-07,SKU-10073,SUP-249,3436,326,674,0,8
2024-01-07,SKU-10074,SUP-218,1243,564,778,0,8
2024-01-07,SKU-10075,SUP-205,2872,527,1164,0,5
2024-01-07,SKU-10076,SUP-214,1454,354,1007,0,3
2024-01-07,SKU-10077,SUP-206,2854,497,993,0,4
2024-01-07,SKU-10078,SUP-224,2718,438,1149,0,7
2024-01-07,SKU-10079,SUP-217,1022,609,1225,0,14
2024-01-07,SKU-10080,SUP-229,2857,475,1523,0,14
2024-01-07,SKU-10081,SUP-240,723,375,819,0,14
2024-01-07,SKU-10082,SUP-223,2774,555,1537,0,5
2024-01-07,SKU-10083,SUP-210,130,394,1364,1364,14
2024-01-07,SKU-10084,SUP-223,1808,395,644,0,3
2024-01-07,SKU-10085,SUP-222,1618,459,1433,0,5
2024-01-07,SKU-10086,SUP-213,323,269,878,0,9
2024-01-07,SKU-10087,SUP-242,2844,623,712,0,6
2024-01-07,SKU-10088,SUP-217,2305,311,807,0,8
2024-01-07,SKU-10089,SUP-244,3018,311,1610,0,9
2024-01-07,SKU-10090,SUP-243,3183,364,1314,0,12
2024-01-07,SKU-10091,SUP-241,2449,257,1041,0,4
2024-01-07,SKU-10092,SUP-204,1194,601,1505,0,12
2024-01-07,SKU-10093,SUP-238,2002,718,696,0,3
2024-01-07,SKU-10094,SUP-240,2535,596,1499,0,10
2024-01-07,SKU-10095,SUP-210,2483,534,1132,0,10
2024-01-07,SKU-10096,SUP-234,1386,333,977,0,11
2024-01-07,SKU-10097,SUP-246,2736,678,867,0,12
2024-01-07,SKU-10098,SUP-215,2029,212,1035,0,10
2024-01-07,SKU-10099,SUP-210,2744,517,875,0,11
2024-01-07,SKU-10100,SUP-229,2120,416,949,0,3
2024-01-07,SKU-10101,SUP-224,2480,351,1783,0,10
2024-01-07,SKU-10102,SUP-217,1537,741,647,0,5
2024-01-07,SKU-10103,SUP-240,3140,478,1247,0,13
2024-01-07,SKU-10104,SUP-244,444,536,981,981,3
2024-01-07,SKU-10105,SUP-235,2712,757,1006,0,11
2024-01-07,SKU-10106,SUP-214,261,539,1629,1629,4
2024-01-07,SKU-10107,SUP-243,1772,799,1986,0,5
2024-01-07,SKU-10108,SUP-220,3266,348,1711,0,5
2024-01-07,SKU-10109,SUP-249,1827,690,1999,0,9
2024-01-07,SKU-10110,SUP-249,3115,494,1958,0,5
2024-01-07,SKU-10111,SUP-203,3134,575,1681,0,14
2024-01-07,SKU-10112,SUP-214,803,579,1240,0,12
2024-01-07,SKU-10113,SUP-202,916,386,1486,0,7
2024-01-07,SKU-10114,SUP-220,2261,453,1456,0,8
2024-01-07,SKU-10115,SUP-225,2575,587,721,0,12
2024-01-07,SKU-10116,SUP-217,3047,639,1698,0,10
2024-01-07,SKU-10117,SUP-204,2844,234,716,0,3
2024-01-07,SKU-10118,SUP-213,700,674,1848,0,6
2024-01-07,SKU-10119,SUP-236,169,564,1725,1725,12
2024-01-07,SKU-10120,SUP-245,2744,680,1136,0,7
2024-01-07,SKU-10121,SUP-220,1996,302,1884,0,10
2024-01-07,SKU-10122,SUP-213,3301,669,1989,0,13
2024-01-07,SKU-10123,SUP-241,1959,764,1014,0,6
2024-01-07,SKU-10124,SUP-231,2815,507,1875,0,4
2024-01-07,SKU-10125,SUP-225,553,524,1166,0,9
2024-01-07,SKU-10126,SUP-241,1273,386,691,0,7
2024-01-07,SKU-10127,SUP-229,1908,307,1763,0,10
2024-01-07,SKU-10128,SUP-209,260,529,1060,1060,3
2024-01-07,SKU-10129,SUP-216,743,646,678,0,13
2024-01-07,SKU-10130,SUP-208,1364,397,1468,0,7
2024-01-07,SKU-10131,SUP-215,803,656,1999,0,9
2024-01-07,SKU-10132,SUP-247,170,445,1864,1864,14
2024-01-07,SKU-10133,SUP-235,653,206,687,0,6
2024-01-07,SKU-10134,SUP-234,1917,324,1538,0,4
2024-01-07,SKU-10135,SUP-216,2994,439,1274,0,10
2024-01-07,SKU-10136,SUP-247,647,430,1553,0,8
2024-01-07,SKU-10137,SUP-237,1064,598,1869,0,5
2024-01-07,SKU-10138,SUP-227,2574,688,1885,0,4
2024-01-07,SKU-10139,SUP-237,1519,788,1694,0,3
2024-01-07,SKU-10140,SUP-225,1526,247,1524,0,13
2024-01-07,SKU-10141,SUP-223,2253,372,1005,0,4
2024-01-07,SKU-10142,SUP-214,2926,751,1970,0,4
2024-01-07,SKU-10143,SUP-208,1194,548,1503,0,13
2024-01-07,SKU-10144,SUP-232,260,725,1007,1007,4
2024-01-07,SKU-10145,SUP-231,572,658,1865,1865,5
2024-01-07,SKU-10146,SUP-205,709,726,654,654,8
2024-01-07,SKU-10147,SUP-248,584,211,566,0,9
2024-01-07,SKU-10148,SUP-203,2590,489,1384,0,9
2024-01-07,SKU-10149,SUP-207,2181,754,983,0,3
2024-01-07,SKU-10150,SUP-209,1879,448,1597,0,7
2024-01-07,SKU-10151,SUP-240,2162,337,1447,0,11
2024-01-07,SKU-10152,SUP-210,3395,643,852,0,6
2024-01-07,SKU-10153,SUP-243,1012,737,952,0,5
2024-01-07,SKU-10154,SUP-227,2952,314,550,0,3
2024-01-07,SKU-10155,SUP-238,1784,634,1276,0,5
2024-01-07,SKU-10156,SUP-204,869,315,1253,0,10
2024-01-07,SKU-10157,SUP-224,1610,239,681,0,12
2024-01-07,SKU-10158,SUP-224,1144,318,1905,0,4
2024-01-07,SKU-10159,SUP-238,2708,360,648,0,7
2024-01-07,SKU-10160,SUP-229,2981,244,1273,0,5
2024-01-07,SKU-10161,SUP-233,2367,746,696,0,11
2024-01-07,SKU-10162,SUP-216,2943,235,1997,0,7
2024-01-07,SKU-10163,SUP-235,724,335,1090,0,14
2024-01-07,SKU-10164,SUP-200,2951,773,628,0,5
2024-01-07,SKU-10165,SUP-243,463,456,1491,0,6
2024-01-07,SKU-10166,SUP-246,184,462,649,649,11
2024-01-07,SKU-10167,SUP-207,3260,529,1643,0,10
2024-01-07,SKU-10168,SUP-243,2617,322,743,0,8
2024-01-07,SKU-10169,SUP-234,786,220,689,0,3
2024-01-07,SKU-10170,SUP-248,3129,665,598,0,6
2024-01-07,SKU-10171,SUP-217,969,282,555,0,4
2024-01-07,SKU-10172,SUP-249,1260,384,1021,0,4
2024-01-07,SKU-10173,SUP-241,2684,237,1502,0,13
2024-01-07,SKU-10174,SUP-221,2785,266,1144,0,12
2024-01-07,SKU-10175,SUP-207,426,793,1160,1160,7
2024-01-07,SKU-10176,SUP-218,1387,544,1261,0,3
2024-01-07,SKU-10177,SUP-227,771,359,1081,0,3
2024-01-07,SKU-10178,SUP-210,2151,334,610,0,9
2024-01-07,SKU-10179,SUP-229,965,719,693,0,9
2024-01-07,SKU-10180,SUP-200,1271,441,1021,0,8
2024-01-07,SKU-10181,SUP-246,1702,330,1793,0,14
2024-01-07,SKU-10182,SUP-246,3389,363,771,0,8
2024-01-07,SKU-10183,SUP-216,2616,633,537,0,9
2024-01-07,SKU-10184,SUP-232,1555,759,1116,0,12
2024-01-07,SKU-10185,SUP-248,98,698,1741,1741,9
2024-01-07,SKU-10186,SUP-211,3032,582,1911,0,7
2024-01-07,SKU-10187,SUP-232,1783,636,1325,0,7
2024-01-07,SKU-10188,SUP-206,1362,328,528,0,9
2024-01-07,SKU-10189,SUP-240,1820,332,1850,0,11
2024-01-07,SKU-10190,SUP-219,839,440,1015,0,10
2024-01-07,SKU-10191,SUP-240,2564,756,1741,0,13
2024-01-07,SKU-10192,SUP-232,1967,204,1256,0,10
2024-01-07,SKU-10193,SUP-238,1310,692,1148,0,4
2024-01-07,SKU-10194,SUP-212,1214,742,506,0,12
2024-01-07,SKU-10195,SUP-209,3049,767,572,0,12
2024-01-07,SKU-10196,SUP-223,1922,321,1186,0,12
2024-01-07,SKU-10197,SUP-248,3060,790,1868,0,8
2024-01-07,SKU-10198,SUP-210,1630,216,1906,0,10
2024-01-07,SKU-10199,SUP-234,1632,544,1457,0,11
2024-01-07,SKU-10200,SUP-249,1052,299,937,0,11
2024-01-07,SKU-10201,SUP-233,2768,523,1345,0,8
2024-01-07,SKU-10202,SUP-200,2404,491,573,0,9
2024-01-07,SKU-10203,SUP-238,656,725,1859,1859,11
2024-01-07,SKU-10204,SUP-220,2318,326,1323,0,8
2024-01-07,SKU-10205,SUP-231,128,431,1458,1458,11
2024-01-07,SKU-10206,SUP-201,117,476,1747,1747,3
2024-01-07,SKU-10207,SUP-207,2383,565,1015,0,9
2024-01-07,SKU-10208,SUP-223,2872,408,1986,0,12
2024-01-07,SKU-10209,SUP-219,451,659,820,820,12
2024-01-07,SKU-10210,SUP-215,1127,521,1979,0,8
2024-01-07,SKU-10211,SUP-203,1975,592,1416,0,6
2024-01-07,SKU-10212,SUP-215,1120,589,570,0,10
2024-01-07,SKU-10213,SUP-236,1163,575,1226,0,5
2024-01-07,SKU-10214,SUP-205,1434,699,1487,0,9
2024-01-07,SKU-10215,SUP-205,2797,384,657,0,8
2024-01-07,SKU-10216,SUP-246,100,708,1619,1619,12
2024-01-07,SKU-10217,SUP-231,612,417,1026,0,3
2024-01-07,SKU-10218,SUP-204,1540,531,952,0,10
2024-01-07,SKU-10219,SUP-248,2856,613,930,0,13
2024-01-07,SKU-10220,SUP-234,1054,283,691,0,11
2024-01-07,SKU-10221,SUP-249,2244,508,1901,0,10
2024-01-07,SKU-10222,SUP-208,2119,718,1313,0,7
2024-01-07,SKU-10223,SUP-208,2887,588,573,0,7
2024-01-07,SKU-10224,SUP-242,2294,736,1275,0,7
2024-01-07,SKU-10225,SUP-230,359,423,1591,1591,5
2024-01-07,SKU-10226,SUP-235,767,793,1866,1866,3
2024-01-07,SKU-10227,SUP-210,229,552,1914,1914,5
2024-01-07,SKU-10228,SUP-216,512,262,725,0,9
2024-01-07,SKU-10229,SUP-233,1294,223,1336,0,9
2024-01-07,SKU-10230,SUP-238,1490,313,1003,0,3
2024-01-07,SKU-10231,SUP-227,1987,368,1468,0,4
2024-01-07,SKU-10232,SUP-213,172,346,1705,1705,11
2024-01-07,SKU-10233,SUP-234,1254,742,1191,0,4
2024-01-07,SKU-10234,SUP-248,1359,711,1403,0,12
2024-01-07,SKU-10235,SUP-246,2781,603,1007,0,6
2024-01-07,SKU-10236,SUP-244,1442,214,725,0,10
2024-01-07,SKU-10237,SUP-212,914,418,1800,0,7
2024-01-07,SKU-10238,SUP-245,2261,651,1892,0,11
2024-01-07,SKU-10239,SUP-219,2344,618,1364,0,7
2024-01-07,SKU-10240,SUP-225,2254,361,620,0,14
2024-01-07,SKU-10241,SUP-242,2959,760,1103,0,3
2024-01-07,SKU-10242,SUP-241,637,631,1588,0,12
2024-01-07,SKU-10243,SUP-223,3108,273,1983,0,11
2024-01-07,SKU-10244,SUP-228,3317,438,952,0,4
2024-01-07,SKU-10245,SUP-233,101,408,1642,1642,3
2024-01-07,SKU-10246,SUP-228,2831,662,1414,0,5
2024-01-07,SKU-10247,SUP-207,684,602,1630,0,9
2024-01-07,SKU-10248,SUP-215,3166,538,1442,0,14
2024-01-07,SKU-10249,SUP-214,620,262,1343,0,4
2024-01-07,SKU-10250,SUP-204,1234,498,533,0,3
2024-01-07,SKU-10251,SUP-221,38,256,608,608,7
2024-01-07,SKU-10252,SUP-201,2468,493,1533,0,7
2024-01-07,SKU-10253,SUP-237,1169,466,587,0,9
2024-01-07,SKU-10254,SUP-235,2013,347,1256,0,12
2024-01-07,SKU-10255,SUP-214,2868,265,1471,0,12
2024-01-07,SKU-10256,SUP-237,2929,408,1938,0,11
2024-01-07,SKU-10257,SUP-214,1257,566,1279,0,7
2024-01-07,SKU-10258,SUP-200,2993,649,1559,0,8
2024-01-07,SKU-10259,SUP-204,1931,514,519,0,6
2024-01-07,SKU-10260,SUP-245,455,342,561,0,4
2024-01-07,SKU-10261,SUP-240,2646,322,1963,0,8
2024-01-07,SKU-10262,SUP-203,1674,654,1721,0,12
2024-01-07,SKU-10263,SUP-214,1140,531,1735,0,9
2024-01-07,SKU-10264,SUP-204,789,260,1296,0,4
2024-01-07,SKU-10265,SUP-202,1817,496,1646,0,8
2024-01-07,SKU-10266,SUP-221,2943,601,629,0,6
2024-01-07,SKU-10267,SUP-204,362,575,1425,1425,9
2024-01-07,SKU-10268,SUP-232,3336,640,1264,0,7
2024-01-07,SKU-10269,SUP-215,800,389,1301,0,4
2024-01-07,SKU-10270,SUP-217,936,766,1799,0,4
2024-01-07,SKU-10271,SUP-242,450,597,1967,1967,14
2024-01-07,SKU-10272,SUP-231,493,524,1781,1781,8
2024-01-07,SKU-10273,SUP-213,1666,634,1949,0,10
2024-01-07,SKU-10274,SUP-234,417,380,1202,0,9
2024-01-07,SKU-10275,SUP-208,1985,535,549,0,7
2024-01-07,SKU-10276,SUP-246,3307,516,1634,0,5
2024-01-07,SKU-10277,SUP-236,865,318,849,0,7
2024-01-07,SKU-10278,SUP-236,879,254,860,0,6
2024-01-07,SKU-10279,SUP-230,3225,418,707,0,6
2024-01-07,SKU-10280,SUP-215,101,534,1735,1735,6
2024-01-07,SKU-10281,SUP-230,3166,549,781,0,7
2024-01-07,SKU-10282,SUP-226,1524,396,1483,0,6
2024-01-07,SKU-10283,SUP-212,3314,604,1638,0,6
2024-01-07,SKU-10284,SUP-206,2475,594,1500,0,13
2024-01-07,SKU-10285,SUP-206,1838,282,1301,0,8
2024-01-07,SKU-10286,SUP-242,1735,586,1462,0,14
2024-01-07,SKU-10287,SUP-227,1715,485,1197,0,8
2024-01-07,SKU-10288,SUP-222,529,783,1414,1414,11
2024-01-07,SKU-10289,SUP-227,448,354,1003,0,5
2024-01-07,SKU-10290,SUP-226,1826,379,1705,0,5
2024-01-07,SKU-10291,SUP-229,2687,396,1025,0,10
2024-01-07,SKU-10292,SUP-246,1742,370,1190,0,12
2024-01-07,SKU-10293,SUP-203,210,256,611,611,8
2024-01-07,SKU-10294,SUP-243,82,575,1327,1327,3
2024-01-07,SKU-10295,SUP-241,2973,202,541,0,11
2024-01-07,SKU-10296,SUP-241,966,341,1289,0,6
2024-01-07,SKU-10297,SUP-206,1362,719,1097,0,11
2024-01-07,SKU-10298,SUP-203,1949,612,1435,0,8
2024-01-07,SKU-10299,SUP-225,122,383,726,726,6
2024-01-07,SKU-10300,SUP-246,2425,349,1592,0,11
2024-01-07,SKU-10301,SUP-221,975,596,583,0,6
2024-01-07,SKU-10302,SUP-206,2135,415,1754,0,7
2024-01-07,SKU-10303,SUP-215,1427,625,1269,0,6
2024-01-07,SKU-10304,SUP-212,755,725,1124,0,7
2024-01-07,SKU-10305,SUP-212,1117,359,991,0,11
2024-01-07,SKU-10306,SUP-234,1988,345,1919,0,5
2024-01-07,SKU-10307,SUP-228,2593,507,870,0,5
2024-01-07,SKU-10308,SUP-208,165,690,1424,1424,8
2024-01-07,SKU-10309,SUP-227,1806,228,1554,0,7
2024-01-07,SKU-10310,SUP-211,1962,493,940,0,7
2024-01-07,SKU-10311,SUP-217,1626,723,1259,0,10
2024-01-07,SKU-10312,SUP-229,1479,362,1059,0,9
2024-01-07,SKU-10313,SUP-215,2831,438,1988,0,6
2024-01-07,SKU-10314,SUP-204,1424,309,1794,0,14
2024-01-07,SKU-10315,SUP-228,342,448,1020,1020,4
2024-01-07,SKU-10316,SUP-235,300,598,1457,1457,6
2024-01-07,SKU-10317,SUP-206,3123,419,1894,0,5
2024-01-07,SKU-10318,SUP-203,3041,335,573,0,4
2024-01-07,SKU-10319,SUP-241,2347,249,1014,0,10
2024-01-07,SKU-10320,SUP-234,3294,775,1826,0,9
2024-01-07,SKU-10321,SUP-200,2629,280,1262,0,5
2024-01-07,SKU-10322,SUP-205,2802,545,703,0,11
2024-01-07,SKU-10323,SUP-248,1880,715,739,0,11
2024-01-07,SKU-10324,SUP-215,1787,521,843,0,13
2024-01-07,SKU-10325,SUP-210,633,670,1427,1427,9
2024-01-07,SKU-10326,SUP-226,2359,521,1461,0,10
2024-01-07,SKU-10327,SUP-231,1106,462,1529,0,3
2024-01-07,SKU-10328,SUP-230,1858,753,1873,0,10
2024-01-07,SKU-10329,SUP-213,2267,534,716,0,3
2024-01-07,SKU-10330,SUP-225,796,524,1400,0,6
2024-01-07,SKU-10331,SUP-203,1420,484,891,0,4
2024-01-07,SKU-10332,SUP-210,2918,364,1232,0,7
2024-01-07,SKU-10333,SUP-224,941,543,1023,0,6
2024-01-07,SKU-10334,SUP-200,122,326,1237,1237,13
2024-01-07,SKU-10335,SUP-224,2565,386,1526,0,8
2024-01-07,SKU-10336,SUP-216,246,676,997,997,4
2024-01-07,SKU-10337,SUP-229,3315,575,1229,0,8
2024-01-07,SKU-10338,SUP-218,440,220,756,0,3
2024-01-07,SKU-10339,SUP-227,152,794,1317,1317,14
2024-01-07,SKU-10340,SUP-244,1354,317,1976,0,9
2024-01-07,SKU-10341,SUP-246,2291,596,1182,0,13
2024-01-07,SKU-10342,SUP-235,3213,296,1028,0,7
2024-01-07,SKU-10343,SUP-242,2687,301,622,0,8
2024-01-07,SKU-10344,SUP-245,1531,316,1115,0,4
2024-01-07,SKU-10345,SUP-231,1900,394,791,0,9
2024-01-07,SKU-10346,SUP-209,359,248,1529,0,13
2024-01-07,SKU-10347,SUP-212,2315,309,1223,0,14
2024-01-07,SKU-10348,SUP-218,3095,763,1458,0,12
2024-01-07,SKU-10349,SUP-213,1370,666,1129,0,14
2024-01-07,SKU-10350,SUP-203,2343,355,1334,0,4
2024-01-07,SKU-10351,SUP-237,227,273,1572,1572,5
2024-01-07,SKU-10352,SUP-247,3134,271,612,0,7
2024-01-07,SKU-10353,SUP-234,1019,358,1285,0,14
2024-01-07,SKU-10354,SUP-203,2226,296,750,0,9
2024-01-07,SKU-10355,SUP-247,235,306,1074,1074,8
2024-01-07,SKU-10356,SUP-220,1706,398,926,0,13
2024-01-07,SKU-10357,SUP-203,1919,737,1126,0,13
2024-01-07,SKU-10358,SUP-203,3056,335,776,0,13
2024-01-07,SKU-10359,SUP-237,2508,272,1620,0,3
2024-01-07,SKU-10360,SUP-230,1663,498,786,0,7
2024-01-07,SKU-10361,SUP-232,278,600,1154,1154,4
2024-01-07,SKU-10362,SUP-233,608,715,1851,1851,4
2024-01-07,SKU-10363,SUP-210,2898,585,772,0,12
2024-01-07,SKU-10364,SUP-203,1442,486,949,0,10
2024-01-07,SKU-10365,SUP-232,47,306,1981,1981,4
2024-01-07,SKU-10366,SUP-205,2750,697,743,0,4
2024-01-07,SKU-10367,SUP-211,3049,714,706,0,6
2024-01-07,SKU-10368,SUP-204,2938,726,1866,0,12
2024-01-07,SKU-10369,SUP-238,2502,588,733,0,11
2024-01-07,SKU-10370,SUP-204,745,379,1356,0,14
2024-01-07,SKU-10371,SUP-243,3119,695,1724,0,12
2024-01-07,SKU-10372,SUP-215,3003,749,1145,0,8
2024-01-07,SKU-10373,SUP-225,1042,649,561,0,9
2024-01-07,SKU-10374,SUP-207,106,757,1158,1158,10
2024-01-07,SKU-10375,SUP-236,3447,223,588,0,9
2024-01-07,SKU-10376,SUP-215,3294,541,1582,0,7
2024-01-07,SKU-10377,SUP-237,493,685,1708,1708,14
2024-01-07,SKU-10378,SUP-238,1937,250,808,0,4
2024-01-07,SKU-10379,SUP-202,1969,404,1239,0,8
2024-01-07,SKU-10380,SUP-239,621,440,750,0,9
2024-01-07,SKU-10381,SUP-205,1951,606,1831,0,8
2024-01-07,SKU-10382,SUP-226,1645,727,1816,0,4
2024-01-07,SKU-10383,SUP-242,532,201,1642,0,9
2024-01-07,SKU-10384,SUP-237,2007,686,676,0,3
2024-01-07,SKU-10385,SUP-236,2922,701,1260,0,6
2024-01-07,SKU-10386,SUP-233,2539,219,714,0,8
2024-01-07,SKU-10387,SUP-220,1470,608,1794,0,8
2024-01-07,SKU-10388,SUP-216,1472,278,679,0,14
2024-01-07,SKU-10389,SUP-213,881,445,1537,0,5
2024-01-07,SKU-10390,SUP-242,144,233,518,518,10
2024-01-07,SKU-10391,SUP-245,1529,615,636,0,9
2024-01-07,SKU-10392,SUP-220,920,315,903,0,12
2024-01-07,SKU-10393,SUP-215,1720,311,1996,0,12
2024-01-07,SKU-10394,SUP-216,3167,342,1555,0,7
2024-01-07,SKU-10395,SUP-225,3171,468,1759,0,7
2024-01-07,SKU-10396,SUP-208,3024,474,1242,0,8
2024-01-07,SKU-10397,SUP-242,541,230,1853,0,4
2024-01-07,SKU-10398,SUP-241,2521,475,1150,0,8
2024-01-07,SKU-10399,SUP-219,3066,263,1066,0,12
2024-01-07,SKU-10400,SUP-229,120,654,854,854,7
2024-01-07,SKU-10401,SUP-220,2636,459,586,0,13
2024-01-07,SKU-10402,SUP-248,2401,741,891,0,10
2024-01-07,SKU-10403,SUP-204,1083,646,1652,0,11
2024-01-07,SKU-10404,SUP-200,523,373,1549,0,10
2024-01-07,SKU-10405,SUP-229,3149,282,863,0,14
2024-01-07,SKU-10406,SUP-239,627,491,1288,0,11
2024-01-07,SKU-10407,SUP-236,3426,390,960,0,6
2024-01-07,SKU-10408,SUP-206,3147,432,973,0,7
2024-01-07,SKU-10409,SUP-204,3253,333,670,0,14
2024-01-07,SKU-10410,SUP-234,145,704,1764,1764,10
2024-01-07,SKU-10411,SUP-213,2987,502,533,0,4
2024-01-07,SKU-10412,SUP-232,435,507,1215,1215,12
2024-01-07,SKU-10413,SUP-216,2581,547,1777,0,13
2024-01-07,SKU-10414,SUP-208,2833,761,1104,0,14
2024-01-07,SKU-10415,SUP-222,932,606,1231,0,6
2024-01-07,SKU-10416,SUP-204,2647,554,1696,0,10
2024-01-07,SKU-10417,SUP-215,1200,367,867,0,10
2024-01-07,SKU-10418,SUP-223,2274,779,1893,0,4
2024-01-07,SKU-10419,SUP-218,1950,743,628,0,8
2024-01-07,SKU-10420,SUP-210,2489,398,576,0,3
2024-01-07,SKU-10421,SUP-228,3458,548,1005,0,5
2024-01-07,SKU-10422,SUP-234,360,776,1955,1955,12
2024-01-07,SKU-10423,SUP-245,3076,554,1077,0,11
2024-01-07,SKU-10424,SUP-219,678,430,1831,0,4
2024-01-07,SKU-10425,SUP-239,1450,339,1162,0,7
2024-01-07,SKU-10426,SUP-241,2502,361,629,0,7
2024-01-07,SKU-10427,SUP-233,2318,653,1482,0,5
2024-01-07,SKU-10428,SUP-200,122,302,1664,1664,3
2024-01-07,SKU-10429,SUP-242,1347,709,1166,0,6
2024-01-07,SKU-10430,SUP-235,583,798,1252,1252,10
2024-01-07,SKU-10431,SUP-219,2995,371,1368,0,3
2024-01-07,SKU-10432,SUP-242,2123,593,1742,0,12
2024-01-07,SKU-10433,SUP-206,1624,251,514,0,6
2024-01-07,SKU-10434,SUP-208,509,206,1325,0,3
2024-01-07,SKU-10435,SUP-216,1480,566,1810,0,4
2024-01-07,SKU-10436,SUP-207,1902,212,1669,0,9
2024-01-07,SKU-10437,SUP-206,826,708,1675,0,11
2024-01-07,SKU-10438,SUP-247,498,332,1686,0,5
2024-01-07,SKU-10439,SUP-235,2037,243,1217,0,8
2024-01-07,SKU-10440,SUP-209,456,784,1677,1677,7
2024-01-07,SKU-10441,SUP-217,1507,797,1700,0,5
2024-01-07,SKU-10442,SUP-218,2470,647,1183,0,8
2024-01-07,SKU-10443,SUP-238,1353,443,725,0,3
2024-01-07,SKU-10444,SUP-213,3213,580,1255,0,8
2024-01-07,SKU-10445,SUP-245,3326,417,1506,0,9
2024-01-07,SKU-10446,SUP-221,1245,562,1066,0,6
2024-01-07,SKU-10447,SUP-213,3175,288,1404,0,11
2024-01-07,SKU-10448,SUP-243,1478,205,741,0,4
2024-01-07,SKU-10449,SUP-240,3266,717,1397,0,3
2024-01-07,SKU-10450,SUP-216,3330,209,637,0,4
2024-01-07,SKU-10451,SUP-232,920,424,1079,0,10
2024-01-07,SKU-10452,SUP-231,613,795,1657,1657,7
2024-01-07,SKU-10453,SUP-216,2272,741,1532,0,13
2024-01-07,SKU-10454,SUP-203,271,367,1867,1867,3
2024-01-07,SKU-10455,SUP-205,921,787,1234,0,3
2024-01-07,SKU-10456,SUP-240,594,245,1540,0,4
2024-01-07,SKU-10457,SUP-227,1718,322,730,0,8
2024-01-07,SKU-10458,SUP-217,3131,792,1769,0,13
2024-01-07,SKU-10459,SUP-202,2820,527,1738,0,13
2024-01-07,SKU-10460,SUP-200,2846,275,1451,0,6
2024-01-07,SKU-10461,SUP-221,2697,506,1723,0,4
2024-01-07,SKU-10462,SUP-249,2684,298,1862,0,13
2024-01-07,SKU-10463,SUP-208,2224,549,1519,0,4
2024-01-07,SKU-10464,SUP-240,2539,586,1982,0,12
2024-01-07,SKU-10465,SUP-216,3330,468,1296,0,8
2024-01-07,SKU-10466,SUP-210,1169,545,1223,0,7
2024-01-07,SKU-10467,SUP-247,1285,213,635,0,10
2024-01-07,SKU-10468,SUP-228,147,583,874,874,12
2024-01-07,SKU-10469,SUP-235,2681,688,1904,0,10
2024-01-07,SKU-10470,SUP-245,1547,791,1565,0,7
2024-01-07,SKU-10471,SUP-227,3052,352,1835,0,8
2024-01-07,SKU-10472,SUP-235,692,311,1698,0,8
2024-01-07,SKU-10473,SUP-200,1651,420,1694,0,6
2024-01-07,SKU-10474,SUP-207,2624,412,1123,0,7
2024-01-07,SKU-10475,SUP-204,1840,517,1869,0,10
2024-01-07,SKU-10476,SUP-244,1456,336,746,0,11
2024-01-07,SKU-10477,SUP-209,2439,753,1308,0,13
2024-01-07,SKU-10478,SUP-234,1364,490,1945,0,5
2024-01-07,SKU-10479,SUP-202,1555,298,1829,0,10
2024-01-07,SKU-10480,SUP-223,1756,500,1722,0,5
2024-01-07,SKU-10481,SUP-237,570,600,1504,1504,12
2024-01-07,SKU-10482,SUP-235,1555,717,1720,0,4
2024-01-07,SKU-10483,SUP-209,2962,429,1691,0,11
2024-01-07,SKU-10484,SUP-227,2404,394,1792,0,5
2024-01-07,SKU-10485,SUP-208,2816,248,963,0,6
2024-01-07,SKU-10486,SUP-202,3426,770,807,0,3
2024-01-07,SKU-10487,SUP-219,900,603,1272,0,9
2024-01-07,SKU-10488,SUP-223,2497,628,1039,0,4
2024-01-07,SKU-10489,SUP-202,2433,532,1547,0,8
2024-01-07,SKU-10490,SUP-222,578,641,1013,1013,11
2024-01-07,SKU-10491,SUP-213,2811,385,1026,0,11
2024-01-07,SKU-10492,SUP-243,339,620,1828,1828,4
2024-01-07,SKU-10493,SUP-215,2456,529,1262,0,14
2024-01-07,SKU-10494,SUP-242,2964,643,995,0,12
2024-01-07,SKU-10495,SUP-206,1793,444,949,0,4
2024-01-07,SKU-10496,SUP-222,429,360,1663,0,14
2024-01-07,SKU-10497,SUP-249,491,600,549,549,10
2024-01-07,SKU-10498,SUP-235,1509,211,1858,0,14
2024-01-07,SKU-10499,SUP-226,523,449,597,0,3
2024-01-08,SKU-10000,SUP-240,1328,499,678,0,3
2024-01-08,SKU-10001,SUP-207,1138,363,952,0,3
2024-01-08,SKU-10002,SUP-201,2892,492,748,0,7
2024-01-08,SKU-10003,SUP-247,2706,524,1485,0,11
2024-01-08,SKU-10004,SUP-217,3112,265,1335,0,13
2024-01-08,SKU-10005,SUP-215,3281,465,735,0,4
2024-01-08,SKU-10006,SUP-214,351,640,1929,1929,10
2024-01-08,SKU-10007,SUP-208,669,668,1417,0,3
2024-01-08,SKU-10008,SUP-247,2192,613,1201,0,11
2024-01-08,SKU-10009,SUP-206,3308,497,1806,0,11
2024-01-08,SKU-10010,SUP-243,1522,540,1857,0,12
2024-01-08,SKU-10011,SUP-247,1187,231,527,0,14
2024-01-08,SKU-10012,SUP-234,2956,406,517,0,9
2024-01-08,SKU-10013,SUP-205,3231,623,1403,0,5
2024-01-08,SKU-10014,SUP-237,1899,438,1857,0,7
2024-01-08,SKU-10015,SUP-227,3253,425,1151,0,6
2024-01-08,SKU-10016,SUP-202,2091,373,704,0,14
2024-01-08,SKU-10017,SUP-201,1398,264,1640,0,11
2024-01-08,SKU-10018,SUP-205,1411,266,1761,0,10
2024-01-08,SKU-10019,SUP-213,2216,789,566,0,3
2024-01-08,SKU-10020,SUP-214,854,602,691,0,5
2024-01-08,SKU-10021,SUP-232,1639,262,1820,0,7
2024-01-08,SKU-10022,SUP-238,3010,376,1727,0,8
2024-01-08,SKU-10023,SUP-201,2002,327,1718,0,4
2024-01-08,SKU-10024,SUP-235,2645,523,659,0,4
2024-01-08,SKU-10025,SUP-212,3203,453,782,0,14
2024-01-08,SKU-10026,SUP-245,2628,235,1030,0,13
2024-01-08,SKU-10027,SUP-241,2308,655,1030,0,11
2024-01-08,SKU-10028,SUP-244,3141,775,1847,0,5
2024-01-08,SKU-10029,SUP-234,1760,375,1021,0,11
2024-01-08,SKU-10030,SUP-226,508,602,1075,1075,14
2024-01-08,SKU-10031,SUP-214,3085,517,1152,0,11
2024-01-08,SKU-10032,SUP-228,895,710,541,0,7
2024-01-08,SKU-10033,SUP-237,2283,280,901,0,13
2024-01-08,SKU-10034,SUP-217,1430,413,1005,0,11
2024-01-08,SKU-10035,SUP-200,2173,456,1453,0,13
2024-01-08,SKU-10036,SUP-248,1290,218,1569,0,5
2024-01-08,SKU-10037,SUP-210,1115,291,581,0,3
2024-01-08,SKU-10038,SUP-244,96,482,1834,1834,7
2024-01-08,SKU-10039,SUP-227,2662,355,1387,0,12
2024-01-08,SKU-10040,SUP-221,3001,661,1353,0,7
2024-01-08,SKU-10041,SUP-217,2000,665,683,0,6
2024-01-08,SKU-10042,SUP-209,2563,471,1002,0,13
2024-01-08,SKU-10043,SUP-213,1912,542,1199,0,13
2024-01-08,SKU-10044,SUP-248,3492,329,1263,0,8
2024-01-08,SKU-10045,SUP-221,3259,694,1121,0,4
2024-01-08,SKU-10046,SUP-206,1186,277,1477,0,4
2024-01-08,SKU-10047,SUP-205,2835,674,522,0,8
2024-01-08,SKU-10048,SUP-224,2669,517,1407,0,9
2024-01-08,SKU-10049,SUP-206,3221,205,1342,0,5
2024-01-08,SKU-10050,SUP-222,171,721,1360,1360,8
2024-01-08,SKU-10051,SUP-222,3155,448,1202,0,3
2024-01-08,SKU-10052,SUP-238,1570,476,886,0,4
2024-01-08,SKU-10053,SUP-216,2832,467,975,0,14
2024-01-08,SKU-10054,SUP-202,2853,515,1063,0,8
2024-01-08,SKU-10055,SUP-246,1698,413,1338,0,9
2024-01-08,SKU-10056,SUP-229,1192,799,1291,0,10
2024-01-08,SKU-10057,SUP-234,3347,381,764,0,5
2024-01-08,SKU-10058,SUP-207,1113,401,1374,0,12
2024-01-08,SKU-10059,SUP-224,1903,338,1168,0,8
2024-01-08,SKU-10060,SUP-205,3483,411,1583,0,14
2024-01-08,SKU-10061,SUP-235,634,535,518,0,4
2024-01-08,SKU-10062,SUP-218,694,671,527,0,7
2024-01-08,SKU-10063,SUP-240,541,375,1483,0,6
2024-01-08,SKU-10064,SUP-239,2509,478,782,0,13
2024-01-08,SKU-10065,SUP-223,1885,308,823,0,12
2024-01-08,SKU-10066,SUP-236,2357,708,1019,0,7
2024-01-08,SKU-10067,SUP-212,1656,697,1695,0,8
2024-01-08,SKU-10068,SUP-245,3103,385,1679,0,11
2024-01-08,SKU-10069,SUP-204,1932,280,1907,0,4
2024-01-08,SKU-10070,SUP-202,2061,468,1144,0,4
2024-01-08,SKU-10071,SUP-242,3044,575,587,0,10
2024-01-08,SKU-10072,SUP-214,1811,355,1841,0,12
2024-01-08,SKU-10073,SUP-249,2022,460,1816,0,6
2024-01-08,SKU-10074,SUP-218,808,754,1977,0,9
2024-01-08,SKU-10075,SUP-205,1607,662,1354,0,8
2024-01-08,SKU-10076,SUP-214,696,357,771,0,13
2024-01-08,SKU-10077,SUP-206,1563,720,1844,0,13
2024-01-08,SKU-10078,SUP-224,1608,450,1390,0,6
2024-01-08,SKU-10079,SUP-217,190,551,744,744,8
2024-01-08,SKU-10080,SUP-229,1035,679,914,0,7
2024-01-08,SKU-10081,SUP-240,2274,501,1473,0,11
2024-01-08,SKU-10082,SUP-223,151,378,662,662,3
2024-01-08,SKU-10083,SUP-210,1254,573,1207,0,13
2024-01-08,SKU-10084,SUP-223,140,516,920,920,3
2024-01-08,SKU-10085,SUP-222,2155,625,665,0,6
2024-01-08,SKU-10086,SUP-213,586,306,597,0,4
2024-01-08,SKU-10087,SUP-242,1581,441,594,0,4
2024-01-08,SKU-10088,SUP-217,2098,599,1690,0,3
2024-01-08,SKU-10089,SUP-244,2582,688,725,0,3
2024-01-08,SKU-10090,SUP-243,2835,717,1554,0,7
2024-01-08,SKU-10091,SUP-241,389,334,1024,0,3
2024-01-08,SKU-10092,SUP-204,109,264,1886,1886,4
2024-01-08,SKU-10093,SUP-238,3159,489,1302,0,5
2024-01-08,SKU-10094,SUP-240,2452,629,931,0,9
2024-01-08,SKU-10095,SUP-210,1876,610,1396,0,7
2024-01-08,SKU-10096,SUP-234,3501,422,967,0,11
2024-01-08,SKU-10097,SUP-246,1582,311,1026,0,14
2024-01-08,SKU-10098,SUP-215,2737,451,1511,0,8
2024-01-08,SKU-10099,SUP-210,1980,649,1301,0,5
2024-01-08,SKU-10100,SUP-229,2324,567,1321,0,14
2024-01-08,SKU-10101,SUP-224,2544,533,1064,0,13
2024-01-08,SKU-10102,SUP-217,3005,265,1411,0,5
2024-01-08,SKU-10103,SUP-240,3232,385,783,0,6
2024-01-08,SKU-10104,SUP-244,3284,613,508,0,6
2024-01-08,SKU-10105,SUP-235,50,775,949,949,14
2024-01-08,SKU-10106,SUP-214,3250,426,1641,0,14
2024-01-08,SKU-10107,SUP-243,498,643,1180,1180,3
2024-01-08,SKU-10108,SUP-220,955,482,972,0,5
2024-01-08,SKU-10109,SUP-249,697,202,1839,0,14
2024-01-08,SKU-10110,SUP-249,169,270,1395,1395,7
2024-01-08,SKU-10111,SUP-203,64,247,1958,1958,11
2024-01-08,SKU-10112,SUP-214,1026,529,1644,0,7
2024-01-08,SKU-10113,SUP-202,667,367,1494,0,4
2024-01-08,SKU-10114,SUP-220,3496,626,1744,0,10
2024-01-08,SKU-10115,SUP-225,1339,446,1883,0,7
2024-01-08,SKU-10116,SUP-217,1861,659,1651,0,13
2024-01-08,SKU-10117,SUP-204,871,303,642,0,3
2024-01-08,SKU-10118,SUP-213,1641,508,1575,0,3
2024-01-08,SKU-10119,SUP-236,2487,413,1455,0,5
2024-01-08,SKU-10120,SUP-245,713,204,1885,0,8
2024-01-08,SKU-10121,SUP-220,2648,621,764,0,12
2024-01-08,SKU-10122,SUP-213,2705,420,868,0,13
2024-01-08,SKU-10123,SUP-241,2464,616,1014,0,9
2024-01-08,SKU-10124,SUP-231,1406,627,1232,0,13
2024-01-08,SKU-10125,SUP-225,2664,431,1334,0,4
2024-01-08,SKU-10126,SUP-241,1621,264,689,0,13
2024-01-08,SKU-10127,SUP-229,1116,760,1750,0,11
2024-01-08,SKU-10128,SUP-209,1653,412,552,0,8
2024-01-08,SKU-10129,SUP-216,2584,342,1008,0,12
2024-01-08,SKU-10130,SUP-208,635,742,792,792,14
2024-01-08,SKU-10131,SUP-215,3257,213,1133,0,9
2024-01-08,SKU-10132,SUP-247,405,521,1305,1305,11
2024-01-08,SKU-10133,SUP-235,2230,239,734,0,11
2024-01-08,SKU-10134,SUP-234,2621,788,728,0,13
2024-01-08,SKU-10135,SUP-216,2206,712,1720,0,4
2024-01-08,SKU-10136,SUP-247,774,782,1467,1467,4
2024-01-08,SKU-10137,SUP-237,2349,279,1758,0,5
2024-01-08,SKU-10138,SUP-227,752,636,626,0,10
2024-01-08,SKU-10139,SUP-237,475,240,1286,0,7
2024-01-08,SKU-10140,SUP-225,374,241,1131,0,9
2024-01-08,SKU-10141,SUP-223,127,289,1115,1115,6
2024-01-08,SKU-10142,SUP-214,1889,290,1080,0,4
2024-01-08,SKU-10143,SUP-208,245,646,1463,1463,4
2024-01-08,SKU-10144,SUP-232,269,433,1225,1225,3
2024-01-08,SKU-10145,SUP-231,1891,789,1618,0,12
2024-01-08,SKU-10146,SUP-205,2469,742,1484,0,9
2024-01-08,SKU-10147,SUP-248,1283,246,891,0,3
2024-01-08,SKU-10148,SUP-203,2906,458,1103,0,8
2024-01-08,SKU-10149,SUP-207,2341,700,882,0,5
2024-01-08,SKU-10150,SUP-209,2536,467,1331,0,8
2024-01-08,SKU-10151,SUP-240,3375,394,1061,0,9
2024-01-08,SKU-10152,SUP-210,2277,661,1257,0,9
2024-01-08,SKU-10153,SUP-243,1204,682,1669,0,7
2024-01-08,SKU-10154,SUP-227,2399,496,1949,0,11
2024-01-08,SKU-10155,SUP-238,3391,722,1082,0,10
2024-01-08,SKU-10156,SUP-204,715,361,929,0,8
2024-01-08,SKU-10157,SUP-224,2629,478,1953,0,3
2024-01-08,SKU-10158,SUP-224,3107,360,1245,0,5
2024-01-08,SKU-10159,SUP-238,2948,369,1329,0,12
2024-01-08,SKU-10160,SUP-229,1386,557,700,0,14
2024-01-08,SKU-10161,SUP-233,3465,305,600,0,3
2024-01-08,SKU-10162,SUP-216,2078,705,1164,0,8
2024-01-08,SKU-10163,SUP-235,1696,453,1015,0,8
2024-01-08,SKU-10164,SUP-200,1231,734,920,0,10
2024-01-08,SKU-10165,SUP-243,1579,232,1146,0,8
2024-01-08,SKU-10166,SUP-246,2675,325,844,0,3
2024-01-08,SKU-10167,SUP-207,3458,577,1317,0,14
2024-01-08,SKU-10168,SUP-243,1958,590,1435,0,13
2024-01-08,SKU-10169,SUP-234,3034,560,948,0,8
2024-01-08,SKU-10170,SUP-248,2299,329,648,0,10
2024-01-08,SKU-10171,SUP-217,965,699,1878,0,6
2024-01-08,SKU-10172,SUP-249,803,229,1076,0,10
2024-01-08,SKU-10173,SUP-241,874,788,1079,0,3
2024-01-08,SKU-10174,SUP-221,2433,711,587,0,3
2024-01-08,SKU-10175,SUP-207,64,567,1435,1435,14
2024-01-08,SKU-10176,SUP-218,2127,467,1920,0,10
2024-01-08,SKU-10177,SUP-227,2110,789,1408,0,4
2024-01-08,SKU-10178,SUP-210,2397,589,1866,0,7
2024-01-08,SKU-10179,SUP-229,3294,593,1182,0,5
2024-01-08,SKU-10180,SUP-200,303,227,1672,0,6
2024-01-08,SKU-10181,SUP-246,2847,349,838,0,8
2024-01-08,SKU-10182,SUP-246,966,260,793,0,4
2024-01-08,SKU-10183,SUP-216,1562,748,930,0,6
2024-01-08,SKU-10184,SUP-232,595,408,770,0,7
2024-01-08,SKU-10185,SUP-248,2075,605,777,0,3
2024-01-08,SKU-10186,SUP-211,2698,527,1357,0,8
2024-01-08,SKU-10187,SUP-232,2836,791,1561,0,8
2024-01-08,SKU-10188,SUP-206,1758,589,924,0,13
2024-01-08,SKU-10189,SUP-240,979,626,1448,0,12
2024-01-08,SKU-10190,SUP-219,675,410,1702,0,10
2024-01-08,SKU-10191,SUP-240,1316,414,1399,0,12
2024-01-08,SKU-10192,SUP-232,2382,666,1794,0,5
2024-01-08,SKU-10193,SUP-238,2888,218,1124,0,6
2024-01-08,SKU-10194,SUP-212,305,344,1604,1604,4
2024-01-08,SKU-10195,SUP-209,558,242,1836,0,12
2024-01-08,SKU-10196,SUP-223,2759,268,555,0,9
2024-01-08,SKU-10197,SUP-248,550,749,742,742,11
2024-01-08,SKU-10198,SUP-210,3403,276,939,0,9
2024-01-08,SKU-10199,SUP-234,1484,507,1015,0,13
2024-01-08,SKU-10200,SUP-249,1471,485,1661,0,9
2024-01-08,SKU-10201,SUP-233,3224,475,1107,0,13
2024-01-08,SKU-10202,SUP-200,2110,481,1694,0,5
2024-01-08,SKU-10203,SUP-238,969,403,1812,0,6
2024-01-08,SKU-10204,SUP-220,2982,372,800,0,10
2024-01-08,SKU-10205,SUP-231,594,477,1162,0,12
2024-01-08,SKU-10206,SUP-201,2599,706,1889,0,5
2024-01-08,SKU-10207,SUP-207,805,310,857,0,5
2024-01-08,SKU-10208,SUP-223,2151,708,1195,0,3
2024-01-08,SKU-10209,SUP-219,57,696,554,554,5
2024-01-08,SKU-10210,SUP-215,2109,282,1045,0,12
2024-01-08,SKU-10211,SUP-203,2639,486,654,0,7
2024-01-08,SKU-10212,SUP-215,1466,538,1437,0,6
2024-01-08,SKU-10213,SUP-236,2807,692,890,0,6
2024-01-08,SKU-10214,SUP-205,877,528,1430,0,10
2024-01-08,SKU-10215,SUP-205,891,788,1030,0,9
2024-01-08,SKU-10216,SUP-246,2368,426,1138,0,12
2024-01-08,SKU-10217,SUP-231,552,442,866,0,10
2024-01-08,SKU-10218,SUP-204,1842,451,1405,0,4
2024-01-08,SKU-10219,SUP-248,2890,439,638,0,12
2024-01-08,SKU-10220,SUP-234,556,503,614,0,9
2024-01-08,SKU-10221,SUP-249,1610,788,678,0,3
2024-01-08,SKU-10222,SUP-208,479,323,649,0,14
2024-01-08,SKU-10223,SUP-208,1100,443,1921,0,13
2024-01-08,SKU-10224,SUP-242,1084,498,1259,0,12
2024-01-08,SKU-10225,SUP-230,1557,200,1052,0,10
2024-01-08,SKU-10226,SUP-235,580,799,1262,1262,3
2024-01-08,SKU-10227,SUP-210,1416,336,1503,0,5
2024-01-08,SKU-10228,SUP-216,834,609,1409,0,5
2024-01-08,SKU-10229,SUP-233,1040,780,1590,0,3
2024-01-08,SKU-10230,SUP-238,1639,314,1068,0,8
2024-01-08,SKU-10231,SUP-227,1931,694,1792,0,10
2024-01-08,SKU-10232,SUP-213,944,684,1059,0,4
2024-01-08,SKU-10233,SUP-234,3087,645,839,0,5
2024-01-08,SKU-10234,SUP-248,716,273,1792,0,6
2024-01-08,SKU-10235,SUP-246,2061,421,625,0,3
2024-01-08,SKU-10236,SUP-244,1409,697,584,0,14
2024-01-08,SKU-10237,SUP-212,1652,662,950,0,8
2024-01-08,SKU-10238,SUP-245,3496,315,1531,0,12
2024-01-08,SKU-10239,SUP-219,2093,603,803,0,13
2024-01-08,SKU-10240,SUP-225,1785,209,807,0,4
2024-01-08,SKU-10241,SUP-242,996,534,517,0,9
2024-01-08,SKU-10242,SUP-241,1441,538,747,0,3
2024-01-08,SKU-10243,SUP-223,1655,403,1352,0,13
2024-01-08,SKU-10244,SUP-228,1912,646,1212,0,13
2024-01-08,SKU-10245,SUP-233,508,327,1321,0,11
2024-01-08,SKU-10246,SUP-228,120,702,1171,1171,7
2024-01-08,SKU-10247,SUP-207,114,231,565,565,5
2024-01-08,SKU-10248,SUP-215,993,400,548,0,5
2024-01-08,SKU-10249,SUP-214,2118,332,843,0,11
2024-01-08,SKU-10250,SUP-204,2504,202,1737,0,10
2024-01-08,SKU-10251,SUP-221,1651,759,1850,0,14
2024-01-08,SKU-10252,SUP-201,2679,308,1814,0,14
2024-01-08,SKU-10253,SUP-237,3134,311,794,0,6
2024-01-08,SKU-10254,SUP-235,2547,664,757,0,8
2024-01-08,SKU-10255,SUP-214,783,700,709,0,10
2024-01-08,SKU-10256,SUP-237,2610,437,835,0,14
2024-01-08,SKU-10257,SUP-214,1946,668,1091,0,7
2024-01-08,SKU-10258,SUP-200,1348,500,1613,0,7
2024-01-08,SKU-10259,SUP-204,147,334,1980,1980,11
2024-01-08,SKU-10260,SUP-245,3079,561,673,0,12
2024-01-08,SKU-10261,SUP-240,1665,260,1318,0,8
2024-01-08,SKU-10262,SUP-203,3076,777,1193,0,9
2024-01-08,SKU-10263,SUP-214,3265,405,1809,0,11
2024-01-08,SKU-10264,SUP-204,969,441,1164,0,6
2024-01-08,SKU-10265,SUP-202,610,683,1970,1970,12
2024-01-08,SKU-10266,SUP-221,1215,522,1347,0,12
2024-01-08,SKU-10267,SUP-204,829,474,531,0,3
2024-01-08,SKU-10268,SUP-232,2582,678,767,0,7
2024-01-08,SKU-10269,SUP-215,53,565,581,581,8
2024-01-08,SKU-10270,SUP-217,1610,784,826,0,4
2024-01-08,SKU-10271,SUP-242,2045,702,656,0,7
2024-01-08,SKU-10272,SUP-231,2963,794,1942,0,10
2024-01-08,SKU-10273,SUP-213,325,653,1270,1270,4
2024-01-08,SKU-10274,SUP-234,2839,201,770,0,7
2024-01-08,SKU-10275,SUP-208,3265,734,1366,0,7
2024-01-08,SKU-10276,SUP-246,193,296,780,780,7
2024-01-08,SKU-10277,SUP-236,3101,387,1251,0,8
2024-01-08,SKU-10278,SUP-236,1800,218,1358,0,11
2024-01-08,SKU-10279,SUP-230,1581,217,683,0,7
2024-01-08,SKU-10280,SUP-215,3349,330,978,0,11
2024-01-08,SKU-10281,SUP-230,2208,517,1914,0,9
2024-01-08,SKU-10282,SUP-226,1462,566,1188,0,13
2024-01-08,SKU-10283,SUP-212,2461,645,1637,0,6
2024-01-08,SKU-10284,SUP-206,3276,522,1127,0,7
2024-01-08,SKU-10285,SUP-206,1986,364,1775,0,13
2024-01-08,SKU-10286,SUP-242,83,573,1127,1127,5
2024-01-08,SKU-10287,SUP-227,1850,443,840,0,9
2024-01-08,SKU-10288,SUP-222,2201,597,1202,0,3
2024-01-08,SKU-10289,SUP-227,1575,276,1395,0,7
2024-01-08,SKU-10290,SUP-226,1005,334,1153,0,8
2024-01-08,SKU-10291,SUP-229,2168,683,1569,0,13
2024-01-08,SKU-10292,SUP-246,851,778,1527,0,3
2024-01-08,SKU-10293,SUP-203,2652,774,959,0,12
2024-01-08,SKU-10294,SUP-243,1439,709,1443,0,9
2024-01-08,SKU-10295,SUP-241,2721,351,712,0,10
2024-01-08,SKU-10296,SUP-241,1502,560,819,0,10
2024-01-08,SKU-10297,SUP-206,216,782,988,988,10
2024-01-08,SKU-10298,SUP-203,813,663,1199,0,6
2024-01-08,SKU-10299,SUP-225,2894,591,979,0,3
2024-01-08,SKU-10300,SUP-246,2990,338,602,0,4
2024-01-08,SKU-10301,SUP-221,1442,423,1793,0,12
2024-01-08,SKU-10302,SUP-206,2204,333,613,0,11
2024-01-08,SKU-10303,SUP-215,731,564,1755,0,12
2024-01-08,SKU-10304,SUP-212,2884,406,1991,0,4
2024-01-08,SKU-10305,SUP-212,1779,292,1931,0,10
2024-01-08,SKU-10306,SUP-234,2566,640,1219,0,11
2024-01-08,SKU-10307,SUP-228,2434,263,1267,0,9
2024-01-08,SKU-10308,SUP-208,2106,718,1771,0,10
2024-01-08,SKU-10309,SUP-227,741,467,1583,0,14
2024-01-08,SKU-10310,SUP-211,3072,692,1506,0,13
2024-01-08,SKU-10311,SUP-217,1414,663,1201,0,5
2024-01-08,SKU-10312,SUP-229,148,532,575,575,5
2024-01-08,SKU-10313,SUP-215,2906,616,689,0,11
2024-01-08,SKU-10314,SUP-204,2313,495,1000,0,3
2024-01-08,SKU-10315,SUP-228,1017,414,1152,0,7
2024-01-08,SKU-10316,SUP-235,2066,327,1792,0,9
2024-01-08,SKU-10317,SUP-206,1843,547,641,0,3
2024-01-08,SKU-10318,SUP-203,3436,311,713,0,12
2024-01-08,SKU-10319,SUP-241,2362,724,1091,0,7
2024-01-08,SKU-10320,SUP-234,584,349,1514,0,14
2024-01-08,SKU-10321,SUP-200,487,242,1991,0,14
2024-01-08,SKU-10322,SUP-205,595,520,1238,0,14
2024-01-08,SKU-10323,SUP-248,1831,653,1245,0,12
2024-01-08,SKU-10324,SUP-215,2239,282,1042,0,4
2024-01-08,SKU-10325,SUP-210,1010,451,1335,0,3
2024-01-08,SKU-10326,SUP-226,574,663,813,813,4
2024-01-08,SKU-10327,SUP-231,2294,494,1738,0,12
2024-01-08,SKU-10328,SUP-230,904,274,843,0,12
2024-01-08,SKU-10329,SUP-213,2640,427,910,0,10
2024-01-08,SKU-10330,SUP-225,816,261,1850,0,14
2024-01-08,SKU-10331,SUP-203,2349,332,1712,0,6
2024-01-08,SKU-10332,SUP-210,185,505,1057,1057,10
2024-01-08,SKU-10333,SUP-224,934,273,641,0,11
2024-01-08,SKU-10334,SUP-200,134,780,1588,1588,3
2024-01-08,SKU-10335,SUP-224,1373,440,909,0,14
2024-01-08,SKU-10336,SUP-216,583,500,1278,0,10
2024-01-08,SKU-10337,SUP-229,2683,501,836,0,13
2024-01-08,SKU-10338,SUP-218,2480,390,1571,0,12
2024-01-08,SKU-10339,SUP-227,1572,684,827,0,6
2024-01-08,SKU-10340,SUP-244,3473,569,1768,0,4
2024-01-08,SKU-10341,SUP-246,1392,484,1020,0,4
2024-01-08,SKU-10342,SUP-235,3318,780,635,0,9
2024-01-08,SKU-10343,SUP-242,330,376,1283,1283,7
2024-01-08,SKU-10344,SUP-245,220,322,1659,1659,7
2024-01-08,SKU-10345,SUP-231,1450,775,1307,0,10
2024-01-08,SKU-10346,SUP-209,31,357,555,555,3
2024-01-08,SKU-10347,SUP-212,919,279,973,0,11
2024-01-08,SKU-10348,SUP-218,2801,418,1447,0,8
2024-01-08,SKU-10349,SUP-213,734,309,1575,0,9
2024-01-08,SKU-10350,SUP-203,3195,398,1295,0,11
2024-01-08,SKU-10351,SUP-237,3102,713,1540,0,13
2024-01-08,SKU-10352,SUP-247,68,570,1688,1688,3
2024-01-08,SKU-10353,SUP-234,2026,234,1353,0,12
2024-01-08,SKU-10354,SUP-203,1957,770,764,0,14
2024-01-08,SKU-10355,SUP-247,1343,478,1694,0,9
2024-01-08,SKU-10356,SUP-220,327,471,1034,1034,12
2024-01-08,SKU-10357,SUP-203,2448,268,1382,0,3
2024-01-08,SKU-10358,SUP-203,1010,680,1786,0,7
2024-01-08,SKU-10359,SUP-237,2408,215,1227,0,6
2024-01-08,SKU-10360,SUP-230,233,594,1478,1478,9
2024-01-08,SKU-10361,SUP-232,195,366,799,799,14
2024-01-08,SKU-10362,SUP-233,658,355,1847,0,14
2024-01-08,SKU-10363,SUP-210,1323,727,1320,0,8
2024-01-08,SKU-10364,SUP-203,710,539,811,0,10
2024-01-08,SKU-10365,SUP-232,1610,784,1080,0,3
2024-01-08,SKU-10366,SUP-205,219,713,808,808,9
2024-01-08,SKU-10367,SUP-211,1859,550,694,0,13
2024-01-08,SKU-10368,SUP-204,1850,472,1379,0,6
2024-01-08,SKU-10369,SUP-238,307,332,1493,1493,3
2024-01-08,SKU-10370,SUP-204,2838,215,694,0,13
2024-01-08,SKU-10371,SUP-243,1797,247,1644,0,5
2024-01-08,SKU-10372,SUP-215,1043,668,540,0,10
2024-01-08,SKU-10373,SUP-225,3050,381,1016,0,3
2024-01-08,SKU-10374,SUP-207,765,547,978,0,3
2024-01-08,SKU-10375,SUP-236,3309,252,1533,0,4
2024-01-08,SKU-10376,SUP-215,2146,782,657,0,5
2024-01-08,SKU-10377,SUP-237,152,481,1260,1260,14
2024-01-08,SKU-10378,SUP-238,3460,731,1010,0,12
2024-01-08,SKU-10379,SUP-202,1669,296,619,0,11
2024-01-08,SKU-10380,SUP-239,1497,715,892,0,10
2024-01-08,SKU-10381,SUP-205,3393,419,1338,0,14
2024-01-08,SKU-10382,SUP-226,3129,231,1276,0,10
2024-01-08,SKU-10383,SUP-242,1068,538,1425,0,14
2024-01-08,SKU-10384,SUP-237,3067,557,1919,0,14
2024-01-08,SKU-10385,SUP-236,79,200,810,810,10
2024-01-08,SKU-10386,SUP-233,2726,233,1940,0,6
2024-01-08,SKU-10387,SUP-220,1397,539,1357,0,9
2024-01-08,SKU-10388,SUP-216,2805,617,1991,0,3
2024-01-08,SKU-10389,SUP-213,410,411,816,816,11
2024-01-08,SKU-10390,SUP-242,1455,415,745,0,10
2024-01-08,SKU-10391,SUP-245,2138,719,776,0,12
2024-01-08,SKU-10392,SUP-220,267,677,1007,1007,13
2024-01-08,SKU-10393,SUP-215,3246,521,960,0,5
2024-01-08,SKU-10394,SUP-216,847,555,776,0,7
2024-01-08,SKU-10395,SUP-225,2020,698,1834,0,3
2024-01-08,SKU-10396,SUP-208,2547,219,1812,0,3
2024-01-08,SKU-10397,SUP-242,2640,780,663,0,11
2024-01-08,SKU-10398,SUP-241,1282,711,1096,0,8
2024-01-08,SKU-10399,SUP-219,631,794,1521,1521,14
2024-01-08,SKU-10400,SUP-229,498,639,1387,1387,5
2024-01-08,SKU-10401,SUP-220,1271,778,728,0,3
2024-01-08,SKU-10402,SUP-248,491,348,1351,0,3
2024-01-08,SKU-10403,SUP-204,103,263,1137,1137,12
2024-01-08,SKU-10404,SUP-200,1726,352,738,0,9
2024-01-08,SKU-10405,SUP-229,1401,518,1681,0,13
2024-01-08,SKU-10406,SUP-239,1778,275,828,0,13
2024-01-08,SKU-10407,SUP-236,1584,271,724,0,11
2024-01-08,SKU-10408,SUP-206,2931,245,500,0,8
2024-01-08,SKU-10409,SUP-204,398,681,1010,1010,14
2024-01-08,SKU-10410,SUP-234,2845,724,855,0,6
2024-01-08,SKU-10411,SUP-213,1003,277,1427,0,5
2024-01-08,SKU-10412,SUP-232,2143,314,1286,0,6
2024-01-08,SKU-10413,SUP-216,2999,342,1239,0,10
2024-01-08,SKU-10414,SUP-208,2320,738,1444,0,13
2024-01-08,SKU-10415,SUP-222,976,240,1067,0,3
2024-01-08,SKU-10416,SUP-204,824,635,1204,0,12
2024-01-08,SKU-10417,SUP-215,945,209,1246,0,7
2024-01-08,SKU-10418,SUP-223,2598,395,1597,0,9
2024-01-08,SKU-10419,SUP-218,1970,463,1444,0,10
2024-01-08,SKU-10420,SUP-210,279,510,726,726,3
2024-01-08,SKU-10421,SUP-228,352,285,790,0,7
2024-01-08,SKU-10422,SUP-234,3292,777,1927,0,13
2024-01-08,SKU-10423,SUP-245,2842,766,1367,0,5
2024-01-08,SKU-10424,SUP-219,385,506,1953,1953,5
2024-01-08,SKU-10425,SUP-239,2777,306,1923,0,5
2024-01-08,SKU-10426,SUP-241,715,641,500,0,8
2024-01-08,SKU-10427,SUP-233,1321,799,1720,0,7
2024-01-08,SKU-10428,SUP-200,2769,359,672,0,3
2024-01-08,SKU-10429,SUP-242,772,798,1832,1832,14
2024-01-08,SKU-10430,SUP-235,3398,558,1559,0,4
2024-01-08,SKU-10431,SUP-219,1408,620,1052,0,11
2024-01-08,SKU-10432,SUP-242,1461,671,1991,0,6
2024-01-08,SKU-10433,SUP-206,643,375,1465,0,5
2024-01-08,SKU-10434,SUP-208,1079,687,517,0,10
2024-01-08,SKU-10435,SUP-216,1227,772,846,0,14
2024-01-08,SKU-10436,SUP-207,1187,775,698,0,8
2024-01-08,SKU-10437,SUP-206,2429,746,525,0,9
2024-01-08,SKU-10438,SUP-247,3001,355,970,0,6
2024-01-08,SKU-10439,SUP-235,760,797,1808,1808,14
2024-01-08,SKU-10440,SUP-209,79,524,1469,1469,12
2024-01-08,SKU-10441,SUP-217,1146,581,1736,0,12
2024-01-08,SKU-10442,SUP-218,1686,693,1746,0,3
2024-01-08,SKU-10443,SUP-238,652,302,1684,0,10
2024-01-08,SKU-10444,SUP-213,996,597,891,0,5
2024-01-08,SKU-10445,SUP-245,2587,788,1577,0,7
2024-01-08,SKU-10446,SUP-221,2589,705,1537,0,13
2024-01-08,SKU-10447,SUP-213,3336,438,1924,0,11
2024-01-08,SKU-10448,SUP-243,1589,591,1707,0,3
2024-01-08,SKU-10449,SUP-240,2521,748,668,0,12
2024-01-08,SKU-10450,SUP-216,2425,698,1983,0,11
2024-01-08,SKU-10451,SUP-232,2307,252,617,0,10
2024-01-08,SKU-10452,SUP-231,1331,756,517,0,5
2024-01-08,SKU-10453,SUP-216,2941,794,1061,0,11
2024-01-08,SKU-10454,SUP-203,3031,767,1050,0,9
2024-01-08,SKU-10455,SUP-205,3224,503,1400,0,9
2024-01-08,SKU-10456,SUP-240,972,736,1952,0,14
2024-01-08,SKU-10457,SUP-227,2723,265,1946,0,4
2024-01-08,SKU-10458,SUP-217,707,646,886,0,7
2024-01-08,SKU-10459,SUP-202,1648,466,1634,0,11
2024-01-08,SKU-10460,SUP-200,1901,357,1227,0,6
2024-01-08,SKU-10461,SUP-221,1388,267,1957,0,9
2024-01-08,SKU-10462,SUP-249,3371,784,1642,0,7
2024-01-08,SKU-10463,SUP-208,1943,787,1523,0,6
2024-01-08,SKU-10464,SUP-240,2341,341,1331,0,10
2024-01-08,SKU-10465,SUP-216,2533,465,1805,0,6
2024-01-08,SKU-10466,SUP-210,2939,261,1212,0,11
2024-01-08,SKU-10467,SUP-247,1314,735,639,0,14
2024-01-08,SKU-10468,SUP-228,1603,789,1027,0,5
2024-01-08,SKU-10469,SUP-235,2941,242,1576,0,6
2024-01-08,SKU-10470,SUP-245,1587,682,541,0,11
2024-01-08,SKU-10471,SUP-227,1270,252,1184,0,5
2024-01-08,SKU-10472,SUP-235,1278,578,1986,0,9
2024-01-08,SKU-10473,SUP-200,177,699,1644,1644,12
2024-01-08,SKU-10474,SUP-207,1497,379,1539,0,5
2024-01-08,SKU-10475,SUP-204,1160,788,1104,0,7
2024-01-08,SKU-10476,SUP-244,216,553,1742,1742,13
2024-01-08,SKU-10477,SUP-209,485,481,758,0,6
2024-01-08,SKU-10478,SUP-234,3189,773,1095,0,7
2024-01-08,SKU-10479,SUP-202,494,262,543,0,11
2024-01-08,SKU-10480,SUP-223,1100,557,925,0,6
2024-01-08,SKU-10481,SUP-237,601,338,1449,0,4
2024-01-08,SKU-10482,SUP-235,877,355,1573,0,6
2024-01-08,SKU-10483,SUP-209,3092,361,1362,0,13
2024-01-08,SKU-10484,SUP-227,1687,385,1057,0,3
2024-01-08,SKU-10485,SUP-208,1003,448,1963,0,3
2024-01-08,SKU-10486,SUP-202,2251,776,1446,0,12
2024-01-08,SKU-10487,SUP-219,1965,379,1185,0,7
2024-01-08,SKU-10488,SUP-223,3170,416,1308,0,3
2024-01-08,SKU-10489,SUP-202,1245,585,1731,0,3
2024-01-08,SKU-10490,SUP-222,1379,664,631,0,3
2024-01-08,SKU-10491,SUP-213,2221,533,1598,0,11
2024-01-08,SKU-10492,SUP-243,2565,422,1029,0,3
2024-01-08,SKU-10493,SUP-215,131,301,1180,1180,4
2024-01-08,SKU-10494,SUP-242,3112,744,1866,0,11
2024-01-08,SKU-10495,SUP-206,2402,672,715,0,14
2024-01-08,SKU-10496,SUP-222,50,241,1446,1446,5
2024-01-08,SKU-10497,SUP-249,2568,237,1001,0,12
2024-01-08,SKU-10498,SUP-235,3222,525,1561,0,3
2024-01-08,SKU-10499,SUP-226,117,350,1597,1597,11
2024-01-09,SKU-10000,SUP-240,473,453,1908,0,10
2024-01-09,SKU-10001,SUP-207,2850,664,533,0,8
2024-01-09,SKU-10002,SUP-201,1004,740,1238,0,4
2024-01-09,SKU-10003,SUP-247,3395,316,1730,0,11
2024-01-09,SKU-10004,SUP-217,1768,602,1496,0,4
2024-01-09,SKU-10005,SUP-215,2007,786,732,0,3
2024-01-09,SKU-10006,SUP-214,1550,208,1214,0,8
2024-01-09,SKU-10007,SUP-208,2959,580,1343,0,8
2024-01-09,SKU-10008,SUP-247,506,664,1195,1195,7
2024-01-09,SKU-10009,SUP-206,2279,374,1767,0,13
2024-01-09,SKU-10010,SUP-243,1790,295,672,0,5
2024-01-09,SKU-10011,SUP-247,2673,488,757,0,13
2024-01-09,SKU-10012,SUP-234,2689,430,1258,0,14
2024-01-09,SKU-10013,SUP-205,166,342,1805,1805,13
2024-01-09,SKU-10014,SUP-237,846,445,701,0,7
2024-01-09,SKU-10015,SUP-227,1944,207,971,0,5
2024-01-09,SKU-10016,SUP-202,2809,747,1529,0,11
2024-01-09,SKU-10017,SUP-201,3167,311,645,0,8
2024-01-09,SKU-10018,SUP-205,2145,741,960,0,9
2024-01-09,SKU-10019,SUP-213,2357,275,927,0,10
2024-01-09,SKU-10020,SUP-214,1441,792,1828,0,5
2024-01-09,SKU-10021,SUP-232,306,476,1220,1220,13
2024-01-09,SKU-10022,SUP-238,854,256,1889,0,6
2024-01-09,SKU-10023,SUP-201,2679,692,1059,0,11
2024-01-09,SKU-10024,SUP-235,2379,266,829,0,6
2024-01-09,SKU-10025,SUP-212,2777,367,644,0,12
2024-01-09,SKU-10026,SUP-245,1070,622,1506,0,4
2024-01-09,SKU-10027,SUP-241,583,544,1234,0,12
2024-01-09,SKU-10028,SUP-244,1324,303,746,0,14
2024-01-09,SKU-10029,SUP-234,1200,724,643,0,12
2024-01-09,SKU-10030,SUP-226,1124,574,1176,0,6
2024-01-09,SKU-10031,SUP-214,3296,577,1055,0,12
2024-01-09,SKU-10032,SUP-228,2965,425,807,0,8
2024-01-09,SKU-10033,SUP-237,2911,724,1948,0,14
2024-01-09,SKU-10034,SUP-217,723,448,1068,0,8
2024-01-09,SKU-10035,SUP-200,98,319,1330,1330,10
2024-01-09,SKU-10036,SUP-248,880,656,1404,0,11
2024-01-09,SKU-10037,SUP-210,109,318,1787,1787,7
2024-01-09,SKU-10038,SUP-244,2163,694,556,0,8
2024-01-09,SKU-10039,SUP-227,3141,568,731,0,4
2024-01-09,SKU-10040,SUP-221,1979,773,1790,0,11
2024-01-09,SKU-10041,SUP-217,2608,254,1676,0,11
2024-01-09,SKU-10042,SUP-209,2736,312,665,0,14
2024-01-09,SKU-10043,SUP-213,1305,249,606,0,11
2024-01-09,SKU-10044,SUP-248,932,508,1349,0,5
2024-01-09,SKU-10045,SUP-221,229,611,613,613,5
2024-01-09,SKU-10046,SUP-206,171,781,546,546,9
2024-01-09,SKU-10047,SUP-205,2358,748,1653,0,8
2024-01-09,SKU-10048,SUP-224,936,775,1786,0,8
2024-01-09,SKU-10049,SUP-206,3288,245,1691,0,6
2024-01-09,SKU-10050,SUP-222,667,584,764,0,11
2024-01-09,SKU-10051,SUP-222,878,382,896,0,3
2024-01-09,SKU-10052,SUP-238,1748,754,1232,0,3
2024-01-09,SKU-10053,SUP-216,3372,243,1400,0,14
2024-01-09,SKU-10054,SUP-202,677,373,1964,0,8
2024-01-09,SKU-10055,SUP-246,2772,593,1271,0,5
2024-01-09,SKU-10056,SUP-229,2952,661,1584,0,8
2024-01-09,SKU-10057,SUP-234,800,687,1048,0,5
2024-01-09,SKU-10058,SUP-207,444,463,582,582,11
2024-01-09,SKU-10059,SUP-224,2830,418,1157,0,12
2024-01-09,SKU-10060,SUP-205,2209,532,809,0,9
2024-01-09,SKU-10061,SUP-235,1736,553,1323,0,6
2024-01-09,SKU-10062,SUP-218,272,243,1909,0,5
2024-01-09,SKU-10063,SUP-240,1066,730,1859,0,13
2024-01-09,SKU-10064,SUP-239,2442,712,629,0,13
2024-01-09,SKU-10065,SUP-223,1808,474,1501,0,4
2024-01-09,SKU-10066,SUP-236,2221,372,972,0,13
2024-01-09,SKU-10067,SUP-212,1780,697,668,0,8
2024-01-09,SKU-10068,SUP-245,3134,716,954,0,12
2024-01-09,SKU-10069,SUP-204,2739,700,1238,0,7
2024-01-09,SKU-10070,SUP-202,230,577,1376,1376,5
2024-01-09,SKU-10071,SUP-242,1703,515,1463,0,11
2024-01-09,SKU-10072,SUP-214,116,469,1362,1362,14
2024-01-09,SKU-10073,SUP-249,1502,200,522,0,9
2024-01-09,SKU-10074,SUP-218,927,624,1199,0,4
2024-01-09,SKU-10075,SUP-205,2428,758,1126,0,9
2024-01-09,SKU-10076,SUP-214,1577,410,1064,0,14
2024-01-09,SKU-10077,SUP-206,1568,332,948,0,10
2024-01-09,SKU-10078,SUP-224,2185,754,1349,0,13
2024-01-09,SKU-10079,SUP-217,1745,715,1360,0,3
2024-01-09,SKU-10080,SUP-229,1082,372,692,0,5
2024-01-09,SKU-10081,SUP-240,3442,608,583,0,4
2024-01-09,SKU-10082,SUP-223,673,433,743,0,13
2024-01-09,SKU-10083,SUP-210,1747,645,1348,0,11
2024-01-09,SKU-10084,SUP-223,18,352,609,609,4
2024-01-09,SKU-10085,SUP-222,309,351,1475,1475,5
2024-01-09,SKU-10086,SUP-213,1110,525,1171,0,9
2024-01-09,SKU-10087,SUP-242,2752,514,1590,0,10
2024-01-09,SKU-10088,SUP-217,1293,275,971,0,8
2024-01-09,SKU-10089,SUP-244,3068,482,773,0,13
2024-01-09,SKU-10090,SUP-243,2564,476,1966,0,5
2024-01-09,SKU-10091,SUP-241,1711,424,1069,0,8
2024-01-09,SKU-10092,SUP-204,3347,461,1030,0,8
2024-01-09,SKU-10093,SUP-238,1652,396,1447,0,11
2024-01-09,SKU-10094,SUP-240,3443,483,801,0,6
2024-01-09,SKU-10095,SUP-210,2065,772,1028,0,4
2024-01-09,SKU-10096,SUP-234,701,721,1617,1617,5
2024-01-09,SKU-10097,SUP-246,470,640,1970,1970,13
2024-01-09,SKU-10098,SUP-215,775,283,708,0,5
2024-01-09,SKU-10099,SUP-210,1667,593,917,0,10
2024-01-09,SKU-10100,SUP-229,1612,278,1865,0,4
2024-01-09,SKU-10101,SUP-224,3454,550,561,0,12
2024-01-09,SKU-10102,SUP-217,3332,310,1281,0,13
2024-01-09,SKU-10103,SUP-240,813,475,726,0,12
2024-01-09,SKU-10104,SUP-244,3204,555,1342,0,11
2024-01-09,SKU-10105,SUP-235,510,474,1974,0,6
2024-01-09,SKU-10106,SUP-214,2497,762,1137,0,9
2024-01-09,SKU-10107,SUP-243,2551,539,1225,0,8
2024-01-09,SKU-10108,SUP-220,2408,723,632,0,7
2024-01-09,SKU-10109,SUP-249,3265,278,845,0,3
2024-01-09,SKU-10110,SUP-249,842,223,1994,0,11
2024-01-09,SKU-10111,SUP-203,2589,555,1443,0,9
2024-01-09,SKU-10112,SUP-214,274,503,549,549,4
2024-01-09,SKU-10113,SUP-202,3071,534,1875,0,14
2024-01-09,SKU-10114,SUP-220,2036,535,1165,0,5
2024-01-09,SKU-10115,SUP-225,118,457,1490,1490,11
2024-01-09,SKU-10116,SUP-217,2035,295,1104,0,5
2024-01-09,SKU-10117,SUP-204,1186,570,804,0,7
2024-01-09,SKU-10118,SUP-213,1598,461,990,0,4
2024-01-09,SKU-10119,SUP-236,1250,467,511,0,11
2024-01-09,SKU-10120,SUP-245,2337,799,800,0,6
2024-01-09,SKU-10121,SUP-220,869,253,1245,0,5
2024-01-09,SKU-10122,SUP-213,317,617,1355,1355,8
2024-01-09,SKU-10123,SUP-241,3265,322,919,0,8
2024-01-09,SKU-10124,SUP-231,2774,427,1760,0,6
2024-01-09,SKU-10125,SUP-225,1661,668,1179,0,9
2024-01-09,SKU-10126,SUP-241,728,286,1984,0,13
2024-01-09,SKU-10127,SUP-229,921,646,799,0,10
2024-01-09,SKU-10128,SUP-209,426,248,685,0,3
2024-01-09,SKU-10129,SUP-216,237,575,786,786,6
2024-01-09,SKU-10130,SUP-208,1870,400,1035,0,14
2024-01-09,SKU-10131,SUP-215,1390,657,1190,0,12
2024-01-09,SKU-10132,SUP-247,1727,539,607,0,14
2024-01-09,SKU-10133,SUP-235,314,423,1785,1785,13
2024-01-09,SKU-10134,SUP-234,3057,405,1663,0,13
2024-01-09,SKU-10135,SUP-216,2529,723,635,0,12
2024-01-09,SKU-10136,SUP-247,1827,335,1312,0,6
2024-01-09,SKU-10137,SUP-237,2090,648,1134,0,6
2024-01-09,SKU-10138,SUP-227,894,216,768,0,4
2024-01-09,SKU-10139,SUP-237,1583,484,1560,0,9
2024-01-09,SKU-10140,SUP-225,1821,438,1240,0,7
2024-01-09,SKU-10141,SUP-223,1919,387,1387,0,11
2024-01-09,SKU-10142,SUP-214,1106,729,1175,0,10
2024-01-09,SKU-10143,SUP-208,2060,452,1171,0,3
2024-01-09,SKU-10144,SUP-232,3040,776,1487,0,3
2024-01-09,SKU-10145,SUP-231,1388,699,1746,0,8
2024-01-09,SKU-10146,SUP-205,2400,734,1402,0,10
2024-01-09,SKU-10147,SUP-248,1305,223,1816,0,5
2024-01-09,SKU-10148,SUP-203,432,774,528,528,7
2024-01-09,SKU-10149,SUP-207,449,608,1789,1789,5
2024-01-09,SKU-10150,SUP-209,3136,211,1885,0,12
2024-01-09,SKU-10151,SUP-240,1958,281,1863,0,11
2024-01-09,SKU-10152,SUP-210,731,227,1507,0,5
2024-01-09,SKU-10153,SUP-243,107,532,982,982,12
2024-01-09,SKU-10154,SUP-227,753,313,537,0,8
2024-01-09,SKU-10155,SUP-238,3331,444,1856,0,14
2024-01-09,SKU-10156,SUP-204,3414,458,909,0,8
2024-01-09,SKU-10157,SUP-224,2522,419,719,0,11
2024-01-09,SKU-10158,SUP-224,3297,497,1429,0,7
2024-01-09,SKU-10159,SUP-238,595,627,714,714,3
2024-01-09,SKU-10160,SUP-229,1784,413,1621,0,6
2024-01-09,SKU-10161,SUP-233,888,734,1053,0,7
2024-01-09,SKU-10162,SUP-216,367,364,1639,0,8
2024-01-09,SKU-10163,SUP-235,1332,492,1418,0,3
2024-01-09,SKU-10164,SUP-200,1191,788,915,0,8
2024-01-09,SKU-10165,SUP-243,2478,597,1916,0,7
2024-01-09,SKU-10166,SUP-246,1833,677,925,0,12
2024-01-09,SKU-10167,SUP-207,965,714,1652,0,5
2024-01-09,SKU-10168,SUP-243,1558,330,822,0,9
2024-01-09,SKU-10169,SUP-234,691,300,530,0,7
2024-01-09,SKU-10170,SUP-248,271,614,1246,1246,8
2024-01-09,SKU-10171,SUP-217,2129,245,1612,0,12
2024-01-09,SKU-10172,SUP-249,511,456,1875,0,11
2024-01-09,SKU-10173,SUP-241,1911,536,1824,0,8
2024-01-09,SKU-10174,SUP-221,2077,231,557,0,10
2024-01-09,SKU-10175,SUP-207,347,266,1189,0,8
2024-01-09,SKU-10176,SUP-218,2200,434,1142,0,7
2024-01-09,SKU-10177,SUP-227,1765,438,1818,0,10
2024-01-09,SKU-10178,SUP-210,3075,504,789,0,6
2024-01-09,SKU-10179,SUP-229,2201,569,719,0,9
2024-01-09,SKU-10180,SUP-200,3462,548,754,0,6
2024-01-09,SKU-10181,SUP-246,2655,288,1370,0,10
2024-01-09,SKU-10182,SUP-246,2466,722,1159,0,9
2024-01-09,SKU-10183,SUP-216,1158,407,709,0,3
2024-01-09,SKU-10184,SUP-232,2020,580,1327,0,11
2024-01-09,SKU-10185,SUP-248,529,595,531,531,3
2024-01-09,SKU-10186,SUP-211,3379,753,1957,0,11
2024-01-09,SKU-10187,SUP-232,1729,553,697,0,9
2024-01-09,SKU-10188,SUP-206,2072,346,997,0,4
2024-01-09,SKU-10189,SUP-240,3231,514,875,0,8
2024-01-09,SKU-10190,SUP-219,1102,732,1309,0,6
2024-01-09,SKU-10191,SUP-240,1795,386,1505,0,7
2024-01-09,SKU-10192,SUP-232,2525,791,1714,0,7
2024-01-09,SKU-10193,SUP-238,1882,589,659,0,14
2024-01-09,SKU-10194,SUP-212,1377,354,838,0,11
2024-01-09,SKU-10195,SUP-209,996,347,1398,0,9
2024-01-09,SKU-10196,SUP-223,3432,485,1947,0,9
2024-01-09,SKU-10197,SUP-248,2508,710,1553,0,10
2024-01-09,SKU-10198,SUP-210,1737,337,974,0,5
2024-01-09,SKU-10199,SUP-234,592,433,554,0,5
2024-01-09,SKU-10200,SUP-249,1625,747,1612,0,6
2024-01-09,SKU-10201,SUP-233,1190,664,1610,0,11
2024-01-09,SKU-10202,SUP-200,1554,256,1636,0,8
2024-01-09,SKU-10203,SUP-238,3418,432,553,0,3
2024-01-09,SKU-10204,SUP-220,2442,634,907,0,12
2024-01-09,SKU-10205,SUP-231,2901,550,1822,0,12
2024-01-09,SKU-10206,SUP-201,1448,725,1878,0,4
2024-01-09,SKU-10207,SUP-207,2938,769,1474,0,10
2024-01-09,SKU-10208,SUP-223,491,775,1276,1276,11
2024-01-09,SKU-10209,SUP-219,1665,361,1158,0,8
2024-01-09,SKU-10210,SUP-215,3533,281,1023,0,6
2024-01-09,SKU-10211,SUP-203,3103,250,1784,0,8
2024-01-09,SKU-10212,SUP-215,1941,767,1740,0,6
2024-01-09,SKU-10213,SUP-236,1413,753,1278,0,4
2024-01-09,SKU-10214,SUP-205,2070,583,776,0,10
2024-01-09,SKU-10215,SUP-205,1384,724,1743,0,8
2024-01-09,SKU-10216,SUP-246,894,427,516,0,11
2024-01-09,SKU-10217,SUP-231,37,698,1191,1191,12
2024-01-09,SKU-10218,SUP-204,2117,307,700,0,6
2024-01-09,SKU-10219,SUP-248,1871,458,1787,0,12
2024-01-09,SKU-10220,SUP-234,2853,753,1054,0,11
2024-01-09,SKU-10221,SUP-249,2432,679,631,0,4
2024-01-09,SKU-10222,SUP-208,245,530,1441,1441,13
2024-01-09,SKU-10223,SUP-208,1958,342,827,0,8
2024-01-09,SKU-10224,SUP-242,738,289,1307,0,12
2024-01-09,SKU-10225,SUP-230,2428,693,1052,0,7
2024-01-09,SKU-10226,SUP-235,200,655,734,734,10
2024-01-09,SKU-10227,SUP-210,1856,542,1699,0,6
2024-01-09,SKU-10228,SUP-216,1902,204,1131,0,8
2024-01-09,SKU-10229,SUP-233,1557,541,1924,0,4
2024-01-09,SKU-10230,SUP-238,955,451,502,0,4
2024-01-09,SKU-10231,SUP-227,1263,203,967,0,8
2024-01-09,SKU-10232,SUP-213,297,451,1810,1810,12
2024-01-09,SKU-10233,SUP-234,2771,785,1797,0,11
2024-01-09,SKU-10234,SUP-248,620,204,792,0,10
2024-01-09,SKU-10235,SUP-246,349,472,1062,1062,12
2024-01-09,SKU-10236,SUP-244,1742,600,745,0,9
2024-01-09,SKU-10237,SUP-212,1031,751,542,0,11
2024-01-09,SKU-10238,SUP-245,300,443,1426,1426,3
2024-01-09,SKU-10239,SUP-219,1363,797,1046,0,7
2024-01-09,SKU-10240,SUP-225,2665,673,1133,0,8
2024-01-09,SKU-10241,SUP-242,3457,224,870,0,8
2024-01-09,SKU-10242,SUP-241,1747,402,1790,0,10
2024-01-09,SKU-10243,SUP-223,552,303,1634,0,14
2024-01-09,SKU-10244,SUP-228,600,760,1773,1773,4
2024-01-09,SKU-10245,SUP-233,429,400,953,0,10
2024-01-09,SKU-10246,SUP-228,984,743,1732,0,6
2024-01-09,SKU-10247,SUP-207,2551,306,1788,0,4
2024-01-09,SKU-10248,SUP-215,3023,366,1162,0,11
2024-01-09,SKU-10249,SUP-214,2788,234,906,0,8
2024-01-09,SKU-10250,SUP-204,436,300,1068,0,9
2024-01-09,SKU-10251,SUP-221,2385,261,868,0,7
2024-01-09,SKU-10252,SUP-201,1730,249,1382,0,14
2024-01-09,SKU-10253,SUP-237,2565,578,599,0,6
2024-01-09,SKU-10254,SUP-235,366,420,1066,1066,13
2024-01-09,SKU-10255,SUP-214,1188,348,905,0,11
2024-01-09,SKU-10256,SUP-237,815,683,607,0,7
2024-01-09,SKU-10257,SUP-214,548,265,1155,0,7
2024-01-09,SKU-10258,SUP-200,2031,779,946,0,4
2024-01-09,SKU-10259,SUP-204,1052,569,1981,0,3
2024-01-09,SKU-10260,SUP-245,2077,362,1476,0,14
2024-01-09,SKU-10261,SUP-240,2031,667,925,0,9
2024-01-09,SKU-10262,SUP-203,1408,454,857,0,9
2024-01-09,SKU-10263,SUP-214,526,229,1023,0,3
2024-01-09,SKU-10264,SUP-204,1210,245,1694,0,4
2024-01-09,SKU-10265,SUP-202,916,402,1749,0,8
2024-01-09,SKU-10266,SUP-221,698,634,1037,0,3
2024-01-09,SKU-10267,SUP-204,1673,613,594,0,3
2024-01-09,SKU-10268,SUP-232,2221,265,1920,0,4
2024-01-09,SKU-10269,SUP-215,1829,770,1195,0,12
2024-01-09,SKU-10270,SUP-217,258,723,1982,1982,6
2024-01-09,SKU-10271,SUP-242,344,214,1565,0,8
2024-01-09,SKU-10272,SUP-231,3446,732,1193,0,10
2024-01-09,SKU-10273,SUP-213,1529,766,1697,0,6
2024-01-09,SKU-10274,SUP-234,1910,303,1150,0,5
2024-01-09,SKU-10275,SUP-208,2143,217,1707,0,3
2024-01-09,SKU-10276,SUP-246,2101,673,1445,0,13
2024-01-09,SKU-10277,SUP-236,945,556,1524,0,9
2024-01-09,SKU-10278,SUP-236,732,326,1508,0,6
2024-01-09,SKU-10279,SUP-230,2775,501,1462,0,3
2024-01-09,SKU-10280,SUP-215,3468,256,508,0,7
2024-01-09,SKU-10281,SUP-230,3452,404,523,0,13
2024-01-09,SKU-10282,SUP-226,1164,259,1609,0,7
2024-01-09,SKU-10283,SUP-212,469,401,588,0,7
2024-01-09,SKU-10284,SUP-206,2692,251,1151,0,5
2024-01-09,SKU-10285,SUP-206,1830,429,1653,0,9
2024-01-09,SKU-10286,SUP-242,332,268,1822,0,12
2024-01-09,SKU-10287,SUP-227,1866,351,829,0,6
2024-01-09,SKU-10288,SUP-222,444,771,728,728,5
2024-01-09,SKU-10289,SUP-227,534,227,1887,0,9
2024-01-09,SKU-10290,SUP-226,1703,470,1827,0,14
2024-01-09,SKU-10291,SUP-229,1858,281,1611,0,8
2024-01-09,SKU-10292,SUP-246,2097,650,932,0,8
2024-01-09,SKU-10293,SUP-203,2940,417,1631,0,5
2024-01-09,SKU-10294,SUP-243,1850,548,1287,0,12
2024-01-09,SKU-10295,SUP-241,92,569,1537,1537,6
2024-01-09,SKU-10296,SUP-241,1543,478,840,0,10
2024-01-09,SKU-10297,SUP-206,2021,224,1028,0,12
2024-01-09,SKU-10298,SUP-203,76,512,1083,1083,12
2024-01-09,SKU-10299,SUP-225,2889,422,574,0,8
2024-01-09,SKU-10300,SUP-246,2757,678,894,0,4
2024-01-09,SKU-10301,SUP-221,1060,317,1011,0,6
2024-01-09,SKU-10302,SUP-206,2143,426,1561,0,8
2024-01-09,SKU-10303,SUP-215,2002,392,749,0,9
2024-01-09,SKU-10304,SUP-212,2269,754,1911,0,9
2024-01-09,SKU-10305,SUP-212,1239,770,1472,0,8
2024-01-09,SKU-10306,SUP-234,1368,213,1894,0,13
2024-01-09,SKU-10307,SUP-228,2810,445,765,0,3
2024-01-09,SKU-10308,SUP-208,2801,526,1029,0,5
2024-01-09,SKU-10309,SUP-227,1034,753,1772,0,10
2024-01-09,SKU-10310,SUP-211,1756,731,1363,0,12
2024-01-09,SKU-10311,SUP-217,819,505,1308,0,9
2024-01-09,SKU-10312,SUP-229,847,332,1218,0,5
2024-01-09,SKU-10313,SUP-215,3157,722,1007,0,8
2024-01-09,SKU-10314,SUP-204,2879,594,1455,0,12
2024-01-09,SKU-10315,SUP-228,918,757,1765,0,10
2024-01-09,SKU-10316,SUP-235,2431,714,1397,0,8
2024-01-09,SKU-10317,SUP-206,3389,369,1145,0,11
2024-01-09,SKU-10318,SUP-203,2692,496,954,0,11
2024-01-09,SKU-10319,SUP-241,1111,439,1699,0,9
2024-01-09,SKU-10320,SUP-234,2693,656,1194,0,8
2024-01-09,SKU-10321,SUP-200,2434,306,943,0,6
2024-01-09,SKU-10322,SUP-205,794,471,1943,0,10
2024-01-09,SKU-10323,SUP-248,1940,616,1898,0,8
2024-01-09,SKU-10324,SUP-215,1825,689,652,0,3
2024-01-09,SKU-10325,SUP-210,3136,547,1982,0,12
2024-01-09,SKU-10326,SUP-226,2801,664,1303,0,5
2024-01-09,SKU-10327,SUP-231,1905,323,579,0,14
2024-01-09,SKU-10328,SUP-230,248,608,1554,1554,7
2024-01-09,SKU-10329,SUP-213,2931,531,742,0,10
2024-01-09,SKU-10330,SUP-225,581,672,875,875,3
2024-01-09,SKU-10331,SUP-203,1889,619,966,0,14
2024-01-09,SKU-10332,SUP-210,1334,741,1789,0,5
2024-01-09,SKU-10333,SUP-224,3509,253,1477,0,6
2024-01-09,SKU-10334,SUP-200,2291,288,819,0,9
2024-01-09,SKU-10335,SUP-224,626,770,684,684,8
2024-01-09,SKU-10336,SUP-216,3143,471,554,0,10
2024-01-09,SKU-10337,SUP-229,1886,465,1399,0,13
2024-01-09,SKU-10338,SUP-218,1700,370,1462,0,12
2024-01-09,SKU-10339,SUP-227,3519,767,1491,0,4
2024-01-09,SKU-10340,SUP-244,967,329,1917,0,9
2024-01-09,SKU-10341,SUP-246,3219,583,1540,0,4
2024-01-09,SKU-10342,SUP-235,1268,406,703,0,13
2024-01-09,SKU-10343,SUP-242,2236,222,1113,0,4
2024-01-09,SKU-10344,SUP-245,1956,581,1978,0,3
2024-01-09,SKU-10345,SUP-231,2878,782,773,0,6
2024-01-09,SKU-10346,SUP-209,131,516,606,606,6
2024-01-09,SKU-10347,SUP-212,1111,695,1471,0,12
2024-01-09,SKU-10348,SUP-218,1051,605,1513,0,11
2024-01-09,SKU-10349,SUP-213,1621,413,1075,0,3
2024-01-09,SKU-10350,SUP-203,1161,736,1623,0,11
2024-01-09,SKU-10351,SUP-237,613,424,1489,0,14
2024-01-09,SKU-10352,SUP-247,2921,629,514,0,13
2024-01-09,SKU-10353,SUP-234,1274,613,1878,0,11
2024-01-09,SKU-10354,SUP-203,2175,395,614,0,3
2024-01-09,SKU-10355,SUP-247,1677,235,741,0,9
2024-01-09,SKU-10356,SUP-220,91,204,1961,1961,8
2024-01-09,SKU-10357,SUP-203,2487,467,1161,0,11
2024-01-09,SKU-10358,SUP-203,2160,484,1183,0,13
2024-01-09,SKU-10359,SUP-237,2182,332,1575,0,12
2024-01-09,SKU-10360,SUP-230,2020,758,1769,0,9
2024-01-09,SKU-10361,SUP-232,1426,212,1148,0,13
2024-01-09,SKU-10362,SUP-233,2499,529,1952,0,9
2024-01-09,SKU-10363,SUP-210,2119,361,1155,0,5
2024-01-09,SKU-10364,SUP-203,1499,431,1249,0,7
2024-01-09,SKU-10365,SUP-232,2795,240,1059,0,4
2024-01-09,SKU-10366,SUP-205,1423,316,933,0,5
2024-01-09,SKU-10367,SUP-211,1907,650,924,0,12
2024-01-09,SKU-10368,SUP-204,1637,494,1506,0,13
2024-01-09,SKU-10369,SUP-238,408,639,679,679,6
2024-01-09,SKU-10370,SUP-204,1981,222,1850,0,12
2024-01-09,SKU-10371,SUP-243,802,269,1616,0,11
2024-01-09,SKU-10372,SUP-215,2669,787,1586,0,6
2024-01-09,SKU-10373,SUP-225,1315,741,656,0,9
2024-01-09,SKU-10374,SUP-207,1611,254,1551,0,4
2024-01-09,SKU-10375,SUP-236,1110,569,708,0,13
2024-01-09,SKU-10376,SUP-215,3469,757,815,0,11
2024-01-09,SKU-10377,SUP-237,2988,458,1721,0,13
2024-01-09,SKU-10378,SUP-238,3247,781,1104,0,7
2024-01-09,SKU-10379,SUP-202,1056,504,838,0,3
2024-01-09,SKU-10380,SUP-239,2507,618,804,0,8
2024-01-09,SKU-10381,SUP-205,2030,723,751,0,10
2024-01-09,SKU-10382,SUP-226,161,604,803,803,10
2024-01-09,SKU-10383,SUP-242,3558,251,1154,0,6
2024-01-09,SKU-10384,SUP-237,3103,710,700,0,5
2024-01-09,SKU-10385,SUP-236,3510,556,1570,0,14
2024-01-09,SKU-10386,SUP-233,142,394,1517,1517,7
2024-01-09,SKU-10387,SUP-220,556,657,1039,1039,9
2024-01-09,SKU-10388,SUP-216,1178,655,1009,0,3
2024-01-09,SKU-10389,SUP-213,2422,504,1868,0,4
2024-01-09,SKU-10390,SUP-242,1246,576,742,0,3
2024-01-09,SKU-10391,SUP-245,466,557,1681,1681,4
2024-01-09,SKU-10392,SUP-220,2513,760,1870,0,12
2024-01-09,SKU-10393,SUP-215,239,686,986,986,9
2024-01-09,SKU-10394,SUP-216,1649,246,706,0,13
2024-01-09,SKU-10395,SUP-225,3008,769,642,0,3
2024-01-09,SKU-10396,SUP-208,1248,430,1863,0,13
2024-01-09,SKU-10397,SUP-242,794,521,586,0,12
2024-01-09,SKU-10398,SUP-241,375,273,952,0,14
2024-01-09,SKU-10399,SUP-219,2570,216,1735,0,6
2024-01-09,SKU-10400,SUP-229,1476,553,804,0,9
2024-01-09,SKU-10401,SUP-220,1936,739,1008,0,10
2024-01-09,SKU-10402,SUP-248,1786,761,1356,0,3
2024-01-09,SKU-10403,SUP-204,1772,644,1650,0,7
2024-01-09,SKU-10404,SUP-200,882,619,651,0,13
2024-01-09,SKU-10405,SUP-229,1765,551,1598,0,4
2024-01-09,SKU-10406,SUP-239,770,332,899,0,13
2024-01-09,SKU-10407,SUP-236,2814,311,1693,0,9
2024-01-09,SKU-10408,SUP-206,1979,337,1759,0,10
2024-01-09,SKU-10409,SUP-204,3500,770,615,0,10
2024-01-09,SKU-10410,SUP-234,1536,541,1514,0,4
2024-01-09,SKU-10411,SUP-213,1466,784,1889,0,12
2024-01-09,SKU-10412,SUP-232,2400,668,1941,0,13
2024-01-09,SKU-10413,SUP-216,2072,213,597,0,9
2024-01-09,SKU-10414,SUP-208,2340,406,1756,0,7
2024-01-09,SKU-10415,SUP-222,3314,796,805,0,10
2024-01-09,SKU-10416,SUP-204,2233,435,1814,0,9
2024-01-09,SKU-10417,SUP-215,3279,229,1911,0,9
2024-01-09,SKU-10418,SUP-223,1235,254,1461,0,14
2024-01-09,SKU-10419,SUP-218,115,627,1555,1555,5
2024-01-09,SKU-10420,SUP-210,2460,711,1593,0,4
2024-01-09,SKU-10421,SUP-228,714,469,1318,0,13
2024-01-09,SKU-10422,SUP-234,2568,209,1991,0,14
2024-01-09,SKU-10423,SUP-245,1520,320,1091,0,7
2024-01-09,SKU-10424,SUP-219,2112,609,857,0,9
2024-01-09,SKU-10425,SUP-239,2627,313,1764,0,14
2024-01-09,SKU-10426,SUP-241,485,791,1835,1835,12
2024-01-09,SKU-10427,SUP-233,2404,498,761,0,3
2024-01-09,SKU-10428,SUP-200,128,622,1919,1919,6
2024-01-09,SKU-10429,SUP-242,2490,529,1448,0,4
2024-01-09,SKU-10430,SUP-235,1524,507,958,0,11
2024-01-09,SKU-10431,SUP-219,505,640,1172,1172,9
2024-01-09,SKU-10432,SUP-242,2206,453,1858,0,8
2024-01-09,SKU-10433,SUP-206,1217,318,1495,0,13
2024-01-09,SKU-10434,SUP-208,653,692,1593,1593,8
2024-01-09,SKU-10435,SUP-216,3368,380,1528,0,7
2024-01-09,SKU-10436,SUP-207,125,339,1950,1950,3
2024-01-09,SKU-10437,SUP-206,2298,473,1339,0,8
2024-01-09,SKU-10438,SUP-247,2981,560,1517,0,7
2024-01-09,SKU-10439,SUP-235,3229,231,1120,0,3
2024-01-09,SKU-10440,SUP-209,218,496,529,529,14
2024-01-09,SKU-10441,SUP-217,1145,681,816,0,3
2024-01-09,SKU-10442,SUP-218,1717,433,667,0,9
2024-01-09,SKU-10443,SUP-238,198,319,1951,1951,3
2024-01-09,SKU-10444,SUP-213,1438,627,1059,0,12
2024-01-09,SKU-10445,SUP-245,930,711,1313,0,8
2024-01-09,SKU-10446,SUP-221,1283,539,980,0,11
2024-01-09,SKU-10447,SUP-213,2458,332,1343,0,5
2024-01-09,SKU-10448,SUP-243,1854,643,529,0,11
2024-01-09,SKU-10449,SUP-240,2850,657,803,0,6
2024-01-09,SKU-10450,SUP-216,3022,501,1380,0,14
2024-01-09,SKU-10451,SUP-232,3057,714,1443,0,5
2024-01-09,SKU-10452,SUP-231,136,665,965,965,11
2024-01-09,SKU-10453,SUP-216,3306,484,1446,0,12
2024-01-09,SKU-10454,SUP-203,2426,308,1938,0,14
2024-01-09,SKU-10455,SUP-205,1195,622,1071,0,5
2024-01-09,SKU-10456,SUP-240,1520,725,967,0,12
2024-01-09,SKU-10457,SUP-227,2286,409,755,0,13
2024-01-09,SKU-10458,SUP-217,112,516,1105,1105,12
2024-01-09,SKU-10459,SUP-202,3141,511,1307,0,8
2024-01-09,SKU-10460,SUP-200,605,557,1429,0,5
2024-01-09,SKU-10461,SUP-221,2721,722,1303,0,6
2024-01-09,SKU-10462,SUP-249,2856,390,1976,0,10
2024-01-09,SKU-10463,SUP-208,2946,567,1506,0,7
2024-01-09,SKU-10464,SUP-240,1211,701,1517,0,7
2024-01-09,SKU-10465,SUP-216,3184,431,815,0,8
2024-01-09,SKU-10466,SUP-210,2207,610,744,0,5
2024-01-09,SKU-10467,SUP-247,3276,221,518,0,6
2024-01-09,SKU-10468,SUP-228,766,751,1178,0,13
2024-01-09,SKU-10469,SUP-235,518,534,1151,1151,9
2024-01-09,SKU-10470,SUP-245,2491,346,1733,0,11
2024-01-09,SKU-10471,SUP-227,1057,551,1686,0,5
2024-01-09,SKU-10472,SUP-235,2604,526,1678,0,12
2024-01-09,SKU-10473,SUP-200,2842,205,1856,0,4
2024-01-09,SKU-10474,SUP-207,310,644,1509,1509,11
2024-01-09,SKU-10475,SUP-204,3317,250,653,0,8
2024-01-09,SKU-10476,SUP-244,1027,509,1922,0,8
2024-01-09,SKU-10477,SUP-209,2682,768,1445,0,3
2024-01-09,SKU-10478,SUP-234,2569,268,1325,0,8
2024-01-09,SKU-10479,SUP-202,3138,457,716,0,4
2024-01-09,SKU-10480,SUP-223,2370,436,975,0,14
2024-01-09,SKU-10481,SUP-237,2358,328,1009,0,7
2024-01-09,SKU-10482,SUP-235,2885,331,1491,0,12
2024-01-09,SKU-10483,SUP-209,270,250,1782,0,4
2024-01-09,SKU-10484,SUP-227,1179,555,1841,0,12
2024-01-09,SKU-10485,SUP-208,489,355,1567,0,3
2024-01-09,SKU-10486,SUP-202,2505,521,1147,0,7
2024-01-09,SKU-10487,SUP-219,1803,558,1841,0,13
2024-01-09,SKU-10488,SUP-223,2398,393,862,0,10
2024-01-09,SKU-10489,SUP-202,3365,216,1026,0,3
2024-01-09,SKU-10490,SUP-222,1032,242,1125,0,12
2024-01-09,SKU-10491,SUP-213,2943,640,1505,0,9
2024-01-09,SKU-10492,SUP-243,1968,494,1398,0,11
2024-01-09,SKU-10493,SUP-215,2429,391,1193,0,4
2024-01-09,SKU-10494,SUP-242,641,673,702,702,4
2024-01-09,SKU-10495,SUP-206,578,267,1615,0,12
2024-01-09,SKU-10496,SUP-222,2706,758,1526,0,9
2024-01-09,SKU-10497,SUP-249,215,733,615,615,13
2024-01-09,SKU-10498,SUP-235,3005,458,1831,0,3
2024-01-09,SKU-10499,SUP-226,3392,501,1059,0,13
2024-01-10,SKU-10000,SUP-240,3160,564,1452,0,12
2024-01-10,SKU-10001,SUP-207,936,703,1087,0,9
2024-01-10,SKU-10002,SUP-201,2633,765,1889,0,13
2024-01-10,SKU-10003,SUP-247,2353,421,501,0,12
2024-01-10,SKU-10004,SUP-217,458,727,1831,1831,7
2024-01-10,SKU-10005,SUP-215,830,551,1309,0,3
2024-01-10,SKU-10006,SUP-214,1145,214,1357,0,14
2024-01-10,SKU-10007,SUP-208,3095,756,1617,0,13
2024-01-10,SKU-10008,SUP-247,225,397,856,856,9
2024-01-10,SKU-10009,SUP-206,672,200,1585,0,9
2024-01-10,SKU-10010,SUP-243,3269,570,1321,0,5
2024-01-10,SKU-10011,SUP-247,1953,646,1109,0,10
2024-01-10,SKU-10012,SUP-234,608,333,884,0,10
2024-01-10,SKU-10013,SUP-205,1196,313,1611,0,12
2024-01-10,SKU-10014,SUP-237,1914,343,1368,0,10
2024-01-10,SKU-10015,SUP-227,758,205,1041,0,7
2024-01-10,SKU-10016,SUP-202,1748,501,1928,0,5
2024-01-10,SKU-10017,SUP-201,1050,761,1279,0,7
2024-01-10,SKU-10018,SUP-205,3105,763,764,0,5
2024-01-10,SKU-10019,SUP-213,1451,209,801,0,9
2024-01-10,SKU-10020,SUP-214,2445,251,598,0,3
2024-01-10,SKU-10021,SUP-232,1704,210,580,0,7
2024-01-10,SKU-10022,SUP-238,2456,680,721,0,7
2024-01-10,SKU-10023,SUP-201,2442,259,720,0,4
2024-01-10,SKU-10024,SUP-235,2935,427,789,0,7
2024-01-10,SKU-10025,SUP-212,3536,705,887,0,9
2024-01-10,SKU-10026,SUP-245,2971,508,1801,0,8
2024-01-10,SKU-10027,SUP-241,1535,574,1259,0,8
2024-01-10,SKU-10028,SUP-244,2784,393,1850,0,7
2024-01-10,SKU-10029,SUP-234,1875,563,1274,0,3
2024-01-10,SKU-10030,SUP-226,2503,738,1473,0,4
2024-01-10,SKU-10031,SUP-214,2608,442,1992,0,8
2024-01-10,SKU-10032,SUP-228,814,559,587,0,6
2024-01-10,SKU-10033,SUP-237,873,670,1877,0,5
2024-01-10,SKU-10034,SUP-217,1994,288,1713,0,5
2024-01-10,SKU-10035,SUP-200,738,737,1699,0,14
2024-01-10,SKU-10036,SUP-248,3364,753,982,0,13
2024-01-10,SKU-10037,SUP-210,1372,346,1960,0,9
2024-01-10,SKU-10038,SUP-244,255,601,1085,1085,4
2024-01-10,SKU-10039,SUP-227,162,527,724,724,9
2024-01-10,SKU-10040,SUP-221,1867,720,1776,0,14
2024-01-10,SKU-10041,SUP-217,1436,270,1050,0,12
2024-01-10,SKU-10042,SUP-209,555,629,1742,1742,13
2024-01-10,SKU-10043,SUP-213,1772,743,1649,0,5
2024-01-10,SKU-10044,SUP-248,2878,319,1820,0,9
2024-01-10,SKU-10045,SUP-221,1246,647,1495,0,9
2024-01-10,SKU-10046,SUP-206,1812,223,1584,0,9
2024-01-10,SKU-10047,SUP-205,2094,424,685,0,9
2024-01-10,SKU-10048,SUP-224,122,540,652,652,7
2024-01-10,SKU-10049,SUP-206,2990,657,1327,0,5
2024-01-10,SKU-10050,SUP-222,2945,411,1955,0,6
2024-01-10,SKU-10051,SUP-222,3420,693,1666,0,8
2024-01-10,SKU-10052,SUP-238,1815,593,1011,0,13
2024-01-10,SKU-10053,SUP-216,2139,527,1103,0,5
2024-01-10,SKU-10054,SUP-202,2286,548,1014,0,3
2024-01-10,SKU-10055,SUP-246,2960,413,1061,0,3
2024-01-10,SKU-10056,SUP-229,2343,457,1911,0,8
2024-01-10,SKU-10057,SUP-234,1982,512,1563,0,8
2024-01-10,SKU-10058,SUP-207,3533,335,1098,0,14
2024-01-10,SKU-10059,SUP-224,2849,434,1654,0,3
2024-01-10,SKU-10060,SUP-205,3447,384,1914,0,9
2024-01-10,SKU-10061,SUP-235,1824,211,579,0,11
2024-01-10,SKU-10062,SUP-218,2899,471,632,0,7
2024-01-10,SKU-10063,SUP-240,3443,340,982,0,3
2024-01-10,SKU-10064,SUP-239,2930,469,1631,0,12
2024-01-10,SKU-10065,SUP-223,1310,283,1813,0,9
2024-01-10,SKU-10066,SUP-236,259,662,1918,1918,4
2024-01-10,SKU-10067,SUP-212,3033,633,1772,0,6
2024-01-10,SKU-10068,SUP-245,3323,440,1201,0,6
2024-01-10,SKU-10069,SUP-204,3484,474,514,0,11
2024-01-10,SKU-10070,SUP-202,2435,564,1763,0,8
2024-01-10,SKU-10071,SUP-242,2732,699,708,0,7
2024-01-10,SKU-10072,SUP-214,532,588,1496,1496,9
2024-01-10,SKU-10073,SUP-249,609,550,633,0,4
2024-01-10,SKU-10074,SUP-218,834,316,1790,0,12
2024-01-10,SKU-10075,SUP-205,2689,378,647,0,3
2024-01-10,SKU-10076,SUP-214,1223,204,1025,0,10
2024-01-10,SKU-10077,SUP-206,3096,635,1315,0,10
2024-01-10,SKU-10078,SUP-224,3330,714,1660,0,4
2024-01-10,SKU-10079,SUP-217,3217,479,631,0,11
2024-01-10,SKU-10080,SUP-229,685,618,1725,0,14
2024-01-10,SKU-10081,SUP-240,3345,401,651,0,3
2024-01-10,SKU-10082,SUP-223,2753,399,598,0,4
2024-01-10,SKU-10083,SUP-210,2405,573,1575,0,9
2024-01-10,SKU-10084,SUP-223,1951,610,1993,0,3
2024-01-10,SKU-10085,SUP-222,1317,460,1242,0,3
2024-01-10,SKU-10086,SUP-213,2963,215,1161,0,6
2024-01-10,SKU-10087,SUP-242,2663,271,517,0,4
2024-01-10,SKU-10088,SUP-217,717,768,1620,1620,9
2024-01-10,SKU-10089,SUP-244,1094,210,662,0,13
2024-01-10,SKU-10090,SUP-243,2108,440,1356,0,12
2024-01-10,SKU-10091,SUP-241,754,241,883,0,12
2024-01-10,SKU-10092,SUP-204,1262,238,510,0,11
2024-01-10,SKU-10093,SUP-238,2601,283,557,0,7
2024-01-10,SKU-10094,SUP-240,3478,364,936,0,9
2024-01-10,SKU-10095,SUP-210,2106,602,1909,0,12
2024-01-10,SKU-10096,SUP-234,1457,730,792,0,13
2024-01-10,SKU-10097,SUP-246,618,572,1685,0,4
2024-01-10,SKU-10098,SUP-215,2522,282,1391,0,14
2024-01-10,SKU-10099,SUP-210,3164,718,1934,0,7
2024-01-10,SKU-10100,SUP-229,850,288,1753,0,4
2024-01-10,SKU-10101,SUP-224,3277,480,921,0,8
2024-01-10,SKU-10102,SUP-217,1078,465,1302,0,5
2024-01-10,SKU-10103,SUP-240,2975,416,820,0,4
2024-01-10,SKU-10104,SUP-244,955,402,1216,0,11
2024-01-10,SKU-10105,SUP-235,2308,352,1952,0,3
2024-01-10,SKU-10106,SUP-214,2845,635,995,0,14
2024-01-10,SKU-10107,SUP-243,1486,681,1849,0,13
2024-01-10,SKU-10108,SUP-220,872,756,997,0,4
2024-01-10,SKU-10109,SUP-249,2154,507,1203,0,6
2024-01-10,SKU-10110,SUP-249,1547,228,993,0,8
2024-01-10,SKU-10111,SUP-203,2104,376,1483,0,10
2024-01-10,SKU-10112,SUP-214,2570,334,1256,0,13
2024-01-10,SKU-10113,SUP-202,653,303,930,0,7
2024-01-10,SKU-10114,SUP-220,2331,646,1282,0,11
2024-01-10,SKU-10115,SUP-225,221,661,1639,1639,6
2024-01-10,SKU-10116,SUP-217,2542,480,1534,0,10
2024-01-10,SKU-10117,SUP-204,2147,439,1516,0,14
2024-01-10,SKU-10118,SUP-213,839,364,1330,0,9
2024-01-10,SKU-10119,SUP-236,182,488,1598,1598,14
2024-01-10,SKU-10120,SUP-245,1746,374,973,0,11
2024-01-10,SKU-10121,SUP-220,309,575,1915,1915,8
2024-01-10,SKU-10122,SUP-213,2481,333,1364,0,14
2024-01-10,SKU-10123,SUP-241,856,637,1338,0,14
2024-01-10,SKU-10124,SUP-231,3024,771,1016,0,7
2024-01-10,SKU-10125,SUP-225,2985,380,644,0,13
2024-01-10,SKU-10126,SUP-241,946,683,981,0,5
2024-01-10,SKU-10127,SUP-229,2877,727,1615,0,10
2024-01-10,SKU-10128,SUP-209,1700,294,929,0,13
2024-01-10,SKU-10129,SUP-216,1245,772,1814,0,12
2024-01-10,SKU-10130,SUP-208,2874,543,1362,0,8
2024-01-10,SKU-10131,SUP-215,1740,364,1536,0,11
2024-01-10,SKU-10132,SUP-247,1356,746,1517,0,5
2024-01-10,SKU-10133,SUP-235,1632,242,903,0,3
2024-01-10,SKU-10134,SUP-234,757,462,569,0,7
2024-01-10,SKU-10135,SUP-216,1584,346,524,0,5
2024-01-10,SKU-10136,SUP-247,2423,450,981,0,13
2024-01-10,SKU-10137,SUP-237,997,369,501,0,8
2024-01-10,SKU-10138,SUP-227,830,561,1819,0,12
2024-01-10,SKU-10139,SUP-237,784,261,625,0,3
2024-01-10,SKU-10140,SUP-225,1119,378,992,0,3
2024-01-10,SKU-10141,SUP-223,3206,368,1476,0,5
2024-01-10,SKU-10142,SUP-214,324,299,714,0,5
2024-01-10,SKU-10143,SUP-208,3219,747,836,0,9
2024-01-10,SKU-10144,SUP-232,1680,559,1514,0,13
2024-01-10,SKU-10145,SUP-231,1446,737,1153,0,13
2024-01-10,SKU-10146,SUP-205,535,702,556,556,8
2024-01-10,SKU-10147,SUP-248,3350,665,784,0,4
2024-01-10,SKU-10148,SUP-203,570,458,1339,0,13
2024-01-10,SKU-10149,SUP-207,3368,592,1099,0,3
2024-01-10,SKU-10150,SUP-209,1271,209,976,0,6
2024-01-10,SKU-10151,SUP-240,2531,511,1761,0,11
2024-01-10,SKU-10152,SUP-210,1601,379,1290,0,12
2024-01-10,SKU-10153,SUP-243,1824,730,1191,0,4
2024-01-10,SKU-10154,SUP-227,1404,689,504,0,14
2024-01-10,SKU-10155,SUP-238,1634,672,1661,0,8
2024-01-10,SKU-10156,SUP-204,3470,362,817,0,12
2024-01-10,SKU-10157,SUP-224,2154,437,1643,0,8
2024-01-10,SKU-10158,SUP-224,2246,449,1859,0,14
2024-01-10,SKU-10159,SUP-238,208,350,1788,1788,14
2024-01-10,SKU-10160,SUP-229,1538,415,1858,0,9
2024-01-10,SKU-10161,SUP-233,2041,710,1417,0,4
2024-01-10,SKU-10162,SUP-216,113,529,1513,1513,14
2024-01-10,SKU-10163,SUP-235,3388,319,1598,0,8
2024-01-10,SKU-10164,SUP-200,3251,381,1420,0,8
2024-01-10,SKU-10165,SUP-243,1055,797,1792,0,6
2024-01-10,SKU-10166,SUP-246,3509,347,1179,0,11
2024-01-10,SKU-10167,SUP-207,1523,594,1107,0,13
2024-01-10,SKU-10168,SUP-243,2528,746,1292,0,3
2024-01-10,SKU-10169,SUP-234,1732,792,1573,0,9
2024-01-10,SKU-10170,SUP-248,2928,580,1149,0,10
2024-01-10,SKU-10171,SUP-217,1647,361,518,0,10
2024-01-10,SKU-10172,SUP-249,2728,375,908,0,10
2024-01-10,SKU-10173,SUP-241,1318,421,1848,0,5
2024-01-10,SKU-10174,SUP-221,1731,524,1022,0,8
2024-01-10,SKU-10175,SUP-207,3312,437,1508,0,9
2024-01-10,SKU-10176,SUP-218,1352,713,1733,0,6
2024-01-10,SKU-10177,SUP-227,3000,256,712,0,9
2024-01-10,SKU-10178,SUP-210,1676,650,1098,0,12
2024-01-10,SKU-10179,SUP-229,2298,312,1687,0,6
2024-01-10,SKU-10180,SUP-200,47,291,968,968,12
2024-01-10,SKU-10181,SUP-246,1472,406,1513,0,3
2024-01-10,SKU-10182,SUP-246,3224,606,1626,0,11
2024-01-10,SKU-10183,SUP-216,114,448,1499,1499,4
2024-01-10,SKU-10184,SUP-232,406,736,1234,1234,13
2024-01-10,SKU-10185,SUP-248,1581,594,952,0,14
2024-01-10,SKU-10186,SUP-211,1270,310,1644,0,5
2024-01-10,SKU-10187,SUP-232,1867,315,1464,0,9
2024-01-10,SKU-10188,SUP-206,1839,548,731,0,4
2024-01-10,SKU-10189,SUP-240,1850,484,1135,0,9
2024-01-10,SKU-10190,SUP-219,627,369,576,0,7
2024-01-10,SKU-10191,SUP-240,392,262,769,0,10
2024-01-10,SKU-10192,SUP-232,1360,292,1576,0,6
2024-01-10,SKU-10193,SUP-238,109,428,749,749,9
2024-01-10,SKU-10194,SUP-212,963,480,1461,0,13
2024-01-10,SKU-10195,SUP-209,1344,766,1030,0,14
2024-01-10,SKU-10196,SUP-223,527,653,766,766,13
2024-01-10,SKU-10197,SUP-248,1448,431,1820,0,4
2024-01-10,SKU-10198,SUP-210,1145,771,1415,0,8
2024-01-10,SKU-10199,SUP-234,444,302,1399,0,10
2024-01-10,SKU-10200,SUP-249,3335,769,1995,0,3
2024-01-10,SKU-10201,SUP-233,1846,275,1542,0,7
2024-01-10,SKU-10202,SUP-200,2690,651,578,0,6
2024-01-10,SKU-10203,SUP-238,1474,644,648,0,12
2024-01-10,SKU-10204,SUP-220,1964,254,1371,0,6
2024-01-10,SKU-10205,SUP-231,877,621,950,0,10
2024-01-10,SKU-10206,SUP-201,2963,632,1453,0,5
2024-01-10,SKU-10207,SUP-207,3345,284,1283,0,7
2024-01-10,SKU-10208,SUP-223,3454,683,1908,0,3
2024-01-10,SKU-10209,SUP-219,1619,443,1206,0,11
2024-01-10,SKU-10210,SUP-215,1288,715,1556,0,13
2024-01-10,SKU-10211,SUP-203,622,518,1647,0,6
2024-01-10,SKU-10212,SUP-215,1692,687,950,0,3
2024-01-10,SKU-10213,SUP-236,1464,519,1688,0,7
2024-01-10,SKU-10214,SUP-205,351,678,1212,1212,3
2024-01-10,SKU-10215,SUP-205,2221,607,1868,0,5
2024-01-10,SKU-10216,SUP-246,1818,505,866,0,6
2024-01-10,SKU-10217,SUP-231,3012,345,645,0,14
2024-01-10,SKU-10218,SUP-204,310,474,586,586,12
2024-01-10,SKU-10219,SUP-248,3133,514,1222,0,4
2024-01-10,SKU-10220,SUP-234,2157,461,986,0,8
2024-01-10,SKU-10221,SUP-249,3091,742,1628,0,10
2024-01-10,SKU-10222,SUP-208,473,637,668,668,14
2024-01-10,SKU-10223,SUP-208,112,718,1221,1221,6
2024-01-10,SKU-10224,SUP-242,2707,431,1044,0,5
2024-01-10,SKU-10225,SUP-230,3050,520,827,0,9
2024-01-10,SKU-10226,SUP-235,3265,563,1755,0,10
2024-01-10,SKU-10227,SUP-210,1796,746,1697,0,10
2024-01-10,SKU-10228,SUP-216,1604,400,1184,0,11
2024-01-10,SKU-10229,SUP-233,2617,265,1457,0,5
2024-01-10,SKU-10230,SUP-238,2359,222,1201,0,10
2024-01-10,SKU-10231,SUP-227,3096,504,676,0,5
2024-01-10,SKU-10232,SUP-213,1075,756,1697,0,9
2024-01-10,SKU-10233,SUP-234,878,779,596,0,9
2024-01-10,SKU-10234,SUP-248,2973,436,790,0,10
2024-01-10,SKU-10235,SUP-246,2970,447,1265,0,8
2024-01-10,SKU-10236,SUP-244,2577,215,1697,0,13
2024-01-10,SKU-10237,SUP-212,3515,723,718,0,3
2024-01-10,SKU-10238,SUP-245,2500,292,950,0,14
2024-01-10,SKU-10239,SUP-219,2368,678,815,0,12
2024-01-10,SKU-10240,SUP-225,1203,438,1627,0,13
2024-01-10,SKU-10241,SUP-242,1283,574,1920,0,5
2024-01-10,SKU-10242,SUP-241,488,747,1295,1295,6
2024-01-10,SKU-10243,SUP-223,1843,306,1356,0,11
2024-01-10,SKU-10244,SUP-228,365,787,1750,1750,6
2024-01-10,SKU-10245,SUP-233,1205,249,1367,0,12
2024-01-10,SKU-10246,SUP-228,3360,276,1234,0,11
2024-01-10,SKU-10247,SUP-207,1828,526,1007,0,7
2024-01-10,SKU-10248,SUP-215,1046,440,934,0,14
2024-01-10,SKU-10249,SUP-214,3302,732,1995,0,13
2024-01-10,SKU-10250,SUP-204,1907,612,1068,0,9
2024-01-10,SKU-10251,SUP-221,1980,683,1681,0,14
2024-01-10,SKU-10252,SUP-201,286,586,755,755,6
2024-01-10,SKU-10253,SUP-237,2917,642,848,0,11
2024-01-10,SKU-10254,SUP-235,2532,596,1961,0,4
2024-01-10,SKU-10255,SUP-214,3105,345,678,0,10
2024-01-10,SKU-10256,SUP-237,1668,229,558,0,11
2024-01-10,SKU-10257,SUP-214,1226,366,1860,0,13
2024-01-10,SKU-10258,SUP-200,3493,359,1276,0,13
2024-01-10,SKU-10259,SUP-204,1791,398,1556,0,10
2024-01-10,SKU-10260,SUP-245,1349,420,1592,0,8
2024-01-10,SKU-10261,SUP-240,1483,359,1339,0,6
2024-01-10,SKU-10262,SUP-203,1574,753,1077,0,7
2024-01-10,SKU-10263,SUP-214,441,701,745,745,5
2024-01-10,SKU-10264,SUP-204,2448,528,1046,0,5
2024-01-10,SKU-10265,SUP-202,1067,401,1780,0,8
2024-01-10,SKU-10266,SUP-221,3331,778,1111,0,5
2024-01-10,SKU-10267,SUP-204,2462,690,753,0,3
2024-01-10,SKU-10268,SUP-232,365,455,1227,1227,10
2024-01-10,SKU-10269,SUP-215,680,206,1722,0,13
2024-01-10,SKU-10270,SUP-217,3304,442,1742,0,8
2024-01-10,SKU-10271,SUP-242,145,265,1533,1533,12
2024-01-10,SKU-10272,SUP-231,2157,413,567,0,9
2024-01-10,SKU-10273,SUP-213,451,216,1022,0,7
2024-01-10,SKU-10274,SUP-234,1170,703,1748,0,6
2024-01-10,SKU-10275,SUP-208,1643,740,1881,0,5
2024-01-10,SKU-10276,SUP-246,1823,696,971,0,13
2024-01-10,SKU-10277,SUP-236,3475,499,583,0,11
2024-01-10,SKU-10278,SUP-236,2028,403,1878,0,3
2024-01-10,SKU-10279,SUP-230,1663,216,1074,0,13
2024-01-10,SKU-10280,SUP-215,3218,329,614,0,4
2024-01-10,SKU-10281,SUP-230,1204,415,1347,0,3
2024-01-10,SKU-10282,SUP-226,1303,639,1116,0,11
2024-01-10,SKU-10283,SUP-212,1435,605,1878,0,3
2024-01-10,SKU-10284,SUP-206,2251,225,582,0,9
2024-01-10,SKU-10285,SUP-206,2133,269,1334,0,8
2024-01-10,SKU-10286,SUP-242,3508,262,1536,0,11
2024-01-10,SKU-10287,SUP-227,226,239,1688,1688,6
2024-01-10,SKU-10288,SUP-222,1835,597,1982,0,11
2024-01-10,SKU-10289,SUP-227,3248,799,1124,0,6
2024-01-10,SKU-10290,SUP-226,2416,627,924,0,5
2024-01-10,SKU-10291,SUP-229,3223,584,1662,0,7
2024-01-10,SKU-10292,SUP-246,3330,443,921,0,8
2024-01-10,SKU-10293,SUP-203,2045,378,792,0,9
2024-01-10,SKU-10294,SUP-243,1401,444,1672,0,14
2024-01-10,SKU-10295,SUP-241,100,605,1990,1990,3
2024-01-10,SKU-10296,SUP-241,1072,525,1526,0,3
2024-01-10,SKU-10297,SUP-206,138,298,1920,1920,13
2024-01-10,SKU-10298,SUP-203,164,311,1522,1522,6
2024-01-10,SKU-10299,SUP-225,100,744,1809,1809,7
2024-01-10,SKU-10300,SUP-246,2804,385,1513,0,10
2024-01-10,SKU-10301,SUP-221,1380,566,1651,0,5
2024-01-10,SKU-10302,SUP-206,1606,476,559,0,4
2024-01-10,SKU-10303,SUP-215,3458,603,1380,0,7
2024-01-10,SKU-10304,SUP-212,1371,535,1330,0,11
2024-01-10,SKU-10305,SUP-212,322,514,1459,1459,8
2024-01-10,SKU-10306,SUP-234,105,297,1823,1823,11
2024-01-10,SKU-10307,SUP-228,1095,342,1430,0,9
2024-01-10,SKU-10308,SUP-208,2738,668,591,0,4
2024-01-10,SKU-10309,SUP-227,853,563,1656,0,9
2024-01-10,SKU-10310,SUP-211,546,355,886,0,9
2024-01-10,SKU-10311,SUP-217,2787,700,958,0,4
2024-01-10,SKU-10312,SUP-229,1253,291,1979,0,5
2024-01-10,SKU-10313,SUP-215,2014,203,780,0,4
2024-01-10,SKU-10314,SUP-204,2516,592,707,0,6
2024-01-10,SKU-10315,SUP-228,1218,704,702,0,13
2024-01-10,SKU-10316,SUP-235,2473,792,1879,0,5
2024-01-10,SKU-10317,SUP-206,2956,577,1288,0,14
2024-01-10,SKU-10318,SUP-203,3489,236,544,0,10
2024-01-10,SKU-10319,SUP-241,2050,764,800,0,4
2024-01-10,SKU-10320,SUP-234,2756,261,1080,0,4
2024-01-10,SKU-10321,SUP-200,2178,270,1334,0,6
2024-01-10,SKU-10322,SUP-205,3167,728,1828,0,6
2024-01-10,SKU-10323,SUP-248,2613,724,1824,0,7
2024-01-10,SKU-10324,SUP-215,83,773,933,933,13
2024-01-10,SKU-10325,SUP-210,2711,483,1440,0,11
2024-01-10,SKU-10326,SUP-226,1946,539,1804,0,14
2024-01-10,SKU-10327,SUP-231,679,374,1992,0,12
2024-01-10,SKU-10328,SUP-230,1003,341,1986,0,3
2024-01-10,SKU-10329,SUP-213,2828,572,1991,0,9
2024-01-10,SKU-10330,SUP-225,1787,642,1979,0,10
2024-01-10,SKU-10331,SUP-203,2608,421,1236,0,4
2024-01-10,SKU-10332,SUP-210,1725,387,612,0,7
2024-01-10,SKU-10333,SUP-224,2349,797,1403,0,7
2024-01-10,SKU-10334,SUP-200,3096,209,502,0,8
2024-01-10,SKU-10335,SUP-224,2549,730,1841,0,4
2024-01-10,SKU-10336,SUP-216,1311,306,587,0,14
2024-01-10,SKU-10337,SUP-229,3234,574,551,0,7
2024-01-10,SKU-10338,SUP-218,2165,290,538,0,6
2024-01-10,SKU-10339,SUP-227,3207,242,708,0,10
2024-01-10,SKU-10340,SUP-244,709,308,713,0,14
2024-01-10,SKU-10341,SUP-246,2128,276,594,0,11
2024-01-10,SKU-10342,SUP-235,3165,361,964,0,9
2024-01-10,SKU-10343,SUP-242,2478,386,551,0,10
2024-01-10,SKU-10344,SUP-245,2537,556,1218,0,9
2024-01-10,SKU-10345,SUP-231,3476,531,1787,0,11
2024-01-10,SKU-10346,SUP-209,2134,633,1302,0,14
2024-01-10,SKU-10347,SUP-212,936,565,1762,0,7
2024-01-10,SKU-10348,SUP-218,3184,595,1918,0,5
2024-01-10,SKU-10349,SUP-213,1329,582,1893,0,7
2024-01-10,SKU-10350,SUP-203,2001,541,1762,0,6
2024-01-10,SKU-10351,SUP-237,1240,654,940,0,11
2024-01-10,SKU-10352,SUP-247,2040,280,1884,0,10
2024-01-10,SKU-10353,SUP-234,2640,598,573,0,9
2024-01-10,SKU-10354,SUP-203,3418,308,1345,0,5
2024-01-10,SKU-10355,SUP-247,62,614,1517,1517,10
2024-01-10,SKU-10356,SUP-220,3375,687,1118,0,12
2024-01-10,SKU-10357,SUP-203,184,619,1072,1072,10
2024-01-10,SKU-10358,SUP-203,1259,462,1298,0,3
2024-01-10,SKU-10359,SUP-237,1951,676,1782,0,5
2024-01-10,SKU-10360,SUP-230,1027,773,1862,0,14
2024-01-10,SKU-10361,SUP-232,2783,549,629,0,4
2024-01-10,SKU-10362,SUP-233,2578,568,1443,0,12
2024-01-10,SKU-10363,SUP-210,1726,218,609,0,7
2024-01-10,SKU-10364,SUP-203,3138,487,1502,0,3
2024-01-10,SKU-10365,SUP-232,2426,698,896,0,9
2024-01-10,SKU-10366,SUP-205,1980,412,1873,0,5
2024-01-10,SKU-10367,SUP-211,1203,501,1808,0,5
2024-01-10,SKU-10368,SUP-204,1846,686,1844,0,9
2024-01-10,SKU-10369,SUP-238,2705,762,1714,0,5
2024-01-10,SKU-10370,SUP-204,3144,526,1650,0,6
2024-01-10,SKU-10371,SUP-243,1383,327,1653,0,3
2024-01-10,SKU-10372,SUP-215,1613,547,1421,0,5
2024-01-10,SKU-10373,SUP-225,1152,486,681,0,5
2024-01-10,SKU-10374,SUP-207,2631,513,1454,0,7
2024-01-10,SKU-10375,SUP-236,3467,696,902,0,14
2024-01-10,SKU-10376,SUP-215,726,789,1469,1469,7
2024-01-10,SKU-10377,SUP-237,2086,302,832,0,5
2024-01-10,SKU-10378,SUP-238,878,356,924,0,5
2024-01-10,SKU-10379,SUP-202,1171,704,1370,0,6
2024-01-10,SKU-10380,SUP-239,2420,760,1969,0,6
2024-01-10,SKU-10381,SUP-205,1678,765,874,0,7
2024-01-10,SKU-10382,SUP-226,2018,678,903,0,3
2024-01-10,SKU-10383,SUP-242,3359,704,582,0,5
2024-01-10,SKU-10384,SUP-237,603,497,1803,0,14
2024-01-10,SKU-10385,SUP-236,149,637,1815,1815,11
2024-01-10,SKU-10386,SUP-233,380,228,678,0,11
2024-01-10,SKU-10387,SUP-220,1480,477,1878,0,3
2024-01-10,SKU-10388,SUP-216,2536,516,1192,0,3
2024-01-10,SKU-10389,SUP-213,1085,424,1946,0,8
2024-01-10,SKU-10390,SUP-242,2362,267,1857,0,13
2024-01-10,SKU-10391,SUP-245,1891,558,1800,0,5
2024-01-10,SKU-10392,SUP-220,1608,294,1742,0,12
2024-01-10,SKU-10393,SUP-215,2364,327,699,0,3
2024-01-10,SKU-10394,SUP-216,2929,491,565,0,14
2024-01-10,SKU-10395,SUP-225,930,603,1117,0,6
2024-01-10,SKU-10396,SUP-208,869,601,624,0,4
2024-01-10,SKU-10397,SUP-242,1598,597,1314,0,10
2024-01-10,SKU-10398,SUP-241,1962,430,894,0,10
2024-01-10,SKU-10399,SUP-219,1157,732,1464,0,9
2024-01-10,SKU-10400,SUP-229,3035,325,1054,0,8
2024-01-10,SKU-10401,SUP-220,3052,645,1993,0,14
2024-01-10,SKU-10402,SUP-248,2974,584,1211,0,3
2024-01-10,SKU-10403,SUP-204,1759,314,951,0,9
2024-01-10,SKU-10404,SUP-200,1440,784,1037,0,3
2024-01-10,SKU-10405,SUP-229,2318,330,1232,0,11
2024-01-10,SKU-10406,SUP-239,2144,765,1012,0,3
2024-01-10,SKU-10407,SUP-236,2332,465,898,0,10
2024-01-10,SKU-10408,SUP-206,1506,373,1568,0,9
2024-01-10,SKU-10409,SUP-204,3162,260,742,0,14
2024-01-10,SKU-10410,SUP-234,3198,475,1554,0,10
2024-01-10,SKU-10411,SUP-213,934,651,1972,0,13
2024-01-10,SKU-10412,SUP-232,1106,233,954,0,14
2024-01-10,SKU-10413,SUP-216,311,339,1201,1201,4
2024-01-10,SKU-10414,SUP-208,1182,503,795,0,10
2024-01-10,SKU-10415,SUP-222,2384,498,710,0,10
2024-01-10,SKU-10416,SUP-204,3288,680,1071,0,5
2024-01-10,SKU-10417,SUP-215,1841,694,1429,0,4
2024-01-10,SKU-10418,SUP-223,1782,370,1555,0,9
2024-01-10,SKU-10419,SUP-218,1549,388,1285,0,9
2024-01-10,SKU-10420,SUP-210,2219,460,1705,0,11
2024-01-10,SKU-10421,SUP-228,2954,273,665,0,11
2024-01-10,SKU-10422,SUP-234,271,632,1140,1140,6
2024-01-10,SKU-10423,SUP-245,809,234,1967,0,9
2024-01-10,SKU-10424,SUP-219,2860,629,1478,0,4
2024-01-10,SKU-10425,SUP-239,79,772,948,948,11
2024-01-10,SKU-10426,SUP-241,2847,390,1143,0,12
2024-01-10,SKU-10427,SUP-233,1898,364,1254,0,12
2024-01-10,SKU-10428,SUP-200,2108,462,1147,0,5
2024-01-10,SKU-10429,SUP-242,311,418,508,508,8
2024-01-10,SKU-10430,SUP-235,118,424,1189,1189,9
2024-01-10,SKU-10431,SUP-219,905,499,1317,0,13
2024-01-10,SKU-10432,SUP-242,2978,729,743,0,5
2024-01-10,SKU-10433,SUP-206,2488,437,1769,0,11
2024-01-10,SKU-10434,SUP-208,2889,483,537,0,14
2024-01-10,SKU-10435,SUP-216,107,491,791,791,13
2024-01-10,SKU-10436,SUP-207,3349,798,1077,0,12
2024-01-10,SKU-10437,SUP-206,1498,646,1871,0,8
2024-01-10,SKU-10438,SUP-247,3171,598,1914,0,10
2024-01-10,SKU-10439,SUP-235,3238,209,1090,0,7
2024-01-10,SKU-10440,SUP-209,92,658,603,603,7
2024-01-10,SKU-10441,SUP-217,2612,662,800,0,13
2024-01-10,SKU-10442,SUP-218,778,691,1607,0,3
2024-01-10,SKU-10443,SUP-238,2911,627,866,0,9
2024-01-10,SKU-10444,SUP-213,2947,295,1778,0,8
2024-01-10,SKU-10445,SUP-245,1385,685,1925,0,14
2024-01-10,SKU-10446,SUP-221,463,647,746,746,4
2024-01-10,SKU-10447,SUP-213,3280,459,1692,0,4
2024-01-10,SKU-10448,SUP-243,2043,462,1299,0,9
2024-01-10,SKU-10449,SUP-240,1196,364,1237,0,7
2024-01-10,SKU-10450,SUP-216,3170,676,882,0,14
2024-01-10,SKU-10451,SUP-232,2128,533,1771,0,3
2024-01-10,SKU-10452,SUP-231,1177,322,1558,0,12
2024-01-10,SKU-10453,SUP-216,1008,526,1818,0,13
2024-01-10,SKU-10454,SUP-203,2529,734,1409,0,7
2024-01-10,SKU-10455,SUP-205,2074,217,526,0,10
2024-01-10,SKU-10456,SUP-240,1233,316,1655,0,3
2024-01-10,SKU-10457,SUP-227,2157,359,1648,0,6
2024-01-10,SKU-10458,SUP-217,2753,769,1954,0,13
2024-01-10,SKU-10459,SUP-202,2528,294,923,0,9
2024-01-10,SKU-10460,SUP-200,3141,241,1240,0,5
2024-01-10,SKU-10461,SUP-221,3427,254,835,0,7
2024-01-10,SKU-10462,SUP-249,1145,533,1240,0,8
2024-01-10,SKU-10463,SUP-208,122,716,1074,1074,13
2024-01-10,SKU-10464,SUP-240,2443,693,1253,0,6
2024-01-10,SKU-10465,SUP-216,1331,610,1935,0,14
2024-01-10,SKU-10466,SUP-210,620,271,1081,0,14
2024-01-10,SKU-10467,SUP-247,1248,489,879,0,8
2024-01-10,SKU-10468,SUP-228,3431,279,565,0,10
2024-01-10,SKU-10469,SUP-235,497,258,1277,0,9
2024-01-10,SKU-10470,SUP-245,2317,436,578,0,5
2024-01-10,SKU-10471,SUP-227,2590,325,1072,0,7
2024-01-10,SKU-10472,SUP-235,3105,301,1125,0,6
2024-01-10,SKU-10473,SUP-200,2042,404,862,0,5
2024-01-10,SKU-10474,SUP-207,2293,433,515,0,7
2024-01-10,SKU-10475,SUP-204,1399,619,1979,0,14
2024-01-10,SKU-10476,SUP-244,2925,791,575,0,6
2024-01-10,SKU-10477,SUP-209,1194,515,1598,0,8
2024-01-10,SKU-10478,SUP-234,2441,745,1152,0,8
2024-01-10,SKU-10479,SUP-202,3005,227,1998,0,9
2024-01-10,SKU-10480,SUP-223,3475,290,614,0,4
2024-01-10,SKU-10481,SUP-237,475,289,1256,0,12
2024-01-10,SKU-10482,SUP-235,85,557,969,969,6
2024-01-10,SKU-10483,SUP-209,2262,697,1936,0,3
2024-01-10,SKU-10484,SUP-227,887,390,1880,0,11
2024-01-10,SKU-10485,SUP-208,580,666,1883,1883,5
2024-01-10,SKU-10486,SUP-202,255,684,1767,1767,13
2024-01-10,SKU-10487,SUP-219,2404,595,1752,0,12
2024-01-10,SKU-10488,SUP-223,3132,247,1061,0,3
2024-01-10,SKU-10489,SUP-202,1024,360,602,0,14
2024-01-10,SKU-10490,SUP-222,936,598,1456,0,13
2024-01-10,SKU-10491,SUP-213,3289,449,1410,0,3
2024-01-10,SKU-10492,SUP-243,1699,439,1582,0,13
2024-01-10,SKU-10493,SUP-215,2196,486,572,0,8
2024-01-10,SKU-10494,SUP-242,451,402,730,0,10
2024-01-10,SKU-10495,SUP-206,3314,504,965,0,3
2024-01-10,SKU-10496,SUP-222,1510,465,746,0,9
2024-01-10,SKU-10497,SUP-249,2809,660,753,0,10
2024-01-10,SKU-10498,SUP-235,1085,370,557,0,3
2024-01-10,SKU-10499,SUP-226,93,733,1742,1742,4
2024-01-11,SKU-10000,SUP-240,2422,301,1156,0,10
2024-01-11,SKU-10001,SUP-207,894,725,765,0,8
2024-01-11,SKU-10002,SUP-201,2778,230,1694,0,5
2024-01-11,SKU-10003,SUP-247,2776,310,1591,0,9
2024-01-11,SKU-10004,SUP-217,2886,461,1386,0,14
2024-01-11,SKU-10005,SUP-215,2225,307,1946,0,5
2024-01-11,SKU-10006,SUP-214,866,646,1017,0,12
2024-01-11,SKU-10007,SUP-208,114,624,1891,1891,8
2024-01-11,SKU-10008,SUP-247,1021,217,1728,0,13
2024-01-11,SKU-10009,SUP-206,2598,356,1789,0,8
2024-01-11,SKU-10010,SUP-243,3032,331,1240,0,4
2024-01-11,SKU-10011,SUP-247,2532,627,1365,0,14
2024-01-11,SKU-10012,SUP-234,2215,696,941,0,14
2024-01-11,SKU-10013,SUP-205,1562,374,1368,0,13
2024-01-11,SKU-10014,SUP-237,3490,709,1867,0,12
2024-01-11,SKU-10015,SUP-227,1311,368,1857,0,12
2024-01-11,SKU-10016,SUP-202,2772,676,1344,0,11
2024-01-11,SKU-10017,SUP-201,3208,452,857,0,12
2024-01-11,SKU-10018,SUP-205,1807,724,1940,0,11
2024-01-11,SKU-10019,SUP-213,2035,571,652,0,10
2024-01-11,SKU-10020,SUP-214,3069,219,1092,0,8
2024-01-11,SKU-10021,SUP-232,2748,218,943,0,7
2024-01-11,SKU-10022,SUP-238,2875,346,929,0,10
2024-01-11,SKU-10023,SUP-201,2771,764,868,0,4
2024-01-11,SKU-10024,SUP-235,1542,717,1274,0,3
2024-01-11,SKU-10025,SUP-212,2313,744,1516,0,6
2024-01-11,SKU-10026,SUP-245,2038,482,977,0,8
2024-01-11,SKU-10027,SUP-241,686,688,1169,1169,4
2024-01-11,SKU-10028,SUP-244,3303,226,1550,0,7
2024-01-11,SKU-10029,SUP-234,208,721,1644,1644,3
2024-01-11,SKU-10030,SUP-226,1765,617,826,0,9
2024-01-11,SKU-10031,SUP-214,810,283,645,0,13
2024-01-11,SKU-10032,SUP-228,2459,623,1832,0,7
2024-01-11,SKU-10033,SUP-237,3423,546,1825,0,12
2024-01-11,SKU-10034,SUP-217,392,305,670,0,12
2024-01-11,SKU-10035,SUP-200,349,693,1767,1767,5
2024-01-11,SKU-10036,SUP-248,450,513,584,584,11
2024-01-11,SKU-10037,SUP-210,116,532,964,964,10
2024-01-11,SKU-10038,SUP-244,388,782,1156,1156,9
2024-01-11,SKU-10039,SUP-227,2401,559,1901,0,3
2024-01-11,SKU-10040,SUP-221,3414,271,1763,0,10
2024-01-11,SKU-10041,SUP-217,1706,686,1771,0,4
2024-01-11,SKU-10042,SUP-209,1684,201,573,0,7
2024-01-11,SKU-10043,SUP-213,2913,438,1920,0,3
2024-01-11,SKU-10044,SUP-248,495,552,1445,1445,14
2024-01-11,SKU-10045,SUP-221,1855,606,661,0,9
2024-01-11,SKU-10046,SUP-206,2985,464,1509,0,6
2024-01-11,SKU-10047,SUP-205,2217,418,1940,0,11
2024-01-11,SKU-10048,SUP-224,2659,778,1327,0,13
2024-01-11,SKU-10049,SUP-206,1331,455,1958,0,13
2024-01-11,SKU-10050,SUP-222,1306,556,1256,0,3
2024-01-11,SKU-10051,SUP-222,3400,277,1218,0,9
2024-01-11,SKU-10052,SUP-238,1097,263,1151,0,8
2024-01-11,SKU-10053,SUP-216,1805,572,805,0,3
2024-01-11,SKU-10054,SUP-202,3077,784,1915,0,11
2024-01-11,SKU-10055,SUP-246,3235,463,1739,0,3
2024-01-11,SKU-10056,SUP-229,858,742,693,0,14
2024-01-11,SKU-10057,SUP-234,1323,257,1536,0,7
2024-01-11,SKU-10058,SUP-207,1213,293,1106,0,3
2024-01-11,SKU-10059,SUP-224,1914,209,1173,0,8
2024-01-11,SKU-10060,SUP-205,3059,740,1825,0,13
2024-01-11,SKU-10061,SUP-235,1162,770,1456,0,6
2024-01-11,SKU-10062,SUP-218,1616,541,1912,0,11
2024-01-11,SKU-10063,SUP-240,620,728,1535,1535,14
2024-01-11,SKU-10064,SUP-239,1982,252,1959,0,12
2024-01-11,SKU-10065,SUP-223,949,779,843,0,11
2024-01-11,SKU-10066,SUP-236,2412,726,1810,0,13
2024-01-11,SKU-10067,SUP-212,3049,768,698,0,3
2024-01-11,SKU-10068,SUP-245,3361,673,1904,0,9
2024-01-11,SKU-10069,SUP-204,695,271,1481,0,4
2024-01-11,SKU-10070,SUP-202,283,693,1559,1559,10
2024-01-11,SKU-10071,SUP-242,1431,514,1743,0,13
2024-01-11,SKU-10072,SUP-214,2607,321,1332,0,5
2024-01-11,SKU-10073,SUP-249,1208,691,788,0,11
2024-01-11,SKU-10074,SUP-218,1309,250,1338,0,12
2024-01-11,SKU-10075,SUP-205,118,382,1687,1687,12
2024-01-11,SKU-10076,SUP-214,1704,660,973,0,11
2024-01-11,SKU-10077,SUP-206,1294,518,1935,0,6
2024-01-11,SKU-10078,SUP-224,2037,428,1228,0,10
2024-01-11,SKU-10079,SUP-217,1872,551,1965,0,13
2024-01-11,SKU-10080,SUP-229,3068,224,1654,0,4
2024-01-11,SKU-10081,SUP-240,1761,551,1720,0,14
2024-01-11,SKU-10082,SUP-223,2381,281,931,0,3
2024-01-11,SKU-10083,SUP-210,774,300,866,0,12
2024-01-11,SKU-10084,SUP-223,3058,555,510,0,13
2024-01-11,SKU-10085,SUP-222,2040,749,1645,0,10
2024-01-11,SKU-10086,SUP-213,2597,324,811,0,9
2024-01-11,SKU-10087,SUP-242,1837,358,1876,0,6
2024-01-11,SKU-10088,SUP-217,1265,462,1411,0,8
2024-01-11,SKU-10089,SUP-244,2077,216,1136,0,6
2024-01-11,SKU-10090,SUP-243,1077,688,1737,0,6
2024-01-11,SKU-10091,SUP-241,1778,443,731,0,14
2024-01-11,SKU-10092,SUP-204,2206,502,830,0,3
2024-01-11,SKU-10093,SUP-238,380,486,1439,1439,6
2024-01-11,SKU-10094,SUP-240,620,262,627,0,5
2024-01-11,SKU-10095,SUP-210,348,593,1191,1191,14
2024-01-11,SKU-10096,SUP-234,134,794,878,878,13
2024-01-11,SKU-10097,SUP-246,163,577,1642,1642,12
2024-01-11,SKU-10098,SUP-215,669,722,886,886,9
2024-01-11,SKU-10099,SUP-210,664,772,1369,1369,14
2024-01-11,SKU-10100,SUP-229,714,754,610,610,4
2024-01-11,SKU-10101,SUP-224,3158,737,1123,0,7
2024-01-11,SKU-10102,SUP-217,1190,587,1621,0,13
2024-01-11,SKU-10103,SUP-240,257,524,1157,1157,6
2024-01-11,SKU-10104,SUP-244,828,539,903,0,6
2024-01-11,SKU-10105,SUP-235,1036,359,1533,0,4
2024-01-11,SKU-10106,SUP-214,3165,543,1896,0,5
2024-01-11,SKU-10107,SUP-243,2411,254,1601,0,13
2024-01-11,SKU-10108,SUP-220,2054,471,1159,0,8
2024-01-11,SKU-10109,SUP-249,227,277,1000,1000,14
2024-01-11,SKU-10110,SUP-249,538,474,1720,0,10
2024-01-11,SKU-10111,SUP-203,2151,560,1472,0,11
2024-01-11,SKU-10112,SUP-214,1462,658,1354,0,14
2024-01-11,SKU-10113,SUP-202,2870,695,648,0,3
2024-01-11,SKU-10114,SUP-220,1751,491,834,0,13
2024-01-11,SKU-10115,SUP-225,2287,461,1426,0,8
2024-01-11,SKU-10116,SUP-217,517,713,760,760,12
2024-01-11,SKU-10117,SUP-204,183,511,1081,1081,10
2024-01-11,SKU-10118,SUP-213,649,550,527,0,13
2024-01-11,SKU-10119,SUP-236,734,579,1027,0,7
2024-01-11,SKU-10120,SUP-245,1653,426,1950,0,13
2024-01-11,SKU-10121,SUP-220,1388,321,1365,0,3
2024-01-11,SKU-10122,SUP-213,712,597,1024,0,10
2024-01-11,SKU-10123,SUP-241,1693,446,1542,0,3
2024-01-11,SKU-10124,SUP-231,2349,594,1089,0,5
2024-01-11,SKU-10125,SUP-225,1724,509,1481,0,9
2024-01-11,SKU-10126,SUP-241,371,591,547,547,14
2024-01-11,SKU-10127,SUP-229,210,225,920,920,6
2024-01-11,SKU-10128,SUP-209,2144,463,1087,0,8
2024-01-11,SKU-10129,SUP-216,380,346,1849,0,4
2024-01-11,SKU-10130,SUP-208,3334,364,1049,0,8
2024-01-11,SKU-10131,SUP-215,941,397,1897,0,4
2024-01-11,SKU-10132,SUP-247,3112,613,1903,0,3
2024-01-11,SKU-10133,SUP-235,94,311,1891,1891,8
2024-01-11,SKU-10134,SUP-234,3178,239,1904,0,9
2024-01-11,SKU-10135,SUP-216,3043,480,850,0,11
2024-01-11,SKU-10136,SUP-247,1938,518,1322,0,4
2024-01-11,SKU-10137,SUP-237,2526,602,841,0,12
2024-01-11,SKU-10138,SUP-227,256,491,1157,1157,11
2024-01-11,SKU-10139,SUP-237,91,734,1898,1898,6
2024-01-11,SKU-10140,SUP-225,1485,739,1822,0,14
2024-01-11,SKU-10141,SUP-223,3100,678,1472,0,6
2024-01-11,SKU-10142,SUP-214,1991,491,1514,0,9
2024-01-11,SKU-10143,SUP-208,709,361,1128,0,12
2024-01-11,SKU-10144,SUP-232,1071,220,1987,0,5
2024-01-11,SKU-10145,SUP-231,1886,795,1373,0,11
2024-01-11,SKU-10146,SUP-205,2680,341,1503,0,9
2024-01-11,SKU-10147,SUP-248,2676,736,1075,0,11
2024-01-11,SKU-10148,SUP-203,2200,510,1167,0,3
2024-01-11,SKU-10149,SUP-207,1926,212,1459,0,14
2024-01-11,SKU-10150,SUP-209,3211,207,571,0,14
2024-01-11,SKU-10151,SUP-240,2595,300,780,0,5
2024-01-11,SKU-10152,SUP-210,1549,649,1891,0,7
2024-01-11,SKU-10153,SUP-243,1830,565,831,0,6
2024-01-11,SKU-10154,SUP-227,470,796,1717,1717,7
2024-01-11,SKU-10155,SUP-238,1308,598,701,0,4
2024-01-11,SKU-10156,SUP-204,1130,703,525,0,7
2024-01-11,SKU-10157,SUP-224,181,671,666,666,12
2024-01-11,SKU-10158,SUP-224,518,414,1186,0,13
2024-01-11,SKU-10159,SUP-238,3394,682,1555,0,5
2024-01-11,SKU-10160,SUP-229,108,280,1155,1155,6
2024-01-11,SKU-10161,SUP-233,1300,385,921,0,4
2024-01-11,SKU-10162,SUP-216,2609,682,824,0,5
2024-01-11,SKU-10163,SUP-235,2599,744,1585,0,3
2024-01-11,SKU-10164,SUP-200,1512,316,1527,0,4
2024-01-11,SKU-10165,SUP-243,1163,428,1623,0,9
2024-01-11,SKU-10166,SUP-246,2624,420,1509,0,7
2024-01-11,SKU-10167,SUP-207,2795,774,1385,0,4
2024-01-11,SKU-10168,SUP-243,417,447,1297,1297,3
2024-01-11,SKU-10169,SUP-234,3123,616,552,0,14
2024-01-11,SKU-10170,SUP-248,103,252,1105,1105,6
2024-01-11,SKU-10171,SUP-217,655,685,1660,1660,6
2024-01-11,SKU-10172,SUP-249,3002,346,1531,0,13
2024-01-11,SKU-10173,SUP-241,3282,646,762,0,10
2024-01-11,SKU-10174,SUP-221,1581,729,800,0,3
2024-01-11,SKU-10175,SUP-207,599,363,1858,0,13
2024-01-11,SKU-10176,SUP-218,2350,308,677,0,12
2024-01-11,SKU-10177,SUP-227,972,290,838,0,3
2024-01-11,SKU-10178,SUP-210,173,716,1077,1077,10
2024-01-11,SKU-10179,SUP-229,938,443,637,0,14
2024-01-11,SKU-10180,SUP-200,655,516,1062,0,12
2024-01-11,SKU-10181,SUP-246,1371,466,606,0,12
2024-01-11,SKU-10182,SUP-246,3255,567,505,0,13
2024-01-11,SKU-10183,SUP-216,3183,265,919,0,5
2024-01-11,SKU-10184,SUP-232,631,330,1029,0,11
2024-01-11,SKU-10185,SUP-248,2762,216,1989,0,4
2024-01-11,SKU-10186,SUP-211,445,724,1330,1330,13
2024-01-11,SKU-10187,SUP-232,595,332,513,0,11
2024-01-11,SKU-10188,SUP-206,1269,494,1919,0,10
2024-01-11,SKU-10189,SUP-240,3037,764,911,0,5
2024-01-11,SKU-10190,SUP-219,800,330,1317,0,9
2024-01-11,SKU-10191,SUP-240,1158,415,1085,0,4
2024-01-11,SKU-10192,SUP-232,1892,211,582,0,10
2024-01-11,SKU-10193,SUP-238,2473,762,1779,0,3
2024-01-11,SKU-10194,SUP-212,2327,651,1255,0,3
2024-01-11,SKU-10195,SUP-209,804,798,1478,0,10
2024-01-11,SKU-10196,SUP-223,1348,704,1603,0,7
2024-01-11,SKU-10197,SUP-248,1252,665,1017,0,13
2024-01-11,SKU-10198,SUP-210,1025,536,1313,0,8
2024-01-11,SKU-10199,SUP-234,572,569,1934,0,6
2024-01-11,SKU-10200,SUP-249,1092,631,1719,0,11
2024-01-11,SKU-10201,SUP-233,1137,604,991,0,4
2024-01-11,SKU-10202,SUP-200,1068,282,1502,0,3
2024-01-11,SKU-10203,SUP-238,1024,424,1636,0,14
2024-01-11,SKU-10204,SUP-220,1831,722,704,0,8
2024-01-11,SKU-10205,SUP-231,2925,347,1277,0,5
2024-01-11,SKU-10206,SUP-201,586,782,891,891,7
2024-01-11,SKU-10207,SUP-207,1110,441,1974,0,9
2024-01-11,SKU-10208,SUP-223,1460,418,1828,0,5
2024-01-11,SKU-10209,SUP-219,2244,587,1087,0,3
2024-01-11,SKU-10210,SUP-215,823,278,1511,0,4
2024-01-11,SKU-10211,SUP-203,126,533,1047,1047,6
2024-01-11,SKU-10212,SUP-215,670,287,640,0,6
2024-01-11,SKU-10213,SUP-236,115,604,1860,1860,8
2024-01-11,SKU-10214,SUP-205,408,457,1911,1911,9
2024-01-11,SKU-10215,SUP-205,893,674,644,0,8
2024-01-11,SKU-10216,SUP-246,255,644,852,852,12
2024-01-11,SKU-10217,SUP-231,1282,583,1409,0,5
2024-01-11,SKU-10218,SUP-204,574,233,1204,0,5
2024-01-11,SKU-10219,SUP-248,1020,409,961,0,3
2024-01-11,SKU-10220,SUP-234,412,389,1756,0,10
2024-01-11,SKU-10221,SUP-249,273,585,880,880,11
2024-01-11,SKU-10222,SUP-208,2518,261,1990,0,8
2024-01-11,SKU-10223,SUP-208,2648,264,1952,0,8
2024-01-11,SKU-10224,SUP-242,3325,629,1523,0,3
2024-01-11,SKU-10225,SUP-230,371,477,1819,1819,9
2024-01-11,SKU-10226,SUP-235,1088,206,1655,0,14
2024-01-11,SKU-10227,SUP-210,3388,795,1234,0,12
2024-01-11,SKU-10228,SUP-216,661,763,1891,1891,10
2024-01-11,SKU-10229,SUP-233,701,727,1446,1446,4
2024-01-11,SKU-10230,SUP-238,1491,277,939,0,7
2024-01-11,SKU-10231,SUP-227,2985,466,625,0,13
2024-01-11,SKU-10232,SUP-213,3439,743,1001,0,5
2024-01-11,SKU-10233,SUP-234,3548,586,911,0,12
2024-01-11,SKU-10234,SUP-248,2422,527,599,0,13
2024-01-11,SKU-10235,SUP-246,2498,316,698,0,9
2024-01-11,SKU-10236,SUP-244,1046,623,1877,0,9
2024-01-11,SKU-10237,SUP-212,74,702,1783,1783,14
2024-01-11,SKU-10238,SUP-245,3532,795,1359,0,8
2024-01-11,SKU-10239,SUP-219,1314,346,1716,0,10
2024-01-11,SKU-10240,SUP-225,2773,313,1511,0,12
2024-01-11,SKU-10241,SUP-242,323,737,625,625,11
2024-01-11,SKU-10242,SUP-241,697,482,1150,0,7
2024-01-11,SKU-10243,SUP-223,568,581,715,715,6
2024-01-11,SKU-10244,SUP-228,705,639,1814,0,9
2024-01-11,SKU-10245,SUP-233,1358,242,1693,0,6
2024-01-11,SKU-10246,SUP-228,265,737,1995,1995,8
2024-01-11,SKU-10247,SUP-207,2635,774,974,0,3
2024-01-11,SKU-10248,SUP-215,2866,259,1552,0,5
2024-01-11,SKU-10249,SUP-214,1224,593,1368,0,12
2024-01-11,SKU-10250,SUP-204,2189,637,1451,0,6
2024-01-11,SKU-10251,SUP-221,1237,558,1194,0,7
2024-01-11,SKU-10252,SUP-201,3399,584,1641,0,4
2024-01-11,SKU-10253,SUP-237,1082,661,1469,0,9
2024-01-11,SKU-10254,SUP-235,2737,352,771,0,10
2024-01-11,SKU-10255,SUP-214,3082,388,1311,0,13
2024-01-11,SKU-10256,SUP-237,498,418,1093,0,12
2024-01-11,SKU-10257,SUP-214,2060,677,1952,0,3
2024-01-11,SKU-10258,SUP-200,2760,578,1525,0,4
2024-01-11,SKU-10259,SUP-204,746,478,713,0,3
2024-01-11,SKU-10260,SUP-245,952,210,1370,0,5
2024-01-11,SKU-10261,SUP-240,2035,626,1955,0,4
2024-01-11,SKU-10262,SUP-203,2896,731,719,0,4
2024-01-11,SKU-10263,SUP-214,2056,624,1821,0,10
2024-01-11,SKU-10264,SUP-204,2057,654,900,0,14
2024-01-11,SKU-10265,SUP-202,3292,233,747,0,4
2024-01-11,SKU-10266,SUP-221,127,322,526,526,13
2024-01-11,SKU-10267,SUP-204,1398,685,1983,0,5
2024-01-11,SKU-10268,SUP-232,834,575,1164,0,3
2024-01-11,SKU-10269,SUP-215,965,282,1173,0,9
2024-01-11,SKU-10270,SUP-217,2235,561,1183,0,9
2024-01-11,SKU-10271,SUP-242,2407,734,813,0,6
2024-01-11,SKU-10272,SUP-231,1648,394,1781,0,8
2024-01-11,SKU-10273,SUP-213,704,559,1047,0,14
2024-01-11,SKU-10274,SUP-234,645,701,1350,1350,11
2024-01-11,SKU-10275,SUP-208,844,700,1234,0,3
2024-01-11,SKU-10276,SUP-246,523,485,646,0,12
2024-01-11,SKU-10277,SUP-236,2391,210,775,0,8
2024-01-11,SKU-10278,SUP-236,1971,403,844,0,10
2024-01-11,SKU-10279,SUP-230,1090,221,1338,0,10
2024-01-11,SKU-10280,SUP-215,2088,644,762,0,10
2024-01-11,SKU-10281,SUP-230,2986,591,1388,0,11
2024-01-11,SKU-10282,SUP-226,665,765,1682,1682,6
2024-01-11,SKU-10283,SUP-212,267,575,536,536,8
2024-01-11,SKU-10284,SUP-206,862,236,600,0,4
2024-01-11,SKU-10285,SUP-206,211,338,594,594,9
2024-01-11,SKU-10286,SUP-242,2270,585,622,0,11
2024-01-11,SKU-10287,SUP-227,3324,606,1495,0,9
2024-01-11,SKU-10288,SUP-222,1128,276,733,0,12
2024-01-11,SKU-10289,SUP-227,3130,666,968,0,10
2024-01-11,SKU-10290,SUP-226,3207,577,676,0,4
2024-01-11,SKU-10291,SUP-229,2037,226,1075,0,14
2024-01-11,SKU-10292,SUP-246,3427,315,744,0,6
2024-01-11,SKU-10293,SUP-203,124,649,1035,1035,9
2024-01-11,SKU-10294,SUP-243,2635,706,907,0,14
2024-01-11,SKU-10295,SUP-241,1834,647,1042,0,7
2024-01-11,SKU-10296,SUP-241,2901,527,1809,0,5
2024-01-11,SKU-10297,SUP-206,793,686,644,0,14
2024-01-11,SKU-10298,SUP-203,924,726,1795,0,8
2024-01-11,SKU-10299,SUP-225,752,294,1970,0,3
2024-01-11,SKU-10300,SUP-246,2532,635,1069,0,8
2024-01-11,SKU-10301,SUP-221,220,564,1902,1902,6
2024-01-11,SKU-10302,SUP-206,378,614,1582,1582,9
2024-01-11,SKU-10303,SUP-215,3225,500,1107,0,13
2024-01-11,SKU-10304,SUP-212,2128,546,1311,0,9
2024-01-11,SKU-10305,SUP-212,933,229,645,0,10
2024-01-11,SKU-10306,SUP-234,1793,702,1298,0,10
2024-01-11,SKU-10307,SUP-228,1477,200,609,0,4
2024-01-11,SKU-10308,SUP-208,1117,252,761,0,3
2024-01-11,SKU-10309,SUP-227,1581,433,572,0,7
2024-01-11,SKU-10310,SUP-211,1159,683,1529,0,8
2024-01-11,SKU-10311,SUP-217,1121,336,1278,0,6
2024-01-11,SKU-10312,SUP-229,819,769,1729,0,12
2024-01-11,SKU-10313,SUP-215,1374,330,1391,0,12
2024-01-11,SKU-10314,SUP-204,2073,551,1936,0,9
2024-01-11,SKU-10315,SUP-228,2989,525,964,0,4
2024-01-11,SKU-10316,SUP-235,1454,499,855,0,6
2024-01-11,SKU-10317,SUP-206,986,366,639,0,13
2024-01-11,SKU-10318,SUP-203,2390,455,870,0,8
2024-01-11,SKU-10319,SUP-241,3048,411,1739,0,14
2024-01-11,SKU-10320,SUP-234,1906,659,1539,0,6
2024-01-11,SKU-10321,SUP-200,1291,292,1272,0,12
2024-01-11,SKU-10322,SUP-205,2541,687,1617,0,12
2024-01-11,SKU-10323,SUP-248,2189,688,1667,0,12
2024-01-11,SKU-10324,SUP-215,606,693,983,983,6
2024-01-11,SKU-10325,SUP-210,1961,274,1563,0,10
2024-01-11,SKU-10326,SUP-226,2218,597,1506,0,4
2024-01-11,SKU-10327,SUP-231,2684,303,1867,0,5
2024-01-11,SKU-10328,SUP-230,31,377,1535,1535,11
2024-01-11,SKU-10329,SUP-213,3400,655,748,0,12
2024-01-11,SKU-10330,SUP-225,1226,203,1759,0,4
2024-01-11,SKU-10331,SUP-203,2974,495,1339,0,12
2024-01-11,SKU-10332,SUP-210,2368,747,907,0,3
2024-01-11,SKU-10333,SUP-224,124,619,645,645,3
2024-01-11,SKU-10334,SUP-200,2552,442,978,0,11
2024-01-11,SKU-10335,SUP-224,2461,433,985,0,11
2024-01-11,SKU-10336,SUP-216,2470,537,1360,0,7
2024-01-11,SKU-10337,SUP-229,3401,556,1572,0,12
2024-01-11,SKU-10338,SUP-218,914,349,1295,0,10
2024-01-11,SKU-10339,SUP-227,1331,521,576,0,3
2024-01-11,SKU-10340,SUP-244,1045,746,1946,0,12
2024-01-11,SKU-10341,SUP-246,2921,231,771,0,6
2024-01-11,SKU-10342,SUP-235,2199,567,1839,0,14
2024-01-11,SKU-10343,SUP-242,3166,567,579,0,8
2024-01-11,SKU-10344,SUP-245,1541,478,1003,0,13
2024-01-11,SKU-10345,SUP-231,1985,536,1020,0,8
2024-01-11,SKU-10346,SUP-209,1459,723,1941,0,5
2024-01-11,SKU-10347,SUP-212,2901,471,1189,0,4
2024-01-11,SKU-10348,SUP-218,3027,436,1833,0,14
2024-01-11,SKU-10349,SUP-213,352,464,1536,1536,14
2024-01-11,SKU-10350,SUP-203,724,583,1516,0,4
2024-01-11,SKU-10351,SUP-237,373,498,1414,1414,14
2024-01-11,SKU-10352,SUP-247,2733,246,1402,0,13
2024-01-11,SKU-10353,SUP-234,2547,352,955,0,6
2024-01-11,SKU-10354,SUP-203,1061,455,677,0,6
2024-01-11,SKU-10355,SUP-247,697,274,1218,0,14
2024-01-11,SKU-10356,SUP-220,2391,236,1643,0,7
2024-01-11,SKU-10357,SUP-203,2316,200,1435,0,9
2024-01-11,SKU-10358,SUP-203,1527,506,1118,0,10
2024-01-11,SKU-10359,SUP-237,2331,689,506,0,4
2024-01-11,SKU-10360,SUP-230,3088,206,999,0,13
2024-01-11,SKU-10361,SUP-232,654,256,1089,0,12
2024-01-11,SKU-10362,SUP-233,2821,229,866,0,12
2024-01-11,SKU-10363,SUP-210,2264,209,646,0,14
2024-01-11,SKU-10364,SUP-203,329,715,1876,1876,3
2024-01-11,SKU-10365,SUP-232,357,644,594,594,11
2024-01-11,SKU-10366,SUP-205,1931,349,1052,0,6
2024-01-11,SKU-10367,SUP-211,853,490,1957,0,11
2024-01-11,SKU-10368,SUP-204,2120,674,1036,0,3
2024-01-11,SKU-10369,SUP-238,920,526,1094,0,6
2024-01-11,SKU-10370,SUP-204,2920,567,1834,0,13
2024-01-11,SKU-10371,SUP-243,2043,203,1899,0,3
2024-01-11,SKU-10372,SUP-215,1874,336,1333,0,13
2024-01-11,SKU-10373,SUP-225,2394,316,1702,0,8
2024-01-11,SKU-10374,SUP-207,2616,277,1240,0,7
2024-01-11,SKU-10375,SUP-236,3411,541,1861,0,5
2024-01-11,SKU-10376,SUP-215,3162,344,1076,0,11
2024-01-11,SKU-10377,SUP-237,1202,385,1042,0,9
2024-01-11,SKU-10378,SUP-238,1661,209,1356,0,14
2024-01-11,SKU-10379,SUP-202,446,436,832,0,3
2024-01-11,SKU-10380,SUP-239,475,658,1983,1983,11
2024-01-11,SKU-10381,SUP-205,3382,620,902,0,13
2024-01-11,SKU-10382,SUP-226,630,596,1711,0,14
2024-01-11,SKU-10383,SUP-242,3098,276,1351,0,6
2024-01-11,SKU-10384,SUP-237,1093,287,1414,0,8
2024-01-11,SKU-10385,SUP-236,2640,598,1266,0,8
2024-01-11,SKU-10386,SUP-233,2340,420,1063,0,4
2024-01-11,SKU-10387,SUP-220,2464,236,1345,0,4
2024-01-11,SKU-10388,SUP-216,1540,474,604,0,14
2024-01-11,SKU-10389,SUP-213,486,495,1878,1878,8
2024-01-11,SKU-10390,SUP-242,121,350,1356,1356,3
2024-01-11,SKU-10391,SUP-245,839,651,1069,0,14
2024-01-11,SKU-10392,SUP-220,3229,561,702,0,9
2024-01-11,SKU-10393,SUP-215,1909,328,1549,0,3
2024-01-11,SKU-10394,SUP-216,1254,241,1464,0,9
2024-01-11,SKU-10395,SUP-225,2617,271,1399,0,14
2024-01-11,SKU-10396,SUP-208,2540,563,1838,0,7
2024-01-11,SKU-10397,SUP-242,2653,776,805,0,6
2024-01-11,SKU-10398,SUP-241,247,451,1822,1822,14
2024-01-11,SKU-10399,SUP-219,2380,453,1440,0,11
2024-01-11,SKU-10400,SUP-229,1976,295,666,0,3
2024-01-11,SKU-10401,SUP-220,1146,261,673,0,9
2024-01-11,SKU-10402,SUP-248,2937,452,696,0,12
2024-01-11,SKU-10403,SUP-204,596,253,1862,0,9
2024-01-11,SKU-10404,SUP-200,1425,261,695,0,5
2024-01-11,SKU-10405,SUP-229,1425,650,655,0,8
2024-01-11,SKU-10406,SUP-239,3406,753,874,0,9
2024-01-11,SKU-10407,SUP-236,255,567,839,839,8
2024-01-11,SKU-10408,SUP-206,721,505,1137,0,7
2024-01-11,SKU-10409,SUP-204,3365,287,1723,0,5
2024-01-11,SKU-10410,SUP-234,673,422,1744,0,9
2024-01-11,SKU-10411,SUP-213,355,276,1043,0,3
2024-01-11,SKU-10412,SUP-232,566,556,1435,0,4
2024-01-11,SKU-10413,SUP-216,3345,765,1074,0,3
2024-01-11,SKU-10414,SUP-208,3456,669,1131,0,14
2024-01-11,SKU-10415,SUP-222,1943,374,1653,0,8
2024-01-11,SKU-10416,SUP-204,1591,423,1453,0,5
2024-01-11,SKU-10417,SUP-215,2928,699,1613,0,7
2024-01-11,SKU-10418,SUP-223,1331,462,1794,0,14
2024-01-11,SKU-10419,SUP-218,777,273,1073,0,4
2024-01-11,SKU-10420,SUP-210,2515,308,1840,0,11
2024-01-11,SKU-10421,SUP-228,1290,510,1737,0,7
2024-01-11,SKU-10422,SUP-234,2939,311,771,0,11
2024-01-11,SKU-10423,SUP-245,1434,221,1259,0,13
2024-01-11,SKU-10424,SUP-219,911,599,1977,0,13
2024-01-11,SKU-10425,SUP-239,2254,596,1035,0,3
2024-01-11,SKU-10426,SUP-241,361,281,1059,0,3
2024-01-11,SKU-10427,SUP-233,2764,779,1025,0,6
2024-01-11,SKU-10428,SUP-200,2202,283,1455,0,10
2024-01-11,SKU-10429,SUP-242,2303,419,599,0,3
2024-01-11,SKU-10430,SUP-235,1195,657,521,0,4
2024-01-11,SKU-10431,SUP-219,664,528,838,0,10
2024-01-11,SKU-10432,SUP-242,2731,229,584,0,7
2024-01-11,SKU-10433,SUP-206,1905,528,1109,0,4
2024-01-11,SKU-10434,SUP-208,729,448,1657,0,4
2024-01-11,SKU-10435,SUP-216,2454,774,924,0,4
2024-01-11,SKU-10436,SUP-207,594,587,1511,0,3
2024-01-11,SKU-10437,SUP-206,738,298,1829,0,12
2024-01-11,SKU-10438,SUP-247,3055,768,532,0,14
2024-01-11,SKU-10439,SUP-235,2044,313,1007,0,10
2024-01-11,SKU-10440,SUP-209,2109,528,1045,0,6
2024-01-11,SKU-10441,SUP-217,2935,278,1606,0,8
2024-01-11,SKU-10442,SUP-218,2702,505,1834,0,6
2024-01-11,SKU-10443,SUP-238,881,748,1005,0,6
2024-01-11,SKU-10444,SUP-213,2804,723,1835,0,8
2024-01-11,SKU-10445,SUP-245,580,571,1002,0,12
2024-01-11,SKU-10446,SUP-221,203,459,1084,1084,10
2024-01-11,SKU-10447,SUP-213,2671,467,593,0,14
2024-01-11,SKU-10448,SUP-243,3228,792,948,0,14
2024-01-11,SKU-10449,SUP-240,751,609,590,0,9
2024-01-11,SKU-10450,SUP-216,826,471,1770,0,11
2024-01-11,SKU-10451,SUP-232,2929,654,1407,0,5
2024-01-11,SKU-10452,SUP-231,1963,428,1967,0,12
2024-01-11,SKU-10453,SUP-216,1496,231,1787,0,3
2024-01-11,SKU-10454,SUP-203,1214,658,1799,0,4
2024-01-11,SKU-10455,SUP-205,1759,539,1491,0,14
2024-01-11,SKU-10456,SUP-240,2566,299,1850,0,3
2024-01-11,SKU-10457,SUP-227,161,416,933,933,5
2024-01-11,SKU-10458,SUP-217,3511,791,1406,0,14
2024-01-11,SKU-10459,SUP-202,2415,716,1971,0,5
2024-01-11,SKU-10460,SUP-200,1198,396,1065,0,5
2024-01-11,SKU-10461,SUP-221,2178,713,1361,0,8
2024-01-11,SKU-10462,SUP-249,2474,338,1204,0,12
2024-01-11,SKU-10463,SUP-208,3419,243,1357,0,3
2024-01-11,SKU-10464,SUP-240,316,457,1460,1460,11
2024-01-11,SKU-10465,SUP-216,1147,669,1471,0,9
2024-01-11,SKU-10466,SUP-210,3445,225,1698,0,3
2024-01-11,SKU-10467,SUP-247,1753,501,1821,0,9
2024-01-11,SKU-10468,SUP-228,1347,573,1330,0,10
2024-01-11,SKU-10469,SUP-235,558,331,992,0,12
2024-01-11,SKU-10470,SUP-245,2263,781,1295,0,14
2024-01-11,SKU-10471,SUP-227,1510,396,1272,0,7
2024-01-11,SKU-10472,SUP-235,755,208,912,0,8
2024-01-11,SKU-10473,SUP-200,1050,303,1649,0,4
2024-01-11,SKU-10474,SUP-207,879,469,965,0,3
2024-01-11,SKU-10475,SUP-204,1381,291,1504,0,7
2024-01-11,SKU-10476,SUP-244,1317,402,1555,0,7
2024-01-11,SKU-10477,SUP-209,1904,721,1931,0,6
2024-01-11,SKU-10478,SUP-234,2800,556,819,0,5
2024-01-11,SKU-10479,SUP-202,420,335,795,0,7
2024-01-11,SKU-10480,SUP-223,1961,304,1651,0,3
2024-01-11,SKU-10481,SUP-237,2006,756,1049,0,14
2024-01-11,SKU-10482,SUP-235,2933,301,1060,0,7
2024-01-11,SKU-10483,SUP-209,3513,356,1913,0,7
2024-01-11,SKU-10484,SUP-227,3464,663,1144,0,7
2024-01-11,SKU-10485,SUP-208,3423,396,1146,0,5
2024-01-11,SKU-10486,SUP-202,2948,598,719,0,4
2024-01-11,SKU-10487,SUP-219,3396,782,841,0,3
2024-01-11,SKU-10488,SUP-223,2331,530,1506,0,10
2024-01-11,SKU-10489,SUP-202,968,497,811,0,9
2024-01-11,SKU-10490,SUP-222,2173,733,604,0,8
2024-01-11,SKU-10491,SUP-213,3107,649,1968,0,14
2024-01-11,SKU-10492,SUP-243,1763,589,1735,0,13
2024-01-11,SKU-10493,SUP-215,2135,439,1645,0,6
2024-01-11,SKU-10494,SUP-242,2210,507,1840,0,3
2024-01-11,SKU-10495,SUP-206,1617,544,1096,0,12
2024-01-11,SKU-10496,SUP-222,1211,295,1975,0,8
2024-01-11,SKU-10497,SUP-249,2876,272,832,0,11
2024-01-11,SKU-10498,SUP-235,1355,528,894,0,5
2024-01-11,SKU-10499,SUP-226,2617,472,1466,0,14
2024-01-12,SKU-10000,SUP-240,263,505,1304,1304,14
2024-01-12,SKU-10001,SUP-207,1550,408,1454,0,9
2024-01-12,SKU-10002,SUP-201,3128,702,1455,0,4
2024-01-12,SKU-10003,SUP-247,738,282,1565,0,14
2024-01-12,SKU-10004,SUP-217,2986,483,1711,0,11
2024-01-12,SKU-10005,SUP-215,3164,470,1121,0,11
2024-01-12,SKU-10006,SUP-214,2348,492,1154,0,11
2024-01-12,SKU-10007,SUP-208,3371,259,826,0,8
2024-01-12,SKU-10008,SUP-247,3489,633,1018,0,5
2024-01-12,SKU-10009,SUP-206,132,482,896,896,4
2024-01-12,SKU-10010,SUP-243,3336,780,1842,0,8
2024-01-12,SKU-10011,SUP-247,767,402,901,0,14
2024-01-12,SKU-10012,SUP-234,2088,378,1541,0,5
2024-01-12,SKU-10013,SUP-205,3245,602,1916,0,10
2024-01-12,SKU-10014,SUP-237,2815,386,1870,0,11
2024-01-12,SKU-10015,SUP-227,2584,526,1735,0,7
2024-01-12,SKU-10016,SUP-202,2744,617,747,0,3
2024-01-12,SKU-10017,SUP-201,365,510,882,882,7
2024-01-12,SKU-10018,SUP-205,1533,606,744,0,4
2024-01-12,SKU-10019,SUP-213,267,336,693,693,4
2024-01-12,SKU-10020,SUP-214,822,553,1429,0,7
2024-01-12,SKU-10021,SUP-232,2126,356,1457,0,14
2024-01-12,SKU-10022,SUP-238,1271,251,1013,0,10
2024-01-12,SKU-10023,SUP-201,935,331,1905,0,6
2024-01-12,SKU-10024,SUP-235,2265,609,654,0,11
2024-01-12,SKU-10025,SUP-212,2518,722,1023,0,5
2024-01-12,SKU-10026,SUP-245,3437,630,755,0,10
2024-01-12,SKU-10027,SUP-241,704,658,1289,0,7
2024-01-12,SKU-10028,SUP-244,2362,469,1858,0,11
2024-01-12,SKU-10029,SUP-234,400,724,729,729,7
2024-01-12,SKU-10030,SUP-226,1415,570,714,0,3
2024-01-12,SKU-10031,SUP-214,435,399,1706,0,12
2024-01-12,SKU-10032,SUP-228,273,779,1330,1330,4
2024-01-12,SKU-10033,SUP-237,848,202,1617,0,13
2024-01-12,SKU-10034,SUP-217,3417,693,1250,0,10
2024-01-12,SKU-10035,SUP-200,3131,531,1512,0,11
2024-01-12,SKU-10036,SUP-248,3397,405,1020,0,11
2024-01-12,SKU-10037,SUP-210,1233,503,614,0,10
2024-01-12,SKU-10038,SUP-244,2561,627,949,0,4
2024-01-12,SKU-10039,SUP-227,1017,201,1601,0,6
2024-01-12,SKU-10040,SUP-221,3341,309,1178,0,11
2024-01-12,SKU-10041,SUP-217,2181,536,1389,0,9
2024-01-12,SKU-10042,SUP-209,1308,471,1335,0,6
2024-01-12,SKU-10043,SUP-213,2745,576,731,0,11
2024-01-12,SKU-10044,SUP-248,3204,640,533,0,11
2024-01-12,SKU-10045,SUP-221,3428,629,1999,0,13
2024-01-12,SKU-10046,SUP-206,623,321,1080,0,11
2024-01-12,SKU-10047,SUP-205,2994,211,624,0,13
2024-01-12,SKU-10048,SUP-224,3261,779,1217,0,14
2024-01-12,SKU-10049,SUP-206,3335,605,1766,0,7
2024-01-12,SKU-10050,SUP-222,1789,706,1854,0,4
2024-01-12,SKU-10051,SUP-222,928,417,875,0,14
2024-01-12,SKU-10052,SUP-238,1763,630,977,0,5
2024-01-12,SKU-10053,SUP-216,2868,340,1219,0,5
2024-01-12,SKU-10054,SUP-202,2435,554,842,0,7
2024-01-12,SKU-10055,SUP-246,2691,735,1572,0,6
2024-01-12,SKU-10056,SUP-229,2210,564,510,0,14
2024-01-12,SKU-10057,SUP-234,648,644,1613,0,7
2024-01-12,SKU-10058,SUP-207,1833,526,573,0,13
2024-01-12,SKU-10059,SUP-224,2951,554,1032,0,10
2024-01-12,SKU-10060,SUP-205,392,501,1011,1011,4
2024-01-12,SKU-10061,SUP-235,689,752,1617,1617,6
2024-01-12,SKU-10062,SUP-218,2006,695,728,0,6
2024-01-12,SKU-10063,SUP-240,3480,703,994,0,7
2024-01-12,SKU-10064,SUP-239,3257,432,1594,0,9
2024-01-12,SKU-10065,SUP-223,42,215,1165,1165,8
2024-01-12,SKU-10066,SUP-236,206,373,816,816,11
2024-01-12,SKU-10067,SUP-212,19,550,1027,1027,10
2024-01-12,SKU-10068,SUP-245,1835,267,1553,0,14
2024-01-12,SKU-10069,SUP-204,2246,213,778,0,14
2024-01-12,SKU-10070,SUP-202,858,721,1463,0,14
2024-01-12,SKU-10071,SUP-242,2966,431,1999,0,9
2024-01-12,SKU-10072,SUP-214,3267,460,1072,0,12
2024-01-12,SKU-10073,SUP-249,724,454,1101,0,5
2024-01-12,SKU-10074,SUP-218,326,361,1351,1351,9
2024-01-12,SKU-10075,SUP-205,2470,496,1881,0,6
2024-01-12,SKU-10076,SUP-214,3048,625,1036,0,11
2024-01-12,SKU-10077,SUP-206,307,563,929,929,11
2024-01-12,SKU-10078,SUP-224,2577,332,956,0,3
2024-01-12,SKU-10079,SUP-217,2869,581,1261,0,9
2024-01-12,SKU-10080,SUP-229,2709,750,1319,0,8
2024-01-12,SKU-10081,SUP-240,1972,358,1238,0,11
2024-01-12,SKU-10082,SUP-223,52,441,1761,1761,7
2024-01-12,SKU-10083,SUP-210,978,206,1756,0,7
2024-01-12,SKU-10084,SUP-223,3444,276,988,0,9
2024-01-12,SKU-10085,SUP-222,2170,401,1070,0,6
2024-01-12,SKU-10086,SUP-213,2687,442,1695,0,9
2024-01-12,SKU-10087,SUP-242,1794,469,1944,0,5
2024-01-12,SKU-10088,SUP-217,1224,696,692,0,8
2024-01-12,SKU-10089,SUP-244,3107,328,1520,0,11
2024-01-12,SKU-10090,SUP-243,2874,414,786,0,3
2024-01-12,SKU-10091,SUP-241,1759,385,1997,0,8
2024-01-12,SKU-10092,SUP-204,938,340,1244,0,9
2024-01-12,SKU-10093,SUP-238,172,715,1008,1008,13
2024-01-12,SKU-10094,SUP-240,72,486,1699,1699,13
2024-01-12,SKU-10095,SUP-210,3210,611,749,0,9
2024-01-12,SKU-10096,SUP-234,2320,652,657,0,3
2024-01-12,SKU-10097,SUP-246,3537,786,1941,0,10
2024-01-12,SKU-10098,SUP-215,1197,437,652,0,4
2024-01-12,SKU-10099,SUP-210,3484,731,552,0,13
2024-01-12,SKU-10100,SUP-229,1605,281,500,0,9
2024-01-12,SKU-10101,SUP-224,2800,472,872,0,12
2024-01-12,SKU-10102,SUP-217,1097,498,639,0,4
2024-01-12,SKU-10103,SUP-240,1503,559,806,0,10
2024-01-12,SKU-10104,SUP-244,2852,282,833,0,7
2024-01-12,SKU-10105,SUP-235,843,799,1284,0,3
2024-01-12,SKU-10106,SUP-214,1763,376,1886,0,8
2024-01-12,SKU-10107,SUP-243,3515,449,1160,0,10
2024-01-12,SKU-10108,SUP-220,1414,403,1769,0,5
2024-01-12,SKU-10109,SUP-249,1610,747,1691,0,5
2024-01-12,SKU-10110,SUP-249,1340,796,856,0,13
2024-01-12,SKU-10111,SUP-203,2267,581,1236,0,6
2024-01-12,SKU-10112,SUP-214,2280,618,622,0,8
2024-01-12,SKU-10113,SUP-202,3238,710,556,0,12
2024-01-12,SKU-10114,SUP-220,3413,320,842,0,14
2024-01-12,SKU-10115,SUP-225,1767,540,1939,0,3
2024-01-12,SKU-10116,SUP-217,2761,409,1022,0,8
2024-01-12,SKU-10117,SUP-204,1722,417,1250,0,8
2024-01-12,SKU-10118,SUP-213,170,492,591,591,14
2024-01-12,SKU-10119,SUP-236,2689,355,792,0,7
2024-01-12,SKU-10120,SUP-245,2614,684,1350,0,14
2024-01-12,SKU-10121,SUP-220,2722,483,1061,0,5
2024-01-12,SKU-10122,SUP-213,239,607,1911,1911,10
2024-01-12,SKU-10123,SUP-241,396,687,538,538,11
2024-01-12,SKU-10124,SUP-231,3426,515,1640,0,8
2024-01-12,SKU-10125,SUP-225,2755,686,1264,0,13
2024-01-12,SKU-10126,SUP-241,2284,497,1575,0,11
2024-01-12,SKU-10127,SUP-229,439,317,1947,0,9
2024-01-12,SKU-10128,SUP-209,3197,492,1018,0,4
2024-01-12,SKU-10129,SUP-216,2195,474,1306,0,7
2024-01-12,SKU-10130,SUP-208,1664,646,1680,0,14
2024-01-12,SKU-10131,SUP-215,2969,215,1425,0,11
2024-01-12,SKU-10132,SUP-247,122,499,1246,1246,8
2024-01-12,SKU-10133,SUP-235,1679,460,1762,0,10
2024-01-12,SKU-10134,SUP-234,2178,314,767,0,14
2024-01-12,SKU-10135,SUP-216,90,605,677,677,6
2024-01-12,SKU-10136,SUP-247,1234,599,769,0,10
2024-01-12,SKU-10137,SUP-237,3064,258,1141,0,9
2024-01-12,SKU-10138,SUP-227,351,289,1004,0,7
2024-01-12,SKU-10139,SUP-237,2604,417,985,0,14
2024-01-12,SKU-10140,SUP-225,1420,343,879,0,11
2024-01-12,SKU-10141,SUP-223,573,608,813,813,7
2024-01-12,SKU-10142,SUP-214,1495,758,1957,0,14
2024-01-12,SKU-10143,SUP-208,849,527,1100,0,8
2024-01-12,SKU-10144,SUP-232,2608,501,652,0,11
2024-01-12,SKU-10145,SUP-231,1235,305,1229,0,12
2024-01-12,SKU-10146,SUP-205,1101,749,1720,0,10
2024-01-12,SKU-10147,SUP-248,999,755,1468,0,12
2024-01-12,SKU-10148,SUP-203,2843,231,525,0,3
2024-01-12,SKU-10149,SUP-207,2151,492,1136,0,8
2024-01-12,SKU-10150,SUP-209,2514,666,1303,0,7
2024-01-12,SKU-10151,SUP-240,2844,201,521,0,4
2024-01-12,SKU-10152,SUP-210,2693,728,887,0,9
2024-01-12,SKU-10153,SUP-243,2315,602,786,0,9
2024-01-12,SKU-10154,SUP-227,2313,511,1960,0,11
2024-01-12,SKU-10155,SUP-238,3375,273,1253,0,3
2024-01-12,SKU-10156,SUP-204,1888,515,1233,0,11
2024-01-12,SKU-10157,SUP-224,2703,313,674,0,14
2024-01-12,SKU-10158,SUP-224,1776,580,817,0,6
2024-01-12,SKU-10159,SUP-238,3083,543,1563,0,14
2024-01-12,SKU-10160,SUP-229,1570,424,1980,0,12
2024-01-12,SKU-10161,SUP-233,2789,238,1228,0,6
2024-01-12,SKU-10162,SUP-216,789,688,1507,0,3
2024-01-12,SKU-10163,SUP-235,1547,371,1283,0,14
2024-01-12,SKU-10164,SUP-200,577,753,1271,1271,10
2024-01-12,SKU-10165,SUP-243,2594,584,1920,0,8
2024-01-12,SKU-10166,SUP-246,2305,582,1918,0,12
2024-01-12,SKU-10167,SUP-207,1616,555,919,0,14
2024-01-12,SKU-10168,SUP-243,981,628,1915,0,7
2024-01-12,SKU-10169,SUP-234,3158,624,1459,0,10
2024-01-12,SKU-10170,SUP-248,2653,364,1746,0,11
2024-01-12,SKU-10171,SUP-217,3003,540,1984,0,10
2024-01-12,SKU-10172,SUP-249,1932,620,880,0,11
2024-01-12,SKU-10173,SUP-241,2422,203,815,0,8
2024-01-12,SKU-10174,SUP-221,1404,554,1556,0,8
2024-01-12,SKU-10175,SUP-207,1528,548,1567,0,8
2024-01-12,SKU-10176,SUP-218,968,278,1713,0,8
2024-01-12,SKU-10177,SUP-227,1894,712,1543,0,11
2024-01-12,SKU-10178,SUP-210,2637,206,1351,0,3
2024-01-12,SKU-10179,SUP-229,1173,672,1625,0,4
2024-01-12,SKU-10180,SUP-200,488,224,1220,0,7
2024-01-12,SKU-10181,SUP-246,3281,670,862,0,12
2024-01-12,SKU-10182,SUP-246,2737,748,1635,0,9
2024-01-12,SKU-10183,SUP-216,1542,347,1375,0,6
2024-01-12,SKU-10184,SUP-232,1358,712,1128,0,14
2024-01-12,SKU-10185,SUP-248,1916,304,965,0,14
2024-01-12,SKU-10186,SUP-211,1192,480,1930,0,10
2024-01-12,SKU-10187,SUP-232,3368,557,1174,0,3
2024-01-12,SKU-10188,SUP-206,1473,480,1415,0,3
2024-01-12,SKU-10189,SUP-240,472,561,1874,1874,3
2024-01-12,SKU-10190,SUP-219,2707,741,1396,0,5
2024-01-12,SKU-10191,SUP-240,821,333,1459,0,7
2024-01-12,SKU-10192,SUP-232,2992,356,687,0,14
2024-01-12,SKU-10193,SUP-238,2616,503,1612,0,7
2024-01-12,SKU-10194,SUP-212,1488,426,650,0,3
2024-01-12,SKU-10195,SUP-209,2581,364,1223,0,6
2024-01-12,SKU-10196,SUP-223,1939,773,1589,0,10
2024-01-12,SKU-10197,SUP-248,1286,599,629,0,11
2024-01-12,SKU-10198,SUP-210,3402,228,1725,0,9
2024-01-12,SKU-10199,SUP-234,2025,538,1922,0,9
2024-01-12,SKU-10200,SUP-249,2797,784,921,0,5
2024-01-12,SKU-10201,SUP-233,919,670,1222,0,9
2024-01-12,SKU-10202,SUP-200,2928,707,613,0,6
2024-01-12,SKU-10203,SUP-238,3078,668,592,0,14
2024-01-12,SKU-10204,SUP-220,1428,684,1488,0,6
2024-01-12,SKU-10205,SUP-231,168,293,1704,1704,6
2024-01-12,SKU-10206,SUP-201,699,471,1655,0,10
2024-01-12,SKU-10207,SUP-207,946,792,1185,0,14
2024-01-12,SKU-10208,SUP-223,1206,489,945,0,7
2024-01-12,SKU-10209,SUP-219,1892,243,1381,0,11
2024-01-12,SKU-10210,SUP-215,2331,767,1189,0,7
2024-01-12,SKU-10211,SUP-203,3377,467,1382,0,12
2024-01-12,SKU-10212,SUP-215,558,667,758,758,13
2024-01-12,SKU-10213,SUP-236,377,472,1124,1124,9
2024-01-12,SKU-10214,SUP-205,1502,467,1555,0,13
2024-01-12,SKU-10215,SUP-205,1187,376,603,0,14
2024-01-12,SKU-10216,SUP-246,1398,796,1558,0,7
2024-01-12,SKU-10217,SUP-231,910,598,1096,0,7
2024-01-12,SKU-10218,SUP-204,436,496,1367,1367,7
2024-01-12,SKU-10219,SUP-248,918,594,747,0,10
2024-01-12,SKU-10220,SUP-234,1059,555,1924,0,3
2024-01-12,SKU-10221,SUP-249,2358,738,1354,0,3
2024-01-12,SKU-10222,SUP-208,2742,419,1605,0,3
2024-01-12,SKU-10223,SUP-208,1684,581,538,0,9
2024-01-12,SKU-10224,SUP-242,2467,730,605,0,4
2024-01-12,SKU-10225,SUP-230,287,288,1839,1839,13
2024-01-12,SKU-10226,SUP-235,1261,772,1694,0,8
2024-01-12,SKU-10227,SUP-210,3154,410,528,0,14
2024-01-12,SKU-10228,SUP-216,2316,565,656,0,6
2024-01-12,SKU-10229,SUP-233,1542,717,731,0,11
2024-01-12,SKU-10230,SUP-238,212,488,704,704,5
2024-01-12,SKU-10231,SUP-227,3503,559,1169,0,8
2024-01-12,SKU-10232,SUP-213,480,281,841,0,12
2024-01-12,SKU-10233,SUP-234,2214,405,1741,0,4
2024-01-12,SKU-10234,SUP-248,1828,521,730,0,9
2024-01-12,SKU-10235,SUP-246,1796,483,775,0,3
2024-01-12,SKU-10236,SUP-244,1430,415,596,0,13
2024-01-12,SKU-10237,SUP-212,1363,602,1507,0,12
2024-01-12,SKU-10238,SUP-245,520,581,641,641,11
2024-01-12,SKU-10239,SUP-219,567,522,1499,0,14
2024-01-12,SKU-10240,SUP-225,3023,359,513,0,14
2024-01-12,SKU-10241,SUP-242,3292,771,1566,0,3
2024-01-12,SKU-10242,SUP-241,1592,664,1686,0,12
2024-01-12,SKU-10243,SUP-223,2343,366,1671,0,14
2024-01-12,SKU-10244,SUP-228,332,641,1375,1375,8
2024-01-12,SKU-10245,SUP-233,1520,742,1968,0,12
2024-01-12,SKU-10246,SUP-228,583,604,1382,1382,14
2024-01-12,SKU-10247,SUP-207,694,622,1879,0,13
2024-01-12,SKU-10248,SUP-215,3096,352,1416,0,12
2024-01-12,SKU-10249,SUP-214,3299,478,862,0,3
2024-01-12,SKU-10250,SUP-204,1728,334,793,0,9
2024-01-12,SKU-10251,SUP-221,1768,272,758,0,8
2024-01-12,SKU-10252,SUP-201,1402,755,855,0,12
2024-01-12,SKU-10253,SUP-237,1583,772,1316,0,3
2024-01-12,SKU-10254,SUP-235,2454,456,1408,0,4
2024-01-12,SKU-10255,SUP-214,850,318,565,0,7
2024-01-12,SKU-10256,SUP-237,2576,723,923,0,14
2024-01-12,SKU-10257,SUP-214,579,560,1262,0,14
2024-01-12,SKU-10258,SUP-200,513,733,1997,1997,11
2024-01-12,SKU-10259,SUP-204,2748,653,1993,0,14
2024-01-12,SKU-10260,SUP-245,508,750,1435,1435,14
2024-01-12,SKU-10261,SUP-240,1704,644,551,0,13
2024-01-12,SKU-10262,SUP-203,2331,528,1873,0,9
2024-01-12,SKU-10263,SUP-214,1010,658,997,0,14
2024-01-12,SKU-10264,SUP-204,3338,220,1089,0,5
2024-01-12,SKU-10265,SUP-202,2879,315,554,0,6
2024-01-12,SKU-10266,SUP-221,1317,453,991,0,11
2024-01-12,SKU-10267,SUP-204,3145,424,1992,0,9
2024-01-12,SKU-10268,SUP-232,1218,541,732,0,8
2024-01-12,SKU-10269,SUP-215,371,791,512,512,5
2024-01-12,SKU-10270,SUP-217,582,539,1847,0,6
2024-01-12,SKU-10271,SUP-242,759,630,1930,0,11
2024-01-12,SKU-10272,SUP-231,994,735,856,0,12
2024-01-12,SKU-10273,SUP-213,22,505,1781,1781,12
2024-01-12,SKU-10274,SUP-234,2420,664,1113,0,3
2024-01-12,SKU-10275,SUP-208,1108,309,1209,0,11
2024-01-12,SKU-10276,SUP-246,1467,363,848,0,6
2024-01-12,SKU-10277,SUP-236,3005,703,1384,0,9
2024-01-12,SKU-10278,SUP-236,2282,784,1297,0,5
2024-01-12,SKU-10279,SUP-230,1342,714,725,0,4
2024-01-12,SKU-10280,SUP-215,606,679,610,610,5
2024-01-12,SKU-10281,SUP-230,3391,473,654,0,13
2024-01-12,SKU-10282,SUP-226,1511,544,1234,0,11
2024-01-12,SKU-10283,SUP-212,2364,661,837,0,6
2024-01-12,SKU-10284,SUP-206,3003,284,1236,0,6
2024-01-12,SKU-10285,SUP-206,1771,426,1809,0,14
2024-01-12,SKU-10286,SUP-242,104,490,1321,1321,12
2024-01-12,SKU-10287,SUP-227,128,753,1432,1432,7
2024-01-12,SKU-10288,SUP-222,2034,666,1748,0,13
2024-01-12,SKU-10289,SUP-227,834,657,1139,0,7
2024-01-12,SKU-10290,SUP-226,3215,379,1037,0,8
2024-01-12,SKU-10291,SUP-229,1677,220,1244,0,10
2024-01-12,SKU-10292,SUP-246,1895,615,1795,0,12
2024-01-12,SKU-10293,SUP-203,3313,307,1136,0,10
2024-01-12,SKU-10294,SUP-243,45,753,1692,1692,11
2024-01-12,SKU-10295,SUP-241,1344,638,1795,0,14
2024-01-12,SKU-10296,SUP-241,848,426,920,0,14
2024-01-12,SKU-10297,SUP-206,111,769,1276,1276,5
2024-01-12,SKU-10298,SUP-203,618,327,1617,0,7
2024-01-12,SKU-10299,SUP-225,681,356,551,0,5
2024-01-12,SKU-10300,SUP-246,2115,619,924,0,9
2024-01-12,SKU-10301,SUP-221,424,492,1216,1216,6
2024-01-12,SKU-10302,SUP-206,708,676,524,0,8
2024-01-12,SKU-10303,SUP-215,2804,557,1799,0,4
2024-01-12,SKU-10304,SUP-212,472,762,938,938,9
2024-01-12,SKU-10305,SUP-212,1824,342,1367,0,3
2024-01-12,SKU-10306,SUP-234,1884,663,1376,0,4
2024-01-12,SKU-10307,SUP-228,1783,257,1649,0,11
2024-01-12,SKU-10308,SUP-208,2568,468,595,0,3
2024-01-12,SKU-10309,SUP-227,2024,288,1184,0,10
2024-01-12,SKU-10310,SUP-211,14,542,703,703,4
2024-01-12,SKU-10311,SUP-217,1945,262,738,0,14
2024-01-12,SKU-10312,SUP-229,332,229,1165,0,3
2024-01-12,SKU-10313,SUP-215,1333,256,1956,0,6
2024-01-12,SKU-10314,SUP-204,1923,306,1099,0,12
2024-01-12,SKU-10315,SUP-228,3246,276,1228,0,11
2024-01-12,SKU-10316,SUP-235,951,467,1264,0,11
2024-01-12,SKU-10317,SUP-206,2950,360,1581,0,8
2024-01-12,SKU-10318,SUP-203,450,709,929,929,6
2024-01-12,SKU-10319,SUP-241,3216,788,1297,0,6
2024-01-12,SKU-10320,SUP-234,1354,466,1955,0,5
2024-01-12,SKU-10321,SUP-200,2652,729,1892,0,7
2024-01-12,SKU-10322,SUP-205,3233,781,1521,0,13
2024-01-12,SKU-10323,SUP-248,3250,279,612,0,7
2024-01-12,SKU-10324,SUP-215,1090,302,606,0,6
2024-01-12,SKU-10325,SUP-210,2392,530,1221,0,3
2024-01-12,SKU-10326,SUP-226,2080,707,633,0,7
2024-01-12,SKU-10327,SUP-231,2588,382,1216,0,13
2024-01-12,SKU-10328,SUP-230,2024,608,706,0,7
2024-01-12,SKU-10329,SUP-213,1715,493,1512,0,12
2024-01-12,SKU-10330,SUP-225,2406,578,1125,0,10
2024-01-12,SKU-10331,SUP-203,1329,290,975,0,11
2024-01-12,SKU-10332,SUP-210,2494,394,1033,0,12
2024-01-12,SKU-10333,SUP-224,130,276,829,829,3
2024-01-12,SKU-10334,SUP-200,2917,376,1949,0,10
2024-01-12,SKU-10335,SUP-224,2402,220,1190,0,4
2024-01-12,SKU-10336,SUP-216,509,424,1925,0,13
2024-01-12,SKU-10337,SUP-229,2141,637,1795,0,10
2024-01-12,SKU-10338,SUP-218,300,708,1865,1865,3
2024-01-12,SKU-10339,SUP-227,3246,375,1768,0,4
2024-01-12,SKU-10340,SUP-244,818,351,688,0,6
2024-01-12,SKU-10341,SUP-246,773,538,546,0,6
2024-01-12,SKU-10342,SUP-235,1323,453,1336,0,10
2024-01-12,SKU-10343,SUP-242,3195,232,1295,0,3
2024-01-12,SKU-10344,SUP-245,3488,541,547,0,14
2024-01-12,SKU-10345,SUP-231,1722,520,637,0,5
2024-01-12,SKU-10346,SUP-209,2269,781,1211,0,13
2024-01-12,SKU-10347,SUP-212,896,550,1345,0,7
2024-01-12,SKU-10348,SUP-218,429,635,1973,1973,11
2024-01-12,SKU-10349,SUP-213,2340,680,1320,0,4
2024-01-12,SKU-10350,SUP-203,897,371,517,0,13
2024-01-12,SKU-10351,SUP-237,1573,480,1330,0,6
2024-01-12,SKU-10352,SUP-247,1417,617,783,0,11
2024-01-12,SKU-10353,SUP-234,1637,420,508,0,4
2024-01-12,SKU-10354,SUP-203,1063,574,1033,0,5
2024-01-12,SKU-10355,SUP-247,2038,581,1439,0,10
2024-01-12,SKU-10356,SUP-220,554,624,1124,1124,10
2024-01-12,SKU-10357,SUP-203,2836,653,1437,0,3
2024-01-12,SKU-10358,SUP-203,2141,392,1703,0,5
2024-01-12,SKU-10359,SUP-237,1813,720,856,0,4
2024-01-12,SKU-10360,SUP-230,169,515,1501,1501,8
2024-01-12,SKU-10361,SUP-232,1936,757,503,0,12
2024-01-12,SKU-10362,SUP-233,2605,239,1138,0,9
2024-01-12,SKU-10363,SUP-210,1399,751,1727,0,3
2024-01-12,SKU-10364,SUP-203,200,342,1638,1638,14
2024-01-12,SKU-10365,SUP-232,1510,458,545,0,12
2024-01-12,SKU-10366,SUP-205,992,436,1576,0,6
2024-01-12,SKU-10367,SUP-211,1876,432,550,0,11
2024-01-12,SKU-10368,SUP-204,564,550,1148,0,7
2024-01-12,SKU-10369,SUP-238,766,783,725,725,13
2024-01-12,SKU-10370,SUP-204,607,611,1313,1313,8
2024-01-12,SKU-10371,SUP-243,766,316,1887,0,4
2024-01-12,SKU-10372,SUP-215,257,518,1882,1882,7
2024-01-12,SKU-10373,SUP-225,3029,371,1018,0,9
2024-01-12,SKU-10374,SUP-207,1207,727,819,0,7
2024-01-12,SKU-10375,SUP-236,3139,601,1486,0,12
2024-01-12,SKU-10376,SUP-215,295,385,1904,1904,3
2024-01-12,SKU-10377,SUP-237,364,335,657,0,12
2024-01-12,SKU-10378,SUP-238,228,761,1011,1011,9
2024-01-12,SKU-10379,SUP-202,1962,340,1124,0,8
2024-01-12,SKU-10380,SUP-239,525,581,1857,1857,13
2024-01-12,SKU-10381,SUP-205,2477,546,1421,0,4
2024-01-12,SKU-10382,SUP-226,3052,587,1372,0,5
2024-01-12,SKU-10383,SUP-242,830,541,1810,0,3
2024-01-12,SKU-10384,SUP-237,2321,519,872,0,5
2024-01-12,SKU-10385,SUP-236,2698,313,1723,0,11
2024-01-12,SKU-10386,SUP-233,1376,202,1397,0,7
2024-01-12,SKU-10387,SUP-220,3063,403,1305,0,7
2024-01-12,SKU-10388,SUP-216,2603,491,1697,0,5
2024-01-12,SKU-10389,SUP-213,1123,509,1416,0,14
2024-01-12,SKU-10390,SUP-242,1941,709,943,0,6
2024-01-12,SKU-10391,SUP-245,2535,287,751,0,5
2024-01-12,SKU-10392,SUP-220,2320,620,560,0,5
2024-01-12,SKU-10393,SUP-215,1521,778,1139,0,13
2024-01-12,SKU-10394,SUP-216,1610,233,711,0,14
2024-01-12,SKU-10395,SUP-225,1650,302,1643,0,12
2024-01-12,SKU-10396,SUP-208,1100,508,911,0,8
2024-01-12,SKU-10397,SUP-242,1999,362,1163,0,10
2024-01-12,SKU-10398,SUP-241,1302,415,1102,0,4
2024-01-12,SKU-10399,SUP-219,68,243,1613,1613,7
2024-01-12,SKU-10400,SUP-229,1399,460,1906,0,3
2024-01-12,SKU-10401,SUP-220,1409,769,524,0,4
2024-01-12,SKU-10402,SUP-248,1478,569,1373,0,7
2024-01-12,SKU-10403,SUP-204,1424,522,1956,0,12
2024-01-12,SKU-10404,SUP-200,2230,346,1867,0,11
2024-01-12,SKU-10405,SUP-229,633,663,1363,1363,5
2024-01-12,SKU-10406,SUP-239,3035,204,1560,0,14
2024-01-12,SKU-10407,SUP-236,2071,298,1179,0,3
2024-01-12,SKU-10408,SUP-206,3183,423,510,0,9
2024-01-12,SKU-10409,SUP-204,2069,578,730,0,12
2024-01-12,SKU-10410,SUP-234,972,650,990,0,7
2024-01-12,SKU-10411,SUP-213,1767,374,1784,0,12
2024-01-12,SKU-10412,SUP-232,1122,584,1125,0,13
2024-01-12,SKU-10413,SUP-216,1453,538,1203,0,5
2024-01-12,SKU-10414,SUP-208,2885,444,1341,0,7
2024-01-12,SKU-10415,SUP-222,1576,579,662,0,4
2024-01-12,SKU-10416,SUP-204,451,729,533,533,10
2024-01-12,SKU-10417,SUP-215,403,391,1220,0,9
2024-01-12,SKU-10418,SUP-223,361,332,1720,0,13
2024-01-12,SKU-10419,SUP-218,2547,303,712,0,7
2024-01-12,SKU-10420,SUP-210,163,441,779,779,10
2024-01-12,SKU-10421,SUP-228,492,685,813,813,3
2024-01-12,SKU-10422,SUP-234,2007,262,771,0,7
2024-01-12,SKU-10423,SUP-245,2157,545,732,0,3
2024-01-12,SKU-10424,SUP-219,2912,466,1496,0,8
2024-01-12,SKU-10425,SUP-239,948,275,746,0,14
2024-01-12,SKU-10426,SUP-241,3187,775,842,0,13
2024-01-12,SKU-10427,SUP-233,1428,598,1764,0,12
2024-01-12,SKU-10428,SUP-200,1175,253,1668,0,6
2024-01-12,SKU-10429,SUP-242,3099,530,1815,0,14
2024-01-12,SKU-10430,SUP-235,1347,749,600,0,4
2024-01-12,SKU-10431,SUP-219,2851,778,1714,0,9
2024-01-12,SKU-10432,SUP-242,964,324,1389,0,10
2024-01-12,SKU-10433,SUP-206,1641,593,1984,0,10
2024-01-12,SKU-10434,SUP-208,332,585,1412,1412,14
2024-01-12,SKU-10435,SUP-216,1013,518,760,0,11
2024-01-12,SKU-10436,SUP-207,1599,675,777,0,5
2024-01-12,SKU-10437,SUP-206,963,731,1272,0,9
2024-01-12,SKU-10438,SUP-247,1068,430,690,0,12
2024-01-12,SKU-10439,SUP-235,3235,790,1980,0,9
2024-01-12,SKU-10440,SUP-209,2110,305,691,0,13
2024-01-12,SKU-10441,SUP-217,1630,374,1134,0,7
2024-01-12,SKU-10442,SUP-218,2495,236,1550,0,10
2024-01-12,SKU-10443,SUP-238,1948,353,1961,0,6
2024-01-12,SKU-10444,SUP-213,1391,770,648,0,12
2024-01-12,SKU-10445,SUP-245,2432,701,561,0,6
2024-01-12,SKU-10446,SUP-221,2392,431,1027,0,8
2024-01-12,SKU-10447,SUP-213,2087,282,1957,0,3
2024-01-12,SKU-10448,SUP-243,2852,781,1082,0,10
2024-01-12,SKU-10449,SUP-240,3270,732,1915,0,14
2024-01-12,SKU-10450,SUP-216,911,215,908,0,14
2024-01-12,SKU-10451,SUP-232,2622,378,1435,0,10
2024-01-12,SKU-10452,SUP-231,1633,380,631,0,9
2024-01-12,SKU-10453,SUP-216,1412,434,1259,0,7
2024-01-12,SKU-10454,SUP-203,3333,634,1701,0,14
2024-01-12,SKU-10455,SUP-205,3424,511,626,0,11
2024-01-12,SKU-10456,SUP-240,360,696,972,972,3
2024-01-12,SKU-10457,SUP-227,1384,727,899,0,8
2024-01-12,SKU-10458,SUP-217,2886,318,1948,0,7
2024-01-12,SKU-10459,SUP-202,3476,572,1702,0,3
2024-01-12,SKU-10460,SUP-200,2894,765,1602,0,13
2024-01-12,SKU-10461,SUP-221,2940,567,1629,0,11
2024-01-12,SKU-10462,SUP-249,3178,347,649,0,4
2024-01-12,SKU-10463,SUP-208,2438,392,1222,0,12
2024-01-12,SKU-10464,SUP-240,1379,734,842,0,13
2024-01-12,SKU-10465,SUP-216,1232,397,552,0,13
2024-01-12,SKU-10466,SUP-210,2736,577,1175,0,14
2024-01-12,SKU-10467,SUP-247,3103,597,1705,0,5
2024-01-12,SKU-10468,SUP-228,1647,760,689,0,10
2024-01-12,SKU-10469,SUP-235,117,478,1212,1212,3
2024-01-12,SKU-10470,SUP-245,3276,510,1377,0,11
2024-01-12,SKU-10471,SUP-227,2841,650,1030,0,3
2024-01-12,SKU-10472,SUP-235,3379,669,1310,0,13
2024-01-12,SKU-10473,SUP-200,2549,777,1130,0,7
2024-01-12,SKU-10474,SUP-207,727,361,1341,0,10
2024-01-12,SKU-10475,SUP-204,2203,743,1350,0,10
2024-01-12,SKU-10476,SUP-244,1087,748,1478,0,3
2024-01-12,SKU-10477,SUP-209,1034,616,756,0,9
2024-01-12,SKU-10478,SUP-234,1460,781,1055,0,6
2024-01-12,SKU-10479,SUP-202,3255,357,584,0,4
2024-01-12,SKU-10480,SUP-223,2903,483,1565,0,13
2024-01-12,SKU-10481,SUP-237,2280,333,1113,0,11
2024-01-12,SKU-10482,SUP-235,1774,651,1497,0,4
2024-01-12,SKU-10483,SUP-209,2296,523,1420,0,14
2024-01-12,SKU-10484,SUP-227,411,388,808,0,11
2024-01-12,SKU-10485,SUP-208,3056,605,1499,0,7
2024-01-12,SKU-10486,SUP-202,2506,793,654,0,14
2024-01-12,SKU-10487,SUP-219,1096,393,1747,0,10
2024-01-12,SKU-10488,SUP-223,1222,671,651,0,10
2024-01-12,SKU-10489,SUP-202,2499,752,1947,0,13
2024-01-12,SKU-10490,SUP-222,979,370,1349,0,12
2024-01-12,SKU-10491,SUP-213,1880,374,1003,0,11
2024-01-12,SKU-10492,SUP-243,2128,770,605,0,5
2024-01-12,SKU-10493,SUP-215,2074,237,894,0,5
2024-01-12,SKU-10494,SUP-242,1149,484,1987,0,10
2024-01-12,SKU-10495,SUP-206,1924,628,864,0,7
2024-01-12,SKU-10496,SUP-222,876,443,812,0,14
2024-01-12,SKU-10497,SUP-249,2741,508,1911,0,7
2024-01-12,SKU-10498,SUP-235,1644,655,1866,0,6
2024-01-12,SKU-10499,SUP-226,3043,782,761,0,5
2024-01-13,SKU-10000,SUP-240,815,388,1732,0,11
2024-01-13,SKU-10001,SUP-207,239,692,1958,1958,7
2024-01-13,SKU-10002,SUP-201,2497,596,1864,0,8
2024-01-13,SKU-10003,SUP-247,2847,424,1705,0,11
2024-01-13,SKU-10004,SUP-217,1563,551,1087,0,5
2024-01-13,SKU-10005,SUP-215,1509,340,703,0,8
2024-01-13,SKU-10006,SUP-214,1164,468,812,0,4
2024-01-13,SKU-10007,SUP-208,2262,550,1684,0,13
2024-01-13,SKU-10008,SUP-247,2602,278,1478,0,11
2024-01-13,SKU-10009,SUP-206,2488,534,633,0,13
2024-01-13,SKU-10010,SUP-243,3354,417,1244,0,3
2024-01-13,SKU-10011,SUP-247,3328,417,1966,0,5
2024-01-13,SKU-10012,SUP-234,230,671,1608,1608,9
2024-01-13,SKU-10013,SUP-205,1806,606,1755,0,13
2024-01-13,SKU-10014,SUP-237,2782,499,1881,0,7
2024-01-13,SKU-10015,SUP-227,1228,705,564,0,8
2024-01-13,SKU-10016,SUP-202,2718,673,1154,0,5
2024-01-13,SKU-10017,SUP-201,3129,614,863,0,14
2024-01-13,SKU-10018,SUP-205,1533,708,1824,0,4
2024-01-13,SKU-10019,SUP-213,2929,679,1691,0,13
2024-01-13,SKU-10020,SUP-214,1351,499,673,0,8
2024-01-13,SKU-10021,SUP-232,129,205,1684,1684,7
2024-01-13,SKU-10022,SUP-238,1580,708,1406,0,14
2024-01-13,SKU-10023,SUP-201,3226,275,1323,0,11
2024-01-13,SKU-10024,SUP-235,1309,713,1769,0,14
2024-01-13,SKU-10025,SUP-212,1518,580,1347,0,14
2024-01-13,SKU-10026,SUP-245,1489,693,1255,0,6
2024-01-13,SKU-10027,SUP-241,1988,300,1969,0,4
2024-01-13,SKU-10028,SUP-244,984,567,1762,0,9
2024-01-13,SKU-10029,SUP-234,2874,630,779,0,5
2024-01-13,SKU-10030,SUP-226,2824,350,1919,0,3
2024-01-13,SKU-10031,SUP-214,1863,606,786,0,7
2024-01-13,SKU-10032,SUP-228,680,331,1600,0,4
2024-01-13,SKU-10033,SUP-237,2563,611,1613,0,4
2024-01-13,SKU-10034,SUP-217,3142,553,770,0,10
2024-01-13,SKU-10035,SUP-200,566,707,554,554,7
2024-01-13,SKU-10036,SUP-248,1116,723,1414,0,11
2024-01-13,SKU-10037,SUP-210,1846,410,1749,0,9
2024-01-13,SKU-10038,SUP-244,3338,739,1488,0,7
2024-01-13,SKU-10039,SUP-227,283,313,1674,1674,6
2024-01-13,SKU-10040,SUP-221,2271,411,1278,0,4
2024-01-13,SKU-10041,SUP-217,3058,511,1682,0,12
2024-01-13,SKU-10042,SUP-209,1821,445,1516,0,12
2024-01-13,SKU-10043,SUP-213,400,635,1892,1892,12
2024-01-13,SKU-10044,SUP-248,3064,627,680,0,5
2024-01-13,SKU-10045,SUP-221,2270,539,990,0,12
2024-01-13,SKU-10046,SUP-206,1464,655,1615,0,11
2024-01-13,SKU-10047,SUP-205,3306,740,1008,0,13
2024-01-13,SKU-10048,SUP-224,1496,450,1517,0,9
2024-01-13,SKU-10049,SUP-206,101,519,1359,1359,14
2024-01-13,SKU-10050,SUP-222,1901,228,936,0,8
2024-01-13,SKU-10051,SUP-222,1949,246,1940,0,3
2024-01-13,SKU-10052,SUP-238,2940,754,1597,0,7
2024-01-13,SKU-10053,SUP-216,2764,399,1173,0,7
2024-01-13,SKU-10054,SUP-202,1118,248,1395,0,12
2024-01-13,SKU-10055,SUP-246,2469,752,1175,0,4
2024-01-13,SKU-10056,SUP-229,304,346,781,781,8
2024-01-13,SKU-10057,SUP-234,3369,694,908,0,4
2024-01-13,SKU-10058,SUP-207,2731,245,1766,0,9
2024-01-13,SKU-10059,SUP-224,3117,210,1407,0,10
2024-01-13,SKU-10060,SUP-205,1707,207,1483,0,9
2024-01-13,SKU-10061,SUP-235,1701,683,772,0,7
2024-01-13,SKU-10062,SUP-218,2674,313,1031,0,5
2024-01-13,SKU-10063,SUP-240,1310,332,1419,0,12
2024-01-13,SKU-10064,SUP-239,3146,744,1761,0,4
2024-01-13,SKU-10065,SUP-223,1178,226,1316,0,4
2024-01-13,SKU-10066,SUP-236,2286,523,1366,0,5
2024-01-13,SKU-10067,SUP-212,3372,303,1855,0,12
2024-01-13,SKU-10068,SUP-245,412,547,1391,1391,6
2024-01-13,SKU-10069,SUP-204,32,208,1654,1654,7
2024-01-13,SKU-10070,SUP-202,2719,252,1369,0,7
2024-01-13,SKU-10071,SUP-242,1597,636,800,0,13
2024-01-13,SKU-10072,SUP-214,3260,305,1085,0,14
2024-01-13,SKU-10073,SUP-249,943,210,1430,0,5
2024-01-13,SKU-10074,SUP-218,1455,520,959,0,5
2024-01-13,SKU-10075,SUP-205,3409,472,740,0,10
2024-01-13,SKU-10076,SUP-214,1995,366,1149,0,9
2024-01-13,SKU-10077,SUP-206,1113,472,1378,0,10
2024-01-13,SKU-10078,SUP-224,2277,533,1526,0,5
2024-01-13,SKU-10079,SUP-217,1999,549,673,0,6
2024-01-13,SKU-10080,SUP-229,2034,554,575,0,6
2024-01-13,SKU-10081,SUP-240,1341,602,1741,0,6
2024-01-13,SKU-10082,SUP-223,2099,789,1169,0,10
2024-01-13,SKU-10083,SUP-210,2606,489,1967,0,5
2024-01-13,SKU-10084,SUP-223,2037,537,1286,0,14
2024-01-13,SKU-10085,SUP-222,2515,264,662,0,6
2024-01-13,SKU-10086,SUP-213,2080,519,859,0,6
2024-01-13,SKU-10087,SUP-242,2838,456,699,0,8
2024-01-13,SKU-10088,SUP-217,724,571,1404,0,6
2024-01-13,SKU-10089,SUP-244,1348,748,605,0,13
2024-01-13,SKU-10090,SUP-243,517,328,1198,0,14
2024-01-13,SKU-10091,SUP-241,882,720,1460,0,6
2024-01-13,SKU-10092,SUP-204,323,265,1676,0,13
2024-01-13,SKU-10093,SUP-238,3338,793,720,0,5
2024-01-13,SKU-10094,SUP-240,2748,291,1023,0,11
2024-01-13,SKU-10095,SUP-210,1459,616,1231,0,14
2024-01-13,SKU-10096,SUP-234,889,745,880,0,11
2024-01-13,SKU-10097,SUP-246,1920,503,691,0,10
2024-01-13,SKU-10098,SUP-215,692,269,788,0,11
2024-01-13,SKU-10099,SUP-210,2107,254,1630,0,3
2024-01-13,SKU-10100,SUP-229,2799,235,1656,0,9
2024-01-13,SKU-10101,SUP-224,1266,236,1542,0,5
2024-01-13,SKU-10102,SUP-217,1758,629,966,0,3
2024-01-13,SKU-10103,SUP-240,309,767,1267,1267,5
2024-01-13,SKU-10104,SUP-244,301,493,1421,1421,5
2024-01-13,SKU-10105,SUP-235,1563,667,866,0,7
2024-01-13,SKU-10106,SUP-214,2811,603,950,0,12
2024-01-13,SKU-10107,SUP-243,1084,349,945,0,3
2024-01-13,SKU-10108,SUP-220,2551,707,1051,0,9
2024-01-13,SKU-10109,SUP-249,2541,249,1533,0,9
2024-01-13,SKU-10110,SUP-249,437,498,838,838,7
2024-01-13,SKU-10111,SUP-203,564,341,1693,0,3
2024-01-13,SKU-10112,SUP-214,2602,739,1094,0,3
2024-01-13,SKU-10113,SUP-202,2339,450,1893,0,12
2024-01-13,SKU-10114,SUP-220,924,725,1387,0,12
2024-01-13,SKU-10115,SUP-225,3287,458,759,0,9
2024-01-13,SKU-10116,SUP-217,1765,280,1890,0,13
2024-01-13,SKU-10117,SUP-204,1471,611,814,0,8
2024-01-13,SKU-10118,SUP-213,2963,208,731,0,5
2024-01-13,SKU-10119,SUP-236,856,773,817,0,9
2024-01-13,SKU-10120,SUP-245,1907,286,1215,0,10
2024-01-13,SKU-10121,SUP-220,1399,215,1596,0,6
2024-01-13,SKU-10122,SUP-213,253,232,918,0,13
2024-01-13,SKU-10123,SUP-241,3065,511,1443,0,7
2024-01-13,SKU-10124,SUP-231,532,410,1366,0,13
2024-01-13,SKU-10125,SUP-225,3157,521,1958,0,10
2024-01-13,SKU-10126,SUP-241,1751,389,1245,0,14
2024-01-13,SKU-10127,SUP-229,1193,388,803,0,10
2024-01-13,SKU-10128,SUP-209,2956,405,1029,0,14
2024-01-13,SKU-10129,SUP-216,3330,606,952,0,3
2024-01-13,SKU-10130,SUP-208,2308,777,1464,0,8
2024-01-13,SKU-10131,SUP-215,2285,435,1137,0,5
2024-01-13,SKU-10132,SUP-247,3026,739,822,0,7
2024-01-13,SKU-10133,SUP-235,1960,499,618,0,6
2024-01-13,SKU-10134,SUP-234,2786,395,832,0,6
2024-01-13,SKU-10135,SUP-216,729,625,1752,0,14
2024-01-13,SKU-10136,SUP-247,2705,574,535,0,10
2024-01-13,SKU-10137,SUP-237,25,285,687,687,3
2024-01-13,SKU-10138,SUP-227,3353,385,1528,0,4
2024-01-13,SKU-10139,SUP-237,3028,201,716,0,11
2024-01-13,SKU-10140,SUP-225,343,698,696,696,10
2024-01-13,SKU-10141,SUP-223,910,306,624,0,5
2024-01-13,SKU-10142,SUP-214,3174,550,1148,0,7
2024-01-13,SKU-10143,SUP-208,361,624,963,963,6
2024-01-13,SKU-10144,SUP-232,2235,376,1042,0,4
2024-01-13,SKU-10145,SUP-231,2040,432,1561,0,13
2024-01-13,SKU-10146,SUP-205,1289,755,610,0,9
2024-01-13,SKU-10147,SUP-248,150,317,933,933,8
2024-01-13,SKU-10148,SUP-203,139,598,1315,1315,6
2024-01-13,SKU-10149,SUP-207,2014,394,1367,0,5
2024-01-13,SKU-10150,SUP-209,1026,287,1372,0,5
2024-01-13,SKU-10151,SUP-240,609,737,1930,1930,11
2024-01-13,SKU-10152,SUP-210,1553,640,1553,0,9
2024-01-13,SKU-10153,SUP-243,1128,422,1246,0,14
2024-01-13,SKU-10154,SUP-227,3217,426,1390,0,14
2024-01-13,SKU-10155,SUP-238,3116,636,511,0,12
2024-01-13,SKU-10156,SUP-204,3039,681,1803,0,8
2024-01-13,SKU-10157,SUP-224,1644,445,1824,0,11
2024-01-13,SKU-10158,SUP-224,2639,699,1363,0,4
2024-01-13,SKU-10159,SUP-238,1744,296,570,0,3
2024-01-13,SKU-10160,SUP-229,2188,556,1311,0,12
2024-01-13,SKU-10161,SUP-233,2825,381,1487,0,8
2024-01-13,SKU-10162,SUP-216,24,304,1837,1837,11
2024-01-13,SKU-10163,SUP-235,3057,635,1108,0,11
2024-01-13,SKU-10164,SUP-200,2984,741,1112,0,5
2024-01-13,SKU-10165,SUP-243,1078,262,1555,0,9
2024-01-13,SKU-10166,SUP-246,1814,774,1603,0,9
2024-01-13,SKU-10167,SUP-207,1482,328,1542,0,7
2024-01-13,SKU-10168,SUP-243,1719,280,1165,0,8
2024-01-13,SKU-10169,SUP-234,2304,691,724,0,13
2024-01-13,SKU-10170,SUP-248,3011,336,725,0,7
2024-01-13,SKU-10171,SUP-217,2802,644,506,0,3
2024-01-13,SKU-10172,SUP-249,317,794,1897,1897,7
2024-01-13,SKU-10173,SUP-241,2122,547,642,0,7
2024-01-13,SKU-10174,SUP-221,2621,399,618,0,7
2024-01-13,SKU-10175,SUP-207,3279,414,1232,0,4
2024-01-13,SKU-10176,SUP-218,1090,207,902,0,5
2024-01-13,SKU-10177,SUP-227,736,736,1576,0,9
2024-01-13,SKU-10178,SUP-210,2901,232,1298,0,6
2024-01-13,SKU-10179,SUP-229,1600,438,1228,0,3
2024-01-13,SKU-10180,SUP-200,2532,468,1182,0,8
2024-01-13,SKU-10181,SUP-246,3110,609,1748,0,4
2024-01-13,SKU-10182,SUP-246,621,411,1433,0,14
2024-01-13,SKU-10183,SUP-216,1754,437,1143,0,10
2024-01-13,SKU-10184,SUP-232,3369,245,583,0,12
2024-01-13,SKU-10185,SUP-248,511,371,733,0,7
2024-01-13,SKU-10186,SUP-211,892,628,1797,0,6
2024-01-13,SKU-10187,SUP-232,425,582,1299,1299,12
2024-01-13,SKU-10188,SUP-206,617,328,1069,0,5
2024-01-13,SKU-10189,SUP-240,318,774,1764,1764,11
2024-01-13,SKU-10190,SUP-219,2138,422,1622,0,9
2024-01-13,SKU-10191,SUP-240,3169,598,929,0,13
2024-01-13,SKU-10192,SUP-232,1690,650,1511,0,12
2024-01-13,SKU-10193,SUP-238,2069,685,1016,0,6
2024-01-13,SKU-10194,SUP-212,1451,698,870,0,7
2024-01-13,SKU-10195,SUP-209,3227,391,1335,0,5
2024-01-13,SKU-10196,SUP-223,3380,315,1063,0,11
2024-01-13,SKU-10197,SUP-248,4,326,944,944,11
2024-01-13,SKU-10198,SUP-210,2471,632,972,0,8
2024-01-13,SKU-10199,SUP-234,41,281,1632,1632,9
2024-01-13,SKU-10200,SUP-249,2311,557,1067,0,5
2024-01-13,SKU-10201,SUP-233,1294,593,1978,0,6
2024-01-13,SKU-10202,SUP-200,3004,326,634,0,9
2024-01-13,SKU-10203,SUP-238,2802,591,507,0,7
2024-01-13,SKU-10204,SUP-220,1540,585,971,0,5
2024-01-13,SKU-10205,SUP-231,3048,382,857,0,10
2024-01-13,SKU-10206,SUP-201,867,737,1281,0,4
2024-01-13,SKU-10207,SUP-207,294,261,1382,0,13
2024-01-13,SKU-10208,SUP-223,2491,230,1816,0,8
2024-01-13,SKU-10209,SUP-219,1383,514,527,0,12
2024-01-13,SKU-10210,SUP-215,1553,602,1182,0,13
2024-01-13,SKU-10211,SUP-203,360,312,1917,0,5
2024-01-13,SKU-10212,SUP-215,2232,664,1190,0,5
2024-01-13,SKU-10213,SUP-236,1443,494,1078,0,11
2024-01-13,SKU-10214,SUP-205,2147,508,801,0,6
2024-01-13,SKU-10215,SUP-205,2670,394,1341,0,13
2024-01-13,SKU-10216,SUP-246,2109,707,1397,0,6
2024-01-13,SKU-10217,SUP-231,555,668,1965,1965,5
2024-01-13,SKU-10218,SUP-204,3167,471,1866,0,14
2024-01-13,SKU-10219,SUP-248,1757,496,1642,0,5
2024-01-13,SKU-10220,SUP-234,722,457,850,0,11
2024-01-13,SKU-10221,SUP-249,401,228,966,0,5
2024-01-13,SKU-10222,SUP-208,955,402,1239,0,5
2024-01-13,SKU-10223,SUP-208,1267,310,1023,0,12
2024-01-13,SKU-10224,SUP-242,1262,493,784,0,9
2024-01-13,SKU-10225,SUP-230,659,218,1046,0,11
2024-01-13,SKU-10226,SUP-235,2412,387,530,0,5
2024-01-13,SKU-10227,SUP-210,401,506,1067,1067,5
2024-01-13,SKU-10228,SUP-216,2424,764,1529,0,9
2024-01-13,SKU-10229,SUP-233,125,758,1363,1363,12
2024-01-13,SKU-10230,SUP-238,915,752,1982,0,9
2024-01-13,SKU-10231,SUP-227,639,677,997,997,13
2024-01-13,SKU-10232,SUP-213,1161,459,1723,0,13
2024-01-13,SKU-10233,SUP-234,123,307,854,854,7
2024-01-13,SKU-10234,SUP-248,2540,290,1567,0,10
2024-01-13,SKU-10235,SUP-246,1108,222,522,0,12
2024-01-13,SKU-10236,SUP-244,2088,616,1856,0,9
2024-01-13,SKU-10237,SUP-212,3059,682,688,0,14
2024-01-13,SKU-10238,SUP-245,2656,780,613,0,10
2024-01-13,SKU-10239,SUP-219,751,220,886,0,12
2024-01-13,SKU-10240,SUP-225,1474,592,1015,0,14
2024-01-13,SKU-10241,SUP-242,2841,740,546,0,9
2024-01-13,SKU-10242,SUP-241,698,235,1256,0,10
2024-01-13,SKU-10243,SUP-223,2928,533,982,0,10
2024-01-13,SKU-10244,SUP-228,1464,661,544,0,13
2024-01-13,SKU-10245,SUP-233,2432,255,840,0,11
2024-01-13,SKU-10246,SUP-228,2300,307,713,0,5
2024-01-13,SKU-10247,SUP-207,965,696,672,0,11
2024-01-13,SKU-10248,SUP-215,544,393,1342,0,3
2024-01-13,SKU-10249,SUP-214,1783,258,977,0,9
2024-01-13,SKU-10250,SUP-204,3078,521,1048,0,10
2024-01-13,SKU-10251,SUP-221,261,590,1177,1177,8
2024-01-13,SKU-10252,SUP-201,3255,535,724,0,9
2024-01-13,SKU-10253,SUP-237,2467,387,1747,0,7
2024-01-13,SKU-10254,SUP-235,3170,693,810,0,11
2024-01-13,SKU-10255,SUP-214,1976,568,1998,0,12
2024-01-13,SKU-10256,SUP-237,2506,431,1497,0,3
2024-01-13,SKU-10257,SUP-214,1945,564,1609,0,3
2024-01-13,SKU-10258,SUP-200,53,560,1999,1999,12
2024-01-13,SKU-10259,SUP-204,367,733,1484,1484,7
2024-01-13,SKU-10260,SUP-245,604,731,1923,1923,14
2024-01-13,SKU-10261,SUP-240,1442,761,589,0,10
2024-01-13,SKU-10262,SUP-203,1657,273,1792,0,11
2024-01-13,SKU-10263,SUP-214,2899,404,1275,0,11
2024-01-13,SKU-10264,SUP-204,1318,263,1447,0,3
2024-01-13,SKU-10265,SUP-202,1658,519,856,0,9
2024-01-13,SKU-10266,SUP-221,1589,588,933,0,8
2024-01-13,SKU-10267,SUP-204,979,782,1861,0,4
2024-01-13,SKU-10268,SUP-232,3317,259,1312,0,10
2024-01-13,SKU-10269,SUP-215,2326,670,1851,0,7
2024-01-13,SKU-10270,SUP-217,1385,712,1407,0,13
2024-01-13,SKU-10271,SUP-242,1980,331,1045,0,9
2024-01-13,SKU-10272,SUP-231,2563,675,1324,0,4
2024-01-13,SKU-10273,SUP-213,1162,587,1297,0,10
2024-01-13,SKU-10274,SUP-234,1886,423,716,0,14
2024-01-13,SKU-10275,SUP-208,1032,235,1135,0,11
2024-01-13,SKU-10276,SUP-246,1236,700,872,0,6
2024-01-13,SKU-10277,SUP-236,1251,563,1276,0,5
2024-01-13,SKU-10278,SUP-236,1922,528,1293,0,4
2024-01-13,SKU-10279,SUP-230,1130,796,1910,0,5
2024-01-13,SKU-10280,SUP-215,1393,237,876,0,13
2024-01-13,SKU-10281,SUP-230,2601,317,920,0,5
2024-01-13,SKU-10282,SUP-226,663,412,1429,0,13
2024-01-13,SKU-10283,SUP-212,124,498,1542,1542,10
2024-01-13,SKU-10284,SUP-206,890,207,1676,0,3
2024-01-13,SKU-10285,SUP-206,1833,572,960,0,9
2024-01-13,SKU-10286,SUP-242,2755,527,861,0,8
2024-01-13,SKU-10287,SUP-227,1028,753,1235,0,12
2024-01-13,SKU-10288,SUP-222,1864,620,807,0,11
2024-01-13,SKU-10289,SUP-227,1718,689,1781,0,11
2024-01-13,SKU-10290,SUP-226,1516,420,796,0,13
2024-01-13,SKU-10291,SUP-229,2351,792,1728,0,3
2024-01-13,SKU-10292,SUP-246,2329,276,1206,0,12
2024-01-13,SKU-10293,SUP-203,1455,587,1426,0,13
2024-01-13,SKU-10294,SUP-243,1672,492,1759,0,13
2024-01-13,SKU-10295,SUP-241,2944,266,675,0,9
2024-01-13,SKU-10296,SUP-241,3271,637,550,0,8
2024-01-13,SKU-10297,SUP-206,3329,720,1610,0,6
2024-01-13,SKU-10298,SUP-203,716,271,873,0,6
2024-01-13,SKU-10299,SUP-225,636,437,1989,0,11
2024-01-13,SKU-10300,SUP-246,1800,769,542,0,10
2024-01-13,SKU-10301,SUP-221,2450,290,990,0,12
2024-01-13,SKU-10302,SUP-206,866,665,1677,0,12
2024-01-13,SKU-10303,SUP-215,1529,350,930,0,5
2024-01-13,SKU-10304,SUP-212,3276,222,866,0,13
2024-01-13,SKU-10305,SUP-212,950,740,1132,0,8
2024-01-13,SKU-10306,SUP-234,2027,722,1150,0,7
2024-01-13,SKU-10307,SUP-228,2133,513,518,0,4
2024-01-13,SKU-10308,SUP-208,180,254,959,959,11
2024-01-13,SKU-10309,SUP-227,3099,225,1771,0,3
2024-01-13,SKU-10310,SUP-211,3266,683,1533,0,11
2024-01-13,SKU-10311,SUP-217,219,268,796,796,7
2024-01-13,SKU-10312,SUP-229,1212,581,1550,0,3
2024-01-13,SKU-10313,SUP-215,3031,335,1206,0,3
2024-01-13,SKU-10314,SUP-204,1915,416,1125,0,13
2024-01-13,SKU-10315,SUP-228,2313,226,1335,0,4
2024-01-13,SKU-10316,SUP-235,3056,266,1804,0,9
2024-01-13,SKU-10317,SUP-206,1686,770,1694,0,6
2024-01-13,SKU-10318,SUP-203,1373,241,1828,0,8
2024-01-13,SKU-10319,SUP-241,2885,537,1592,0,4
2024-01-13,SKU-10320,SUP-234,679,706,942,942,14
2024-01-13,SKU-10321,SUP-200,2513,291,867,0,10
2024-01-13,SKU-10322,SUP-205,687,275,1609,0,5
2024-01-13,SKU-10323,SUP-248,1185,791,523,0,5
2024-01-13,SKU-10324,SUP-215,2440,689,1352,0,12
2024-01-13,SKU-10325,SUP-210,1694,426,1369,0,12
2024-01-13,SKU-10326,SUP-226,43,588,1443,1443,5
2024-01-13,SKU-10327,SUP-231,2144,674,1255,0,13
2024-01-13,SKU-10328,SUP-230,1300,611,1161,0,6
2024-01-13,SKU-10329,SUP-213,1633,784,1458,0,6
2024-01-13,SKU-10330,SUP-225,745,633,1586,0,7
2024-01-13,SKU-10331,SUP-203,1766,641,1830,0,14
2024-01-13,SKU-10332,SUP-210,1458,206,1936,0,5
2024-01-13,SKU-10333,SUP-224,871,495,740,0,11
2024-01-13,SKU-10334,SUP-200,421,651,605,605,6
2024-01-13,SKU-10335,SUP-224,377,241,1144,0,14
2024-01-13,SKU-10336,SUP-216,41,546,883,883,3
2024-01-13,SKU-10337,SUP-229,1034,232,594,0,14
2024-01-13,SKU-10338,SUP-218,241,229,765,0,9
2024-01-13,SKU-10339,SUP-227,3209,372,1259,0,13
2024-01-13,SKU-10340,SUP-244,494,408,521,0,7
2024-01-13,SKU-10341,SUP-246,3158,338,1171,0,5
2024-01-13,SKU-10342,SUP-235,3284,516,1292,0,14
2024-01-13,SKU-10343,SUP-242,1728,241,1260,0,9
2024-01-13,SKU-10344,SUP-245,937,200,608,0,5
2024-01-13,SKU-10345,SUP-231,1311,443,1089,0,10
2024-01-13,SKU-10346,SUP-209,1888,579,578,0,7
2024-01-13,SKU-10347,SUP-212,1367,237,1680,0,12
2024-01-13,SKU-10348,SUP-218,1327,248,660,0,6
2024-01-13,SKU-10349,SUP-213,1729,563,1965,0,13
2024-01-13,SKU-10350,SUP-203,923,511,1088,0,14
2024-01-13,SKU-10351,SUP-237,2027,293,1656,0,7
2024-01-13,SKU-10352,SUP-247,197,208,1181,1181,3
2024-01-13,SKU-10353,SUP-234,2397,542,929,0,6
2024-01-13,SKU-10354,SUP-203,2411,699,784,0,6
2024-01-13,SKU-10355,SUP-247,3014,413,1316,0,10
2024-01-13,SKU-10356,SUP-220,2567,621,1864,0,10
2024-01-13,SKU-10357,SUP-203,494,587,503,503,7
2024-01-13,SKU-10358,SUP-203,2025,757,1057,0,13
2024-01-13,SKU-10359,SUP-237,3001,730,1452,0,5
2024-01-13,SKU-10360,SUP-230,627,460,547,0,11
2024-01-13,SKU-10361,SUP-232,2430,785,1227,0,9
2024-01-13,SKU-10362,SUP-233,1131,437,654,0,12
2024-01-13,SKU-10363,SUP-210,1045,586,1393,0,8
2024-01-13,SKU-10364,SUP-203,1652,540,1350,0,11
2024-01-13,SKU-10365,SUP-232,295,652,756,756,4
2024-01-13,SKU-10366,SUP-205,218,764,1355,1355,12
2024-01-13,SKU-10367,SUP-211,3303,235,1738,0,13
2024-01-13,SKU-10368,SUP-204,2431,336,1078,0,9
2024-01-13,SKU-10369,SUP-238,2264,272,622,0,11
2024-01-13,SKU-10370,SUP-204,1192,472,1960,0,8
2024-01-13,SKU-10371,SUP-243,2515,708,1254,0,10
2024-01-13,SKU-10372,SUP-215,3445,655,546,0,14
2024-01-13,SKU-10373,SUP-225,2497,351,986,0,10
2024-01-13,SKU-10374,SUP-207,2323,206,1090,0,5
2024-01-13,SKU-10375,SUP-236,263,415,1982,1982,5
2024-01-13,SKU-10376,SUP-215,1676,574,963,0,13
2024-01-13,SKU-10377,SUP-237,377,458,622,622,5
2024-01-13,SKU-10378,SUP-238,2559,239,1645,0,4
2024-01-13,SKU-10379,SUP-202,927,718,591,0,11
2024-01-13,SKU-10380,SUP-239,2313,536,1012,0,13
2024-01-13,SKU-10381,SUP-205,606,319,886,0,3
2024-01-13,SKU-10382,SUP-226,1391,382,1196,0,7
2024-01-13,SKU-10383,SUP-242,2011,399,1447,0,3
2024-01-13,SKU-10384,SUP-237,1156,745,985,0,12
2024-01-13,SKU-10385,SUP-236,2120,793,1927,0,14
2024-01-13,SKU-10386,SUP-233,2575,451,1812,0,3
2024-01-13,SKU-10387,SUP-220,594,471,1954,0,12
2024-01-13,SKU-10388,SUP-216,1363,605,1757,0,9
2024-01-13,SKU-10389,SUP-213,1889,662,1017,0,10
2024-01-13,SKU-10390,SUP-242,821,699,936,0,7
2024-01-13,SKU-10391,SUP-245,2038,698,1697,0,9
2024-01-13,SKU-10392,SUP-220,3192,708,1277,0,8
2024-01-13,SKU-10393,SUP-215,2526,231,1566,0,8
2024-01-13,SKU-10394,SUP-216,59,536,1189,1189,8
2024-01-13,SKU-10395,SUP-225,1891,710,1412,0,10
2024-01-13,SKU-10396,SUP-208,2537,263,959,0,8
2024-01-13,SKU-10397,SUP-242,2862,789,1739,0,10
2024-01-13,SKU-10398,SUP-241,3277,739,1481,0,3
2024-01-13,SKU-10399,SUP-219,3109,325,1471,0,5
2024-01-13,SKU-10400,SUP-229,2041,542,894,0,6
2024-01-13,SKU-10401,SUP-220,882,775,806,0,14
2024-01-13,SKU-10402,SUP-248,48,255,667,667,14
2024-01-13,SKU-10403,SUP-204,3278,390,981,0,9
2024-01-13,SKU-10404,SUP-200,1904,458,1873,0,11
2024-01-13,SKU-10405,SUP-229,2950,681,1582,0,10
2024-01-13,SKU-10406,SUP-239,1183,424,1841,0,6
2024-01-13,SKU-10407,SUP-236,3186,478,1057,0,12
2024-01-13,SKU-10408,SUP-206,2212,223,867,0,6
2024-01-13,SKU-10409,SUP-204,1209,632,502,0,4
2024-01-13,SKU-10410,SUP-234,297,220,1404,0,14
2024-01-13,SKU-10411,SUP-213,2221,405,542,0,4
2024-01-13,SKU-10412,SUP-232,1201,544,1665,0,6
2024-01-13,SKU-10413,SUP-216,3066,534,510,0,10
2024-01-13,SKU-10414,SUP-208,2573,580,1209,0,7
2024-01-13,SKU-10415,SUP-222,946,785,1551,0,14
2024-01-13,SKU-10416,SUP-204,795,620,863,0,10
2024-01-13,SKU-10417,SUP-215,2199,292,765,0,7
2024-01-13,SKU-10418,SUP-223,1216,289,1243,0,5
2024-01-13,SKU-10419,SUP-218,532,293,531,0,9
2024-01-13,SKU-10420,SUP-210,215,220,1672,1672,4
2024-01-13,SKU-10421,SUP-228,1548,758,557,0,11
2024-01-13,SKU-10422,SUP-234,1503,222,1400,0,12
2024-01-13,SKU-10423,SUP-245,1080,262,1277,0,8
2024-01-13,SKU-10424,SUP-219,294,783,1000,1000,9
2024-01-13,SKU-10425,SUP-239,677,471,1953,0,6
2024-01-13,SKU-10426,SUP-241,335,407,1976,1976,5
2024-01-13,SKU-10427,SUP-233,1833,418,1371,0,3
2024-01-13,SKU-10428,SUP-200,3225,450,1237,0,8
2024-01-13,SKU-10429,SUP-242,802,243,892,0,13
2024-01-13,SKU-10430,SUP-235,1315,258,609,0,12
2024-01-13,SKU-10431,SUP-219,2373,793,1283,0,3
2024-01-13,SKU-10432,SUP-242,1731,685,1100,0,14
2024-01-13,SKU-10433,SUP-206,3153,577,1071,0,5
2024-01-13,SKU-10434,SUP-208,1882,781,856,0,13
2024-01-13,SKU-10435,SUP-216,869,701,534,0,3
2024-01-13,SKU-10436,SUP-207,2951,711,1571,0,11
2024-01-13,SKU-10437,SUP-206,3091,726,1651,0,4
2024-01-13,SKU-10438,SUP-247,831,341,672,0,3
2024-01-13,SKU-10439,SUP-235,517,210,1260,0,10
2024-01-13,SKU-10440,SUP-209,1433,736,1476,0,8
2024-01-13,SKU-10441,SUP-217,2679,609,1941,0,12
2024-01-13,SKU-10442,SUP-218,3116,239,1982,0,9
2024-01-13,SKU-10443,SUP-238,3307,725,960,0,8
2024-01-13,SKU-10444,SUP-213,287,620,1391,1391,14
2024-01-13,SKU-10445,SUP-245,2963,327,873,0,10
2024-01-13,SKU-10446,SUP-221,902,737,1789,0,12
2024-01-13,SKU-10447,SUP-213,3213,469,1852,0,9
2024-01-13,SKU-10448,SUP-243,1544,358,1701,0,10
2024-01-13,SKU-10449,SUP-240,381,237,1090,0,11
2024-01-13,SKU-10450,SUP-216,444,348,1539,0,5
2024-01-13,SKU-10451,SUP-232,913,516,787,0,14
2024-01-13,SKU-10452,SUP-231,1692,393,1915,0,13
2024-01-13,SKU-10453,SUP-216,1127,625,749,0,8
2024-01-13,SKU-10454,SUP-203,2193,605,1300,0,6
2024-01-13,SKU-10455,SUP-205,2945,319,1349,0,10
2024-01-13,SKU-10456,SUP-240,1888,230,1476,0,7
2024-01-13,SKU-10457,SUP-227,3135,584,601,0,10
2024-01-13,SKU-10458,SUP-217,2085,607,1870,0,6
2024-01-13,SKU-10459,SUP-202,1689,748,790,0,8
2024-01-13,SKU-10460,SUP-200,207,437,1617,1617,6
2024-01-13,SKU-10461,SUP-221,2737,222,770,0,12
2024-01-13,SKU-10462,SUP-249,2937,793,1900,0,4
2024-01-13,SKU-10463,SUP-208,1747,621,1679,0,5
2024-01-13,SKU-10464,SUP-240,1872,700,1663,0,7
2024-01-13,SKU-10465,SUP-216,223,606,1269,1269,6
2024-01-13,SKU-10466,SUP-210,1534,417,1439,0,14
2024-01-13,SKU-10467,SUP-247,311,785,1702,1702,4
2024-01-13,SKU-10468,SUP-228,3221,360,1950,0,5
2024-01-13,SKU-10469,SUP-235,2668,584,1948,0,14
2024-01-13,SKU-10470,SUP-245,3057,532,1289,0,3
2024-01-13,SKU-10471,SUP-227,1862,252,1066,0,7
2024-01-13,SKU-10472,SUP-235,1324,655,821,0,13
2024-01-13,SKU-10473,SUP-200,2981,350,1963,0,6
2024-01-13,SKU-10474,SUP-207,2535,492,681,0,3
2024-01-13,SKU-10475,SUP-204,3167,304,1784,0,6
2024-01-13,SKU-10476,SUP-244,2018,518,1206,0,6
2024-01-13,SKU-10477,SUP-209,911,753,1873,0,7
2024-01-13,SKU-10478,SUP-234,691,708,922,922,8
2024-01-13,SKU-10479,SUP-202,526,753,1021,1021,11
2024-01-13,SKU-10480,SUP-223,996,750,1920,0,13
2024-01-13,SKU-10481,SUP-237,2431,696,1539,0,3
2024-01-13,SKU-10482,SUP-235,3349,657,1574,0,13
2024-01-13,SKU-10483,SUP-209,689,320,1124,0,14
2024-01-13,SKU-10484,SUP-227,1345,653,1186,0,6
2024-01-13,SKU-10485,SUP-208,1797,536,739,0,4
2024-01-13,SKU-10486,SUP-202,1368,203,1293,0,10
2024-01-13,SKU-10487,SUP-219,207,460,1102,1102,7
2024-01-13,SKU-10488,SUP-223,2135,456,635,0,6
2024-01-13,SKU-10489,SUP-202,3005,463,1937,0,3
2024-01-13,SKU-10490,SUP-222,1135,577,1267,0,12
2024-01-13,SKU-10491,SUP-213,790,576,1044,0,11
2024-01-13,SKU-10492,SUP-243,607,524,887,0,14
2024-01-13,SKU-10493,SUP-215,317,230,978,0,14
2024-01-13,SKU-10494,SUP-242,60,737,790,790,12
2024-01-13,SKU-10495,SUP-206,1236,614,1350,0,4
2024-01-13,SKU-10496,SUP-222,3297,300,1045,0,11
2024-01-13,SKU-10497,SUP-249,2551,791,1249,0,14
2024-01-13,SKU-10498,SUP-235,1039,609,1033,0,10
2024-01-13,SKU-10499,SUP-226,2164,540,1105,0,6
2024-01-14,SKU-10000,SUP-240,2985,464,1561,0,5
2024-01-14,SKU-10001,SUP-207,418,253,523,0,13
2024-01-14,SKU-10002,SUP-201,3112,785,1708,0,6
2024-01-14,SKU-10003,SUP-247,2596,583,1311,0,12
2024-01-14,SKU-10004,SUP-217,645,202,1573,0,14
2024-01-14,SKU-10005,SUP-215,1224,482,878,0,8
2024-01-14,SKU-10006,SUP-214,1509,324,1433,0,10
2024-01-14,SKU-10007,SUP-208,1710,561,565,0,14
2024-01-14,SKU-10008,SUP-247,3477,631,1628,0,11
2024-01-14,SKU-10009,SUP-206,718,205,657,0,13
2024-01-14,SKU-10010,SUP-243,2775,422,901,0,13
2024-01-14,SKU-10011,SUP-247,654,780,1903,1903,12
2024-01-14,SKU-10012,SUP-234,1775,494,1514,0,6
2024-01-14,SKU-10013,SUP-205,1021,515,1245,0,12
2024-01-14,SKU-10014,SUP-237,867,578,960,0,10
2024-01-14,SKU-10015,SUP-227,3352,375,1292,0,4
2024-01-14,SKU-10016,SUP-202,1721,544,1932,0,12
2024-01-14,SKU-10017,SUP-201,38,361,1228,1228,6
2024-01-14,SKU-10018,SUP-205,1484,598,594,0,14
2024-01-14,SKU-10019,SUP-213,565,323,1299,0,6
2024-01-14,SKU-10020,SUP-214,738,247,1312,0,3
2024-01-14,SKU-10021,SUP-232,1531,417,1576,0,13
2024-01-14,SKU-10022,SUP-238,1964,358,990,0,11
2024-01-14,SKU-10023,SUP-201,720,514,1802,0,5
2024-01-14,SKU-10024,SUP-235,705,241,1920,0,3
2024-01-14,SKU-10025,SUP-212,1783,367,1258,0,6
2024-01-14,SKU-10026,SUP-245,2211,379,1643,0,14
2024-01-14,SKU-10027,SUP-241,2139,461,1125,0,3
2024-01-14,SKU-10028,SUP-244,322,636,1183,1183,12
2024-01-14,SKU-10029,SUP-234,1700,730,1988,0,10
2024-01-14,SKU-10030,SUP-226,122,396,1643,1643,10
2024-01-14,SKU-10031,SUP-214,286,609,1412,1412,5
2024-01-14,SKU-10032,SUP-228,1863,736,719,0,7
2024-01-14,SKU-10033,SUP-237,1425,713,701,0,4
2024-01-14,SKU-10034,SUP-217,2441,401,1816,0,14
2024-01-14,SKU-10035,SUP-200,869,421,681,0,5
2024-01-14,SKU-10036,SUP-248,613,259,984,0,13
2024-01-14,SKU-10037,SUP-210,1706,322,1200,0,14
2024-01-14,SKU-10038,SUP-244,1148,683,712,0,12
2024-01-14,SKU-10039,SUP-227,2777,334,997,0,9
2024-01-14,SKU-10040,SUP-221,2206,558,1340,0,9
2024-01-14,SKU-10041,SUP-217,1658,676,1817,0,12
2024-01-14,SKU-10042,SUP-209,1773,715,1914,0,14
2024-01-14,SKU-10043,SUP-213,2084,707,1647,0,6
2024-01-14,SKU-10044,SUP-248,2824,784,538,0,6
2024-01-14,SKU-10045,SUP-221,2741,457,1499,0,9
2024-01-14,SKU-10046,SUP-206,3184,751,960,0,3
2024-01-14,SKU-10047,SUP-205,275,479,1693,1693,14
2024-01-14,SKU-10048,SUP-224,2038,447,1884,0,4
2024-01-14,SKU-10049,SUP-206,2510,591,1537,0,8
2024-01-14,SKU-10050,SUP-222,529,692,822,822,14
2024-01-14,SKU-10051,SUP-222,2977,318,586,0,5
2024-01-14,SKU-10052,SUP-238,2539,509,1447,0,7
2024-01-14,SKU-10053,SUP-216,3447,401,1748,0,13
2024-01-14,SKU-10054,SUP-202,1164,778,1252,0,4
2024-01-14,SKU-10055,SUP-246,1322,693,1184,0,5
2024-01-14,SKU-10056,SUP-229,1365,254,1996,0,9
2024-01-14,SKU-10057,SUP-234,1753,519,719,0,14
2024-01-14,SKU-10058,SUP-207,1683,662,617,0,4
2024-01-14,SKU-10059,SUP-224,2020,375,1304,0,11
2024-01-14,SKU-10060,SUP-205,748,485,796,0,6
2024-01-14,SKU-10061,SUP-235,2180,735,1560,0,7
2024-01-14,SKU-10062,SUP-218,2166,548,1136,0,5
2024-01-14,SKU-10063,SUP-240,1667,582,1069,0,14
2024-01-14,SKU-10064,SUP-239,1396,505,631,0,14
2024-01-14,SKU-10065,SUP-223,1431,584,1011,0,13
2024-01-14,SKU-10066,SUP-236,1741,770,560,0,11
2024-01-14,SKU-10067,SUP-212,2137,386,1437,0,6
2024-01-14,SKU-10068,SUP-245,267,301,1790,1790,14
2024-01-14,SKU-10069,SUP-204,1733,735,1856,0,11
2024-01-14,SKU-10070,SUP-202,2339,639,1470,0,9
2024-01-14,SKU-10071,SUP-242,204,548,748,748,6
2024-01-14,SKU-10072,SUP-214,1557,783,1506,0,9
2024-01-14,SKU-10073,SUP-249,569,528,1948,0,3
2024-01-14,SKU-10074,SUP-218,1277,792,997,0,9
2024-01-14,SKU-10075,SUP-205,2924,480,696,0,14
2024-01-14,SKU-10076,SUP-214,60,334,1613,1613,13
2024-01-14,SKU-10077,SUP-206,1692,267,861,0,6
2024-01-14,SKU-10078,SUP-224,3197,591,745,0,8
2024-01-14,SKU-10079,SUP-217,394,322,1580,0,3
2024-01-14,SKU-10080,SUP-229,1656,464,1245,0,6
2024-01-14,SKU-10081,SUP-240,1775,674,888,0,12
2024-01-14,SKU-10082,SUP-223,2612,712,1788,0,9
2024-01-14,SKU-10083,SUP-210,1340,507,902,0,7
2024-01-14,SKU-10084,SUP-223,1498,446,803,0,9
2024-01-14,SKU-10085,SUP-222,1782,245,1743,0,11
2024-01-14,SKU-10086,SUP-213,1519,777,1472,0,8
2024-01-14,SKU-10087,SUP-242,1375,454,1927,0,10
2024-01-14,SKU-10088,SUP-217,2400,790,1024,0,4
2024-01-14,SKU-10089,SUP-244,90,798,1099,1099,7
2024-01-14,SKU-10090,SUP-243,2851,314,1221,0,8
2024-01-14,SKU-10091,SUP-241,2819,334,1439,0,10
2024-01-14,SKU-10092,SUP-204,2226,579,1648,0,8
2024-01-14,SKU-10093,SUP-238,962,305,1055,0,3
2024-01-14,SKU-10094,SUP-240,545,601,1669,1669,7
2024-01-14,SKU-10095,SUP-210,3073,211,1575,0,11
2024-01-14,SKU-10096,SUP-234,3342,499,1419,0,11
2024-01-14,SKU-10097,SUP-246,2472,565,1156,0,3
2024-01-14,SKU-10098,SUP-215,3292,598,1044,0,13
2024-01-14,SKU-10099,SUP-210,2048,281,1736,0,10
2024-01-14,SKU-10100,SUP-229,2531,795,1766,0,8
2024-01-14,SKU-10101,SUP-224,2311,578,1107,0,8
2024-01-14,SKU-10102,SUP-217,3104,316,1075,0,11
2024-01-14,SKU-10103,SUP-240,2392,211,1613,0,6
2024-01-14,SKU-10104,SUP-244,2462,595,1044,0,9
2024-01-14,SKU-10105,SUP-235,3135,299,956,0,9
2024-01-14,SKU-10106,SUP-214,2801,295,591,0,12
2024-01-14,SKU-10107,SUP-243,2219,767,996,0,14
2024-01-14,SKU-10108,SUP-220,28,570,1424,1424,10
2024-01-14,SKU-10109,SUP-249,1595,304,889,0,12
2024-01-14,SKU-10110,SUP-249,785,762,1802,0,13
2024-01-14,SKU-10111,SUP-203,1124,326,1769,0,10
2024-01-14,SKU-10112,SUP-214,306,638,636,636,4
2024-01-14,SKU-10113,SUP-202,3085,555,1780,0,13
2024-01-14,SKU-10114,SUP-220,990,262,1305,0,10
2024-01-14,SKU-10115,SUP-225,749,499,1204,0,6
2024-01-14,SKU-10116,SUP-217,1501,698,1126,0,8
2024-01-14,SKU-10117,SUP-204,3282,390,1174,0,13
2024-01-14,SKU-10118,SUP-213,56,695,776,776,5
2024-01-14,SKU-10119,SUP-236,231,522,1944,1944,3
2024-01-14,SKU-10120,SUP-245,2040,245,1537,0,11
2024-01-14,SKU-10121,SUP-220,2853,365,1006,0,7
2024-01-14,SKU-10122,SUP-213,1081,765,1962,0,11
2024-01-14,SKU-10123,SUP-241,2327,470,715,0,3
2024-01-14,SKU-10124,SUP-231,2610,242,1263,0,14
2024-01-14,SKU-10125,SUP-225,980,259,729,0,5
2024-01-14,SKU-10126,SUP-241,499,670,707,707,3
2024-01-14,SKU-10127,SUP-229,1285,559,1802,0,7
2024-01-14,SKU-10128,SUP-209,3067,436,1655,0,4
2024-01-14,SKU-10129,SUP-216,494,492,1686,0,6
2024-01-14,SKU-10130,SUP-208,464,769,1006,1006,4
2024-01-14,SKU-10131,SUP-215,1751,511,1203,0,7
2024-01-14,SKU-10132,SUP-247,559,635,749,749,8
2024-01-14,SKU-10133,SUP-235,2989,710,1859,0,8
2024-01-14,SKU-10134,SUP-234,2283,541,1861,0,14
2024-01-14,SKU-10135,SUP-216,151,221,719,719,13
2024-01-14,SKU-10136,SUP-247,2605,313,1141,0,12
2024-01-14,SKU-10137,SUP-237,755,474,1904,0,6
2024-01-14,SKU-10138,SUP-227,3117,359,1414,0,5
2024-01-14,SKU-10139,SUP-237,1047,237,617,0,8
2024-01-14,SKU-10140,SUP-225,3164,575,1094,0,13
2024-01-14,SKU-10141,SUP-223,1249,669,957,0,4
2024-01-14,SKU-10142,SUP-214,1215,525,1118,0,13
2024-01-14,SKU-10143,SUP-208,2833,359,1015,0,7
2024-01-14,SKU-10144,SUP-232,893,552,897,0,8
2024-01-14,SKU-10145,SUP-231,2684,347,720,0,12
2024-01-14,SKU-10146,SUP-205,2240,462,795,0,13
2024-01-14,SKU-10147,SUP-248,2725,230,1567,0,13
2024-01-14,SKU-10148,SUP-203,3006,548,718,0,13
2024-01-14,SKU-10149,SUP-207,1212,450,1788,0,13
2024-01-14,SKU-10150,SUP-209,2912,451,517,0,7
2024-01-14,SKU-10151,SUP-240,1381,699,957,0,12
2024-01-14,SKU-10152,SUP-210,239,646,852,852,3
2024-01-14,SKU-10153,SUP-243,2258,521,1982,0,7
2024-01-14,SKU-10154,SUP-227,264,730,1333,1333,6
2024-01-14,SKU-10155,SUP-238,1511,523,1616,0,10
2024-01-14,SKU-10156,SUP-204,3224,613,1963,0,11
2024-01-14,SKU-10157,SUP-224,232,312,1804,1804,10
2024-01-14,SKU-10158,SUP-224,2123,549,815,0,11
2024-01-14,SKU-10159,SUP-238,1785,635,1092,0,14
2024-01-14,SKU-10160,SUP-229,3154,475,996,0,7
2024-01-14,SKU-10161,SUP-233,2866,383,531,0,13
2024-01-14,SKU-10162,SUP-216,975,631,1185,0,9
2024-01-14,SKU-10163,SUP-235,432,728,1101,1101,5
2024-01-14,SKU-10164,SUP-200,3059,237,847,0,7
2024-01-14,SKU-10165,SUP-243,2327,485,1754,0,11
2024-01-14,SKU-10166,SUP-246,2698,306,1241,0,13
2024-01-14,SKU-10167,SUP-207,3034,362,1152,0,3
2024-01-14,SKU-10168,SUP-243,3416,281,980,0,6
2024-01-14,SKU-10169,SUP-234,1938,292,1554,0,12
2024-01-14,SKU-10170,SUP-248,2985,248,1781,0,8
2024-01-14,SKU-10171,SUP-217,3116,745,1963,0,12
2024-01-14,SKU-10172,SUP-249,2408,374,1737,0,13
2024-01-14,SKU-10173,SUP-241,2250,346,1367,0,11
2024-01-14,SKU-10174,SUP-221,2702,388,1326,0,9
2024-01-14,SKU-10175,SUP-207,1810,269,1548,0,8
2024-01-14,SKU-10176,SUP-218,2003,418,1060,0,13
2024-01-14,SKU-10177,SUP-227,1106,796,842,0,9
2024-01-14,SKU-10178,SUP-210,550,203,1258,0,7
2024-01-14,SKU-10179,SUP-229,1460,374,1509,0,14
2024-01-14,SKU-10180,SUP-200,2091,639,1808,0,3
2024-01-14,SKU-10181,SUP-246,3150,258,745,0,9
2024-01-14,SKU-10182,SUP-246,1471,415,1926,0,13
2024-01-14,SKU-10183,SUP-216,3035,244,671,0,3
2024-01-14,SKU-10184,SUP-232,1319,243,727,0,13
2024-01-14,SKU-10185,SUP-248,694,666,796,0,3
2024-01-14,SKU-10186,SUP-211,3051,201,1160,0,4
2024-01-14,SKU-10187,SUP-232,418,505,1992,1992,14
2024-01-14,SKU-10188,SUP-206,1079,694,1784,0,4
2024-01-14,SKU-10189,SUP-240,2001,563,1040,0,6
2024-01-14,SKU-10190,SUP-219,1053,552,798,0,14
2024-01-14,SKU-10191,SUP-240,2921,230,831,0,12
2024-01-14,SKU-10192,SUP-232,2426,442,1274,0,6
2024-01-14,SKU-10193,SUP-238,1649,588,1072,0,10
2024-01-14,SKU-10194,SUP-212,3302,388,1094,0,6
2024-01-14,SKU-10195,SUP-209,2699,356,1098,0,6
2024-01-14,SKU-10196,SUP-223,73,787,733,733,9
2024-01-14,SKU-10197,SUP-248,3189,486,1117,0,8
2024-01-14,SKU-10198,SUP-210,1726,207,527,0,10
2024-01-14,SKU-10199,SUP-234,1527,740,1126,0,4
2024-01-14,SKU-10200,SUP-249,2461,529,1408,0,8
2024-01-14,SKU-10201,SUP-233,1523,521,1232,0,13
2024-01-14,SKU-10202,SUP-200,1665,618,1859,0,10
2024-01-14,SKU-10203,SUP-238,2393,748,1782,0,13
2024-01-14,SKU-10204,SUP-220,2877,247,1264,0,4
2024-01-14,SKU-10205,SUP-231,2667,502,1741,0,10
2024-01-14,SKU-10206,SUP-201,2828,290,557,0,4
2024-01-14,SKU-10207,SUP-207,3040,682,866,0,11
2024-01-14,SKU-10208,SUP-223,2260,530,1758,0,5
2024-01-14,SKU-10209,SUP-219,554,322,657,0,5
2024-01-14,SKU-10210,SUP-215,2449,765,1371,0,7
2024-01-14,SKU-10211,SUP-203,3129,762,703,0,13
2024-01-14,SKU-10212,SUP-215,947,705,1138,0,12
2024-01-14,SKU-10213,SUP-236,1094,665,1902,0,10
2024-01-14,SKU-10214,SUP-205,2719,371,562,0,6
2024-01-14,SKU-10215,SUP-205,51,300,1699,1699,3
2024-01-14,SKU-10216,SUP-246,2388,472,1990,0,7
2024-01-14,SKU-10217,SUP-231,2653,415,916,0,9
2024-01-14,SKU-10218,SUP-204,1853,479,743,0,5
2024-01-14,SKU-10219,SUP-248,2596,302,809,0,12
2024-01-14,SKU-10220,SUP-234,177,634,1893,1893,4
2024-01-14,SKU-10221,SUP-249,2039,668,1206,0,14
2024-01-14,SKU-10222,SUP-208,990,653,1969,0,12
2024-01-14,SKU-10223,SUP-208,193,237,1281,1281,4
2024-01-14,SKU-10224,SUP-242,2500,609,1691,0,8
2024-01-14,SKU-10225,SUP-230,2829,241,540,0,4
2024-01-14,SKU-10226,SUP-235,1736,598,681,0,7
2024-01-14,SKU-10227,SUP-210,874,663,1573,0,10
2024-01-14,SKU-10228,SUP-216,437,284,1739,0,4
2024-01-14,SKU-10229,SUP-233,1324,306,718,0,9
2024-01-14,SKU-10230,SUP-238,2771,453,1928,0,6
2024-01-14,SKU-10231,SUP-227,2323,229,684,0,3
2024-01-14,SKU-10232,SUP-213,2992,599,1483,0,7
2024-01-14,SKU-10233,SUP-234,2972,276,849,0,14
2024-01-14,SKU-10234,SUP-248,1719,664,810,0,13
2024-01-14,SKU-10235,SUP-246,1578,479,1210,0,9
2024-01-14,SKU-10236,SUP-244,861,470,1624,0,6
2024-01-14,SKU-10237,SUP-212,1580,439,1737,0,10
2024-01-14,SKU-10238,SUP-245,419,526,1335,1335,14
2024-01-14,SKU-10239,SUP-219,966,296,826,0,11
2024-01-14,SKU-10240,SUP-225,1187,356,1942,0,12
2024-01-14,SKU-10241,SUP-242,3240,298,1231,0,6
2024-01-14,SKU-10242,SUP-241,1736,566,1678,0,5
2024-01-14,SKU-10243,SUP-223,1717,312,1444,0,5
2024-01-14,SKU-10244,SUP-228,1300,491,1886,0,3
2024-01-14,SKU-10245,SUP-233,3145,253,1213,0,12
2024-01-14,SKU-10246,SUP-228,517,673,1766,1766,4
2024-01-14,SKU-10247,SUP-207,1691,604,535,0,8
2024-01-14,SKU-10248,SUP-215,661,526,1567,0,4
2024-01-14,SKU-10249,SUP-214,3247,724,524,0,7
2024-01-14,SKU-10250,SUP-204,813,356,1375,0,11
2024-01-14,SKU-10251,SUP-221,171,385,1804,1804,11
2024-01-14,SKU-10252,SUP-201,1627,387,1935,0,14
2024-01-14,SKU-10253,SUP-237,871,774,1824,0,7
2024-01-14,SKU-10254,SUP-235,1470,610,1037,0,5
2024-01-14,SKU-10255,SUP-214,1067,392,1686,0,7
2024-01-14,SKU-10256,SUP-237,638,589,1831,0,11
2024-01-14,SKU-10257,SUP-214,1612,228,621,0,12
2024-01-14,SKU-10258,SUP-200,2894,715,1525,0,7
2024-01-14,SKU-10259,SUP-204,815,527,775,0,14
2024-01-14,SKU-10260,SUP-245,580,685,1630,1630,9
2024-01-14,SKU-10261,SUP-240,272,363,1026,1026,3
2024-01-14,SKU-10262,SUP-203,2635,424,1628,0,9
2024-01-14,SKU-10263,SUP-214,854,532,871,0,7
2024-01-14,SKU-10264,SUP-204,3095,470,1210,0,7
2024-01-14,SKU-10265,SUP-202,1245,746,1592,0,14
2024-01-14,SKU-10266,SUP-221,307,581,1943,1943,7
2024-01-14,SKU-10267,SUP-204,95,676,1449,1449,11
2024-01-14,SKU-10268,SUP-232,2099,733,921,0,5
2024-01-14,SKU-10269,SUP-215,495,799,873,873,9
2024-01-14,SKU-10270,SUP-217,3006,586,835,0,7
2024-01-14,SKU-10271,SUP-242,1184,737,1959,0,14
2024-01-14,SKU-10272,SUP-231,613,764,1280,1280,10
2024-01-14,SKU-10273,SUP-213,179,468,645,645,5
2024-01-14,SKU-10274,SUP-234,3026,398,1423,0,9
2024-01-14,SKU-10275,SUP-208,1917,247,1040,0,5
2024-01-14,SKU-10276,SUP-246,2971,758,844,0,14
2024-01-14,SKU-10277,SUP-236,3253,532,831,0,3
2024-01-14,SKU-10278,SUP-236,503,534,1732,1732,13
2024-01-14,SKU-10279,SUP-230,703,470,1703,0,7
2024-01-14,SKU-10280,SUP-215,2889,637,1536,0,6
2024-01-14,SKU-10281,SUP-230,1760,579,920,0,6
2024-01-14,SKU-10282,SUP-226,2016,617,855,0,13
2024-01-14,SKU-10283,SUP-212,3098,664,1986,0,3
2024-01-14,SKU-10284,SUP-206,846,610,1575,0,3
2024-01-14,SKU-10285,SUP-206,3360,666,1795,0,9
2024-01-14,SKU-10286,SUP-242,3094,658,1319,0,10
2024-01-14,SKU-10287,SUP-227,1100,696,1294,0,7
2024-01-14,SKU-10288,SUP-222,1284,371,1134,0,13
2024-01-14,SKU-10289,SUP-227,3315,451,1932,0,12
2024-01-14,SKU-10290,SUP-226,521,639,1858,1858,8
2024-01-14,SKU-10291,SUP-229,2948,294,908,0,12
2024-01-14,SKU-10292,SUP-246,1408,202,871,0,4
2024-01-14,SKU-10293,SUP-203,210,520,1033,1033,6
2024-01-14,SKU-10294,SUP-243,2841,409,632,0,7
2024-01-14,SKU-10295,SUP-241,947,305,959,0,12
2024-01-14,SKU-10296,SUP-241,548,407,817,0,4
2024-01-14,SKU-10297,SUP-206,2667,354,893,0,11
2024-01-14,SKU-10298,SUP-203,1181,458,1680,0,5
2024-01-14,SKU-10299,SUP-225,445,419,1243,0,3
2024-01-14,SKU-10300,SUP-246,3392,339,1487,0,4
2024-01-14,SKU-10301,SUP-221,3126,729,1254,0,6
2024-01-14,SKU-10302,SUP-206,980,227,1487,0,8
2024-01-14,SKU-10303,SUP-215,566,603,1172,1172,7
2024-01-14,SKU-10304,SUP-212,2633,572,1117,0,12
2024-01-14,SKU-10305,SUP-212,178,552,600,600,3
2024-01-14,SKU-10306,SUP-234,2895,517,1122,0,9
2024-01-14,SKU-10307,SUP-228,2999,207,1075,0,10
2024-01-14,SKU-10308,SUP-208,2220,385,1138,0,6
2024-01-14,SKU-10309,SUP-227,1180,365,1397,0,11
2024-01-14,SKU-10310,SUP-211,2183,356,1357,0,13
2024-01-14,SKU-10311,SUP-217,405,227,850,0,5
2024-01-14,SKU-10312,SUP-229,1913,740,1918,0,11
2024-01-14,SKU-10313,SUP-215,2950,559,713,0,13
2024-01-14,SKU-10314,SUP-204,1631,450,1803,0,14
2024-01-14,SKU-10315,SUP-228,663,610,1283,0,13
2024-01-14,SKU-10316,SUP-235,1121,690,970,0,12
2024-01-14,SKU-10317,SUP-206,3028,662,1049,0,6
2024-01-14,SKU-10318,SUP-203,1846,698,1848,0,9
2024-01-14,SKU-10319,SUP-241,645,795,638,638,9
2024-01-14,SKU-10320,SUP-234,328,334,1711,1711,4
2024-01-14,SKU-10321,SUP-200,3099,638,576,0,8
2024-01-14,SKU-10322,SUP-205,1840,616,706,0,7
2024-01-14,SKU-10323,SUP-248,1967,507,1816,0,3
2024-01-14,SKU-10324,SUP-215,1723,539,582,0,3
2024-01-14,SKU-10325,SUP-210,1823,655,1372,0,14
2024-01-14,SKU-10326,SUP-226,2809,229,1481,0,6
2024-01-14,SKU-10327,SUP-231,784,437,1230,0,13
2024-01-14,SKU-10328,SUP-230,1661,406,1402,0,7
2024-01-14,SKU-10329,SUP-213,699,659,635,0,11
2024-01-14,SKU-10330,SUP-225,1218,550,516,0,9
2024-01-14,SKU-10331,SUP-203,1669,205,1279,0,9
2024-01-14,SKU-10332,SUP-210,2610,619,1590,0,12
2024-01-14,SKU-10333,SUP-224,2690,406,1728,0,5
2024-01-14,SKU-10334,SUP-200,2905,748,986,0,7
2024-01-14,SKU-10335,SUP-224,2370,576,1476,0,5
2024-01-14,SKU-10336,SUP-216,142,353,1419,1419,9
2024-01-14,SKU-10337,SUP-229,1177,565,646,0,12
2024-01-14,SKU-10338,SUP-218,821,772,730,0,5
2024-01-14,SKU-10339,SUP-227,1743,248,606,0,14
2024-01-14,SKU-10340,SUP-244,932,513,510,0,13
2024-01-14,SKU-10341,SUP-246,1766,560,1182,0,11
2024-01-14,SKU-10342,SUP-235,1808,772,1496,0,3
2024-01-14,SKU-10343,SUP-242,1042,385,1744,0,8
2024-01-14,SKU-10344,SUP-245,2106,708,1727,0,12
2024-01-14,SKU-10345,SUP-231,1751,281,647,0,7
2024-01-14,SKU-10346,SUP-209,1133,206,1903,0,12
2024-01-14,SKU-10347,SUP-212,2965,762,637,0,12
2024-01-14,SKU-10348,SUP-218,999,723,1691,0,9
2024-01-14,SKU-10349,SUP-213,2550,408,1934,0,10
2024-01-14,SKU-10350,SUP-203,884,256,1658,0,10
2024-01-14,SKU-10351,SUP-237,1216,315,1513,0,8
2024-01-14,SKU-10352,SUP-247,1465,411,1577,0,5
2024-01-14,SKU-10353,SUP-234,732,698,1445,0,9
2024-01-14,SKU-10354,SUP-203,1251,534,1446,0,10
2024-01-14,SKU-10355,SUP-247,3104,312,1695,0,5
2024-01-14,SKU-10356,SUP-220,627,724,673,673,14
2024-01-14,SKU-10357,SUP-203,2647,303,1563,0,9
2024-01-14,SKU-10358,SUP-203,2241,401,1678,0,9
2024-01-14,SKU-10359,SUP-237,1159,416,910,0,4
2024-01-14,SKU-10360,SUP-230,593,706,650,650,6
2024-01-14,SKU-10361,SUP-232,1410,297,1040,0,14
2024-01-14,SKU-10362,SUP-233,398,455,1489,1489,6
2024-01-14,SKU-10363,SUP-210,518,577,1417,1417,12
2024-01-14,SKU-10364,SUP-203,1369,796,748,0,12
2024-01-14,SKU-10365,SUP-232,3309,772,1742,0,11
2024-01-14,SKU-10366,SUP-205,921,492,909,0,8
2024-01-14,SKU-10367,SUP-211,70,336,712,712,9
2024-01-14,SKU-10368,SUP-204,694,365,929,0,6
2024-01-14,SKU-10369,SUP-238,2559,267,1661,0,4
2024-01-14,SKU-10370,SUP-204,2353,507,1853,0,3
2024-01-14,SKU-10371,SUP-243,1841,350,1119,0,11
2024-01-14,SKU-10372,SUP-215,72,325,1296,1296,14
2024-01-14,SKU-10373,SUP-225,2707,419,1530,0,10
2024-01-14,SKU-10374,SUP-207,826,492,542,0,5
2024-01-14,SKU-10375,SUP-236,1337,468,1192,0,9
2024-01-14,SKU-10376,SUP-215,1110,384,1420,0,11
2024-01-14,SKU-10377,SUP-237,2732,357,1997,0,14
2024-01-14,SKU-10378,SUP-238,1870,316,1385,0,10
2024-01-14,SKU-10379,SUP-202,2457,379,1755,0,14
2024-01-14,SKU-10380,SUP-239,3179,444,1137,0,11
2024-01-14,SKU-10381,SUP-205,2647,658,1489,0,6
2024-01-14,SKU-10382,SUP-226,235,766,1583,1583,5
2024-01-14,SKU-10383,SUP-242,3196,756,696,0,10
2024-01-14,SKU-10384,SUP-237,3259,459,1870,0,7
2024-01-14,SKU-10385,SUP-236,1411,359,921,0,9
2024-01-14,SKU-10386,SUP-233,1593,678,927,0,12
2024-01-14,SKU-10387,SUP-220,1309,563,1141,0,13
2024-01-14,SKU-10388,SUP-216,1831,774,1596,0,12
2024-01-14,SKU-10389,SUP-213,1177,503,1528,0,13
2024-01-14,SKU-10390,SUP-242,3336,599,1094,0,3
2024-01-14,SKU-10391,SUP-245,1859,316,882,0,13
2024-01-14,SKU-10392,SUP-220,2529,609,569,0,5
2024-01-14,SKU-10393,SUP-215,2433,496,1116,0,3
2024-01-14,SKU-10394,SUP-216,1962,358,510,0,3
2024-01-14,SKU-10395,SUP-225,461,354,1729,0,5
2024-01-14,SKU-10396,SUP-208,748,549,1621,0,5
2024-01-14,SKU-10397,SUP-242,455,756,944,944,12
2024-01-14,SKU-10398,SUP-241,262,558,1906,1906,14
2024-01-14,SKU-10399,SUP-219,2623,464,770,0,6
2024-01-14,SKU-10400,SUP-229,1819,586,746,0,6
2024-01-14,SKU-10401,SUP-220,969,271,1819,0,7
2024-01-14,SKU-10402,SUP-248,2733,439,810,0,3
2024-01-14,SKU-10403,SUP-204,1158,221,1601,0,10
2024-01-14,SKU-10404,SUP-200,2059,552,1894,0,7
2024-01-14,SKU-10405,SUP-229,2979,755,1820,0,6
2024-01-14,SKU-10406,SUP-239,2012,594,526,0,13
2024-01-14,SKU-10407,SUP-236,2974,388,1722,0,8
2024-01-14,SKU-10408,SUP-206,573,423,1016,0,3
2024-01-14,SKU-10409,SUP-204,1909,429,1368,0,3
2024-01-14,SKU-10410,SUP-234,1428,383,1258,0,4
2024-01-14,SKU-10411,SUP-213,324,341,1147,1147,5
2024-01-14,SKU-10412,SUP-232,1985,549,962,0,6
2024-01-14,SKU-10413,SUP-216,3148,200,1762,0,9
2024-01-14,SKU-10414,SUP-208,1754,537,1407,0,4
2024-01-14,SKU-10415,SUP-222,1332,569,1476,0,5
2024-01-14,SKU-10416,SUP-204,2710,537,1041,0,11
2024-01-14,SKU-10417,SUP-215,1802,600,1073,0,4
2024-01-14,SKU-10418,SUP-223,2568,359,1343,0,9
2024-01-14,SKU-10419,SUP-218,3358,621,1445,0,9
2024-01-14,SKU-10420,SUP-210,3321,463,1247,0,3
2024-01-14,SKU-10421,SUP-228,372,244,1057,0,6
2024-01-14,SKU-10422,SUP-234,3208,603,1687,0,4
2024-01-14,SKU-10423,SUP-245,918,439,810,0,13
2024-01-14,SKU-10424,SUP-219,3286,757,1957,0,3
2024-01-14,SKU-10425,SUP-239,3333,216,1198,0,3
2024-01-14,SKU-10426,SUP-241,434,448,1209,1209,3
2024-01-14,SKU-10427,SUP-233,866,694,534,0,9
2024-01-14,SKU-10428,SUP-200,2293,209,1485,0,9
2024-01-14,SKU-10429,SUP-242,2113,734,594,0,3
2024-01-14,SKU-10430,SUP-235,534,580,1168,1168,4
2024-01-14,SKU-10431,SUP-219,1068,709,1383,0,5
2024-01-14,SKU-10432,SUP-242,342,304,869,0,7
2024-01-14,SKU-10433,SUP-206,1993,379,1101,0,10
2024-01-14,SKU-10434,SUP-208,1376,700,847,0,13
2024-01-14,SKU-10435,SUP-216,698,768,888,888,13
2024-01-14,SKU-10436,SUP-207,840,560,781,0,12
2024-01-14,SKU-10437,SUP-206,1275,215,1504,0,10
2024-01-14,SKU-10438,SUP-247,2398,789,529,0,9
2024-01-14,SKU-10439,SUP-235,2251,221,1954,0,14
2024-01-14,SKU-10440,SUP-209,2042,524,1821,0,8
2024-01-14,SKU-10441,SUP-217,2670,321,623,0,7
2024-01-14,SKU-10442,SUP-218,388,458,576,576,4
2024-01-14,SKU-10443,SUP-238,1226,261,551,0,6
2024-01-14,SKU-10444,SUP-213,2447,478,606,0,9
2024-01-14,SKU-10445,SUP-245,2792,201,1795,0,5
2024-01-14,SKU-10446,SUP-221,1733,765,1415,0,6
2024-01-14,SKU-10447,SUP-213,605,447,1931,0,7
2024-01-14,SKU-10448,SUP-243,1913,573,536,0,6
2024-01-14,SKU-10449,SUP-240,1826,293,1938,0,8
2024-01-14,SKU-10450,SUP-216,906,620,1871,0,13
2024-01-14,SKU-10451,SUP-232,662,351,1561,0,13
2024-01-14,SKU-10452,SUP-231,2653,411,1025,0,8
2024-01-14,SKU-10453,SUP-216,2551,702,1512,0,12
2024-01-14,SKU-10454,SUP-203,2822,215,1107,0,4
2024-01-14,SKU-10455,SUP-205,1985,444,1477,0,4
2024-01-14,SKU-10456,SUP-240,726,654,1375,0,13
2024-01-14,SKU-10457,SUP-227,1296,600,961,0,3
2024-01-14,SKU-10458,SUP-217,2542,205,1444,0,6
2024-01-14,SKU-10459,SUP-202,1712,311,671,0,13
2024-01-14,SKU-10460,SUP-200,2211,729,818,0,4
2024-01-14,SKU-10461,SUP-221,1308,545,748,0,5
2024-01-14,SKU-10462,SUP-249,458,562,1819,1819,6
2024-01-14,SKU-10463,SUP-208,2983,332,1818,0,10
2024-01-14,SKU-10464,SUP-240,3151,232,1897,0,7
2024-01-14,SKU-10465,SUP-216,100,504,1292,1292,14
2024-01-14,SKU-10466,SUP-210,152,720,729,729,8
2024-01-14,SKU-10467,SUP-247,552,298,770,0,9
2024-01-14,SKU-10468,SUP-228,512,368,1544,0,14
2024-01-14,SKU-10469,SUP-235,2198,596,1559,0,12
2024-01-14,SKU-10470,SUP-245,3044,432,1959,0,8
2024-01-14,SKU-10471,SUP-227,3262,757,1796,0,13
2024-01-14,SKU-10472,SUP-235,2800,286,1380,0,11
2024-01-14,SKU-10473,SUP-200,1408,359,945,0,14
2024-01-14,SKU-10474,SUP-207,2581,381,1369,0,8
2024-01-14,SKU-10475,SUP-204,1854,755,673,0,14
2024-01-14,SKU-10476,SUP-244,2318,713,1101,0,9
2024-01-14,SKU-10477,SUP-209,1683,532,854,0,5
2024-01-14,SKU-10478,SUP-234,162,646,1531,1531,9
2024-01-14,SKU-10479,SUP-202,3384,613,1181,0,4
2024-01-14,SKU-10480,SUP-223,1754,602,1468,0,11
2024-01-14,SKU-10481,SUP-237,1408,221,1995,0,10
2024-01-14,SKU-10482,SUP-235,2067,451,704,0,10
2024-01-14,SKU-10483,SUP-209,3440,260,964,0,4
2024-01-14,SKU-10484,SUP-227,1608,593,1520,0,6
2024-01-14,SKU-10485,SUP-208,1166,741,1029,0,13
2024-01-14,SKU-10486,SUP-202,1511,346,1805,0,5
2024-01-14,SKU-10487,SUP-219,1533,504,1021,0,7
2024-01-14,SKU-10488,SUP-223,423,526,1621,1621,4
2024-01-14,SKU-10489,SUP-202,2087,688,977,0,11
2024-01-14,SKU-10490,SUP-222,1665,754,1011,0,7
2024-01-14,SKU-10491,SUP-213,459,352,951,0,4
2024-01-14,SKU-10492,SUP-243,2328,413,1064,0,14
2024-01-14,SKU-10493,SUP-215,565,646,1565,1565,13
2024-01-14,SKU-10494,SUP-242,257,490,747,747,7
2024-01-14,SKU-10495,SUP-206,3094,648,583,0,7
2024-01-14,SKU-10496,SUP-222,1506,749,1270,0,7
2024-01-14,SKU-10497,SUP-249,1504,422,964,0,5
2024-01-14,SKU-10498,SUP-235,2591,380,810,0,4
2024-01-14,SKU-10499,SUP-226,1804,395,561,0,11
2024-01-15,SKU-10000,SUP-240,625,494,1575,0,14
2024-01-15,SKU-10001,SUP-207,90,656,1377,1377,6
2024-01-15,SKU-10002,SUP-201,921,201,1992,0,12
2024-01-15,SKU-10003,SUP-247,2686,613,709,0,12
2024-01-15,SKU-10004,SUP-217,2309,337,1137,0,7
2024-01-15,SKU-10005,SUP-215,807,588,1721,0,12
2024-01-15,SKU-10006,SUP-214,2561,526,1249,0,6
2024-01-15,SKU-10007,SUP-208,429,700,1807,1807,6
2024-01-15,SKU-10008,SUP-247,579,493,1589,0,5
2024-01-15,SKU-10009,SUP-206,1444,561,1508,0,9
2024-01-15,SKU-10010,SUP-243,2997,686,1346,0,5
2024-01-15,SKU-10011,SUP-247,875,377,614,0,10
2024-01-15,SKU-10012,SUP-234,764,275,1949,0,3
2024-01-15,SKU-10013,SUP-205,1525,493,1308,0,8
2024-01-15,SKU-10014,SUP-237,2325,429,1619,0,9
2024-01-15,SKU-10015,SUP-227,2583,743,1911,0,10
2024-01-15,SKU-10016,SUP-202,1255,438,1210,0,3
2024-01-15,SKU-10017,SUP-201,1355,353,1089,0,14
2024-01-15,SKU-10018,SUP-205,1153,538,1128,0,7
2024-01-15,SKU-10019,SUP-213,2200,725,1036,0,12
2024-01-15,SKU-10020,SUP-214,1466,560,1413,0,4
2024-01-15,SKU-10021,SUP-232,364,609,1290,1290,3
2024-01-15,SKU-10022,SUP-238,1497,621,1537,0,7
2024-01-15,SKU-10023,SUP-201,2752,766,784,0,11
2024-01-15,SKU-10024,SUP-235,1195,697,1411,0,4
2024-01-15,SKU-10025,SUP-212,2113,344,1447,0,8
2024-01-15,SKU-10026,SUP-245,75,366,1628,1628,4
2024-01-15,SKU-10027,SUP-241,2953,281,593,0,13
2024-01-15,SKU-10028,SUP-244,1556,560,1589,0,6
2024-01-15,SKU-10029,SUP-234,2873,267,1557,0,3
2024-01-15,SKU-10030,SUP-226,2487,457,1249,0,6
2024-01-15,SKU-10031,SUP-214,995,234,870,0,13
2024-01-15,SKU-10032,SUP-228,3376,748,870,0,11
2024-01-15,SKU-10033,SUP-237,855,752,1860,0,11
2024-01-15,SKU-10034,SUP-217,1436,287,962,0,5
2024-01-15,SKU-10035,SUP-200,599,723,710,710,6
2024-01-15,SKU-10036,SUP-248,376,434,686,686,11
2024-01-15,SKU-10037,SUP-210,561,501,686,0,4
2024-01-15,SKU-10038,SUP-244,1918,695,521,0,6
2024-01-15,SKU-10039,SUP-227,2837,264,1228,0,3
2024-01-15,SKU-10040,SUP-221,3016,411,699,0,13
2024-01-15,SKU-10041,SUP-217,264,630,667,667,7
2024-01-15,SKU-10042,SUP-209,2760,370,682,0,6
2024-01-15,SKU-10043,SUP-213,1020,309,805,0,6
2024-01-15,SKU-10044,SUP-248,2380,472,860,0,11
2024-01-15,SKU-10045,SUP-221,2132,289,1483,0,8
2024-01-15,SKU-10046,SUP-206,3196,314,775,0,10
2024-01-15,SKU-10047,SUP-205,256,760,1008,1008,6
2024-01-15,SKU-10048,SUP-224,2140,490,1041,0,8
2024-01-15,SKU-10049,SUP-206,3259,793,1928,0,6
2024-01-15,SKU-10050,SUP-222,2928,580,809,0,9
2024-01-15,SKU-10051,SUP-222,1987,624,1665,0,7
2024-01-15,SKU-10052,SUP-238,2682,564,594,0,14
2024-01-15,SKU-10053,SUP-216,703,781,1699,1699,6
2024-01-15,SKU-10054,SUP-202,1660,658,1936,0,7
2024-01-15,SKU-10055,SUP-246,387,530,1736,1736,5
2024-01-15,SKU-10056,SUP-229,435,746,1442,1442,12
2024-01-15,SKU-10057,SUP-234,385,493,1023,1023,5
2024-01-15,SKU-10058,SUP-207,3418,286,1681,0,12
2024-01-15,SKU-10059,SUP-224,2789,715,1068,0,8
2024-01-15,SKU-10060,SUP-205,658,215,1024,0,10
2024-01-15,SKU-10061,SUP-235,1434,707,1804,0,4
2024-01-15,SKU-10062,SUP-218,1685,356,924,0,13
2024-01-15,SKU-10063,SUP-240,1173,546,1419,0,6
2024-01-15,SKU-10064,SUP-239,375,637,955,955,12
2024-01-15,SKU-10065,SUP-223,1821,651,1142,0,13
2024-01-15,SKU-10066,SUP-236,491,558,532,532,10
2024-01-15,SKU-10067,SUP-212,1070,609,1522,0,13
2024-01-15,SKU-10068,SUP-245,534,686,572,572,7
2024-01-15,SKU-10069,SUP-204,3182,364,1339,0,8
2024-01-15,SKU-10070,SUP-202,3250,360,889,0,10
2024-01-15,SKU-10071,SUP-242,1145,291,1402,0,11
2024-01-15,SKU-10072,SUP-214,1532,756,1200,0,5
2024-01-15,SKU-10073,SUP-249,1673,640,1381,0,14
2024-01-15,SKU-10074,SUP-218,2188,230,821,0,12
2024-01-15,SKU-10075,SUP-205,742,484,652,0,3
2024-01-15,SKU-10076,SUP-214,483,345,1575,0,6
2024-01-15,SKU-10077,SUP-206,3164,626,583,0,5
2024-01-15,SKU-10078,SUP-224,1305,554,520,0,8
2024-01-15,SKU-10079,SUP-217,1476,286,952,0,8
2024-01-15,SKU-10080,SUP-229,458,445,1502,0,3
2024-01-15,SKU-10081,SUP-240,1144,357,1310,0,13
2024-01-15,SKU-10082,SUP-223,260,454,801,801,14
2024-01-15,SKU-10083,SUP-210,1173,708,1756,0,11
2024-01-15,SKU-10084,SUP-223,2674,409,925,0,10
2024-01-15,SKU-10085,SUP-222,1155,377,798,0,12
2024-01-15,SKU-10086,SUP-213,3024,252,1311,0,8
2024-01-15,SKU-10087,SUP-242,1642,688,1001,0,5
2024-01-15,SKU-10088,SUP-217,563,205,921,0,14
2024-01-15,SKU-10089,SUP-244,1658,533,1971,0,4
2024-01-15,SKU-10090,SUP-243,3331,468,564,0,8
2024-01-15,SKU-10091,SUP-241,1335,576,1280,0,11
2024-01-15,SKU-10092,SUP-204,2920,620,1836,0,7
2024-01-15,SKU-10093,SUP-238,3302,388,1220,0,12
2024-01-15,SKU-10094,SUP-240,3059,644,1897,0,13
2024-01-15,SKU-10095,SUP-210,2726,341,1671,0,10
2024-01-15,SKU-10096,SUP-234,3086,615,524,0,5
2024-01-15,SKU-10097,SUP-246,162,384,782,782,13
2024-01-15,SKU-10098,SUP-215,794,213,1389,0,7
2024-01-15,SKU-10099,SUP-210,780,672,1318,0,8
2024-01-15,SKU-10100,SUP-229,1325,739,938,0,7
2024-01-15,SKU-10101,SUP-224,1963,781,659,0,14
2024-01-15,SKU-10102,SUP-217,2279,687,1712,0,4
2024-01-15,SKU-10103,SUP-240,2736,308,1348,0,14
2024-01-15,SKU-10104,SUP-244,840,468,1732,0,3
2024-01-15,SKU-10105,SUP-235,711,641,991,0,5
2024-01-15,SKU-10106,SUP-214,410,644,1497,1497,9
2024-01-15,SKU-10107,SUP-243,583,230,1654,0,10
2024-01-15,SKU-10108,SUP-220,2879,466,785,0,5
2024-01-15,SKU-10109,SUP-249,482,367,1994,0,12
2024-01-15,SKU-10110,SUP-249,2035,545,577,0,5
2024-01-15,SKU-10111,SUP-203,1249,400,1088,0,11
2024-01-15,SKU-10112,SUP-214,3267,501,792,0,8
2024-01-15,SKU-10113,SUP-202,120,799,1177,1177,13
2024-01-15,SKU-10114,SUP-220,2490,627,1137,0,8
2024-01-15,SKU-10115,SUP-225,162,673,1584,1584,12
2024-01-15,SKU-10116,SUP-217,0,394,1597,1597,13
2024-01-15,SKU-10117,SUP-204,2754,754,1959,0,9
2024-01-15,SKU-10118,SUP-213,3133,755,852,0,5
2024-01-15,SKU-10119,SUP-236,3000,569,842,0,7
2024-01-15,SKU-10120,SUP-245,2793,223,1384,0,12
2024-01-15,SKU-10121,SUP-220,2505,493,1386,0,5
2024-01-15,SKU-10122,SUP-213,2753,372,1939,0,9
2024-01-15,SKU-10123,SUP-241,2630,756,1075,0,6
2024-01-15,SKU-10124,SUP-231,1101,269,1342,0,9
2024-01-15,SKU-10125,SUP-225,2752,254,985,0,5
2024-01-15,SKU-10126,SUP-241,2111,609,1459,0,11
2024-01-15,SKU-10127,SUP-229,3265,346,1548,0,5
2024-01-15,SKU-10128,SUP-209,1990,373,789,0,12
2024-01-15,SKU-10129,SUP-216,3231,226,1589,0,7
2024-01-15,SKU-10130,SUP-208,2798,266,749,0,13
2024-01-15,SKU-10131,SUP-215,219,689,500,500,11
2024-01-15,SKU-10132,SUP-247,2210,579,1343,0,3
2024-01-15,SKU-10133,SUP-235,2191,501,1149,0,3
2024-01-15,SKU-10134,SUP-234,2231,378,1801,0,5
2024-01-15,SKU-10135,SUP-216,1726,469,1498,0,13
2024-01-15,SKU-10136,SUP-247,3077,722,1058,0,12
2024-01-15,SKU-10137,SUP-237,2114,502,1429,0,8
2024-01-15,SKU-10138,SUP-227,1121,491,1775,0,14
2024-01-15,SKU-10139,SUP-237,195,539,1347,1347,7
2024-01-15,SKU-10140,SUP-225,2395,208,648,0,4
2024-01-15,SKU-10141,SUP-223,1142,553,1607,0,13
2024-01-15,SKU-10142,SUP-214,2392,334,1609,0,6
2024-01-15,SKU-10143,SUP-208,2364,219,1558,0,3
2024-01-15,SKU-10144,SUP-232,3298,605,803,0,6
2024-01-15,SKU-10145,SUP-231,1002,590,1939,0,11
2024-01-15,SKU-10146,SUP-205,1010,540,744,0,14
2024-01-15,SKU-10147,SUP-248,1147,690,1762,0,12
2024-01-15,SKU-10148,SUP-203,1162,742,1131,0,13
2024-01-15,SKU-10149,SUP-207,3000,343,1643,0,7
2024-01-15,SKU-10150,SUP-209,1407,402,1300,0,6
2024-01-15,SKU-10151,SUP-240,728,309,1947,0,11
2024-01-15,SKU-10152,SUP-210,2249,290,1817,0,11
2024-01-15,SKU-10153,SUP-243,614,515,1695,0,8
2024-01-15,SKU-10154,SUP-227,1549,694,554,0,11
2024-01-15,SKU-10155,SUP-238,2757,390,1074,0,11
2024-01-15,SKU-10156,SUP-204,1701,701,1115,0,11
2024-01-15,SKU-10157,SUP-224,2049,302,725,0,3
2024-01-15,SKU-10158,SUP-224,1670,344,1988,0,5
2024-01-15,SKU-10159,SUP-238,1365,733,1717,0,12
2024-01-15,SKU-10160,SUP-229,2964,380,1755,0,14
2024-01-15,SKU-10161,SUP-233,2461,204,639,0,14
2024-01-15,SKU-10162,SUP-216,2554,218,511,0,11
2024-01-15,SKU-10163,SUP-235,1801,458,523,0,10
2024-01-15,SKU-10164,SUP-200,245,322,1613,1613,10
2024-01-15,SKU-10165,SUP-243,2703,714,1332,0,4
2024-01-15,SKU-10166,SUP-246,782,236,605,0,9
2024-01-15,SKU-10167,SUP-207,2207,431,1366,0,4
2024-01-15,SKU-10168,SUP-243,1247,481,777,0,6
2024-01-15,SKU-10169,SUP-234,1560,523,1412,0,8
2024-01-15,SKU-10170,SUP-248,2895,385,965,0,11
2024-01-15,SKU-10171,SUP-217,2036,683,1608,0,10
2024-01-15,SKU-10172,SUP-249,1220,248,1949,0,8
2024-01-15,SKU-10173,SUP-241,449,252,1592,0,10
2024-01-15,SKU-10174,SUP-221,1940,255,1378,0,10
2024-01-15,SKU-10175,SUP-207,2735,780,1575,0,3
2024-01-15,SKU-10176,SUP-218,382,360,1929,0,7
2024-01-15,SKU-10177,SUP-227,1237,776,826,0,9
2024-01-15,SKU-10178,SUP-210,2615,641,1677,0,12
2024-01-15,SKU-10179,SUP-229,773,694,1638,0,3
2024-01-15,SKU-10180,SUP-200,1527,377,594,0,13
2024-01-15,SKU-10181,SUP-246,1358,407,1106,0,11
2024-01-15,SKU-10182,SUP-246,1972,335,1109,0,7
2024-01-15,SKU-10183,SUP-216,1307,637,1936,0,6
2024-01-15,SKU-10184,SUP-232,2613,346,1216,0,13
2024-01-15,SKU-10185,SUP-248,2983,535,945,0,14
2024-01-15,SKU-10186,SUP-211,234,766,587,587,9
2024-01-15,SKU-10187,SUP-232,1957,580,1494,0,13
2024-01-15,SKU-10188,SUP-206,3287,355,1703,0,3
2024-01-15,SKU-10189,SUP-240,1052,286,905,0,6
2024-01-15,SKU-10190,SUP-219,1500,263,618,0,9
2024-01-15,SKU-10191,SUP-240,2781,362,792,0,4
2024-01-15,SKU-10192,SUP-232,1677,600,1172,0,9
2024-01-15,SKU-10193,SUP-238,1244,439,810,0,3
2024-01-15,SKU-10194,SUP-212,813,613,1845,0,4
2024-01-15,SKU-10195,SUP-209,2463,263,1132,0,9
2024-01-15,SKU-10196,SUP-223,413,204,1915,0,11
2024-01-15,SKU-10197,SUP-248,167,341,896,896,4
2024-01-15,SKU-10198,SUP-210,2998,733,1410,0,9
2024-01-15,SKU-10199,SUP-234,2878,485,1528,0,3
2024-01-15,SKU-10200,SUP-249,1178,282,1641,0,8
2024-01-15,SKU-10201,SUP-233,3161,485,835,0,12
2024-01-15,SKU-10202,SUP-200,2719,322,1364,0,5
2024-01-15,SKU-10203,SUP-238,967,227,1678,0,8
2024-01-15,SKU-10204,SUP-220,1502,205,972,0,3
2024-01-15,SKU-10205,SUP-231,2472,239,1180,0,9
2024-01-15,SKU-10206,SUP-201,2880,726,631,0,4
2024-01-15,SKU-10207,SUP-207,2188,408,826,0,9
2024-01-15,SKU-10208,SUP-223,297,508,776,776,14
2024-01-15,SKU-10209,SUP-219,2732,577,932,0,13
2024-01-15,SKU-10210,SUP-215,1148,271,816,0,7
2024-01-15,SKU-10211,SUP-203,1370,541,1152,0,10
2024-01-15,SKU-10212,SUP-215,3264,384,1387,0,10
2024-01-15,SKU-10213,SUP-236,2764,549,1337,0,11
2024-01-15,SKU-10214,SUP-205,2782,355,1032,0,8
2024-01-15,SKU-10215,SUP-205,1384,691,1564,0,9
2024-01-15,SKU-10216,SUP-246,1335,311,962,0,6
2024-01-15,SKU-10217,SUP-231,1904,357,799,0,13
2024-01-15,SKU-10218,SUP-204,2217,298,620,0,12
2024-01-15,SKU-10219,SUP-248,2276,453,1927,0,4
2024-01-15,SKU-10220,SUP-234,2248,390,1699,0,12
2024-01-15,SKU-10221,SUP-249,619,723,1332,1332,6
2024-01-15,SKU-10222,SUP-208,3293,518,610,0,4
2024-01-15,SKU-10223,SUP-208,948,216,1743,0,9
2024-01-15,SKU-10224,SUP-242,983,716,1652,0,5
2024-01-15,SKU-10225,SUP-230,794,740,1655,0,14
2024-01-15,SKU-10226,SUP-235,1523,581,715,0,6
2024-01-15,SKU-10227,SUP-210,715,210,581,0,4
2024-01-15,SKU-10228,SUP-216,1430,531,1501,0,9
2024-01-15,SKU-10229,SUP-233,1761,792,740,0,6
2024-01-15,SKU-10230,SUP-238,274,282,589,589,9
2024-01-15,SKU-10231,SUP-227,2063,392,987,0,6
2024-01-15,SKU-10232,SUP-213,1255,573,1570,0,3
2024-01-15,SKU-10233,SUP-234,2612,729,1837,0,9
2024-01-15,SKU-10234,SUP-248,2571,687,566,0,11
2024-01-15,SKU-10235,SUP-246,1319,401,927,0,14
2024-01-15,SKU-10236,SUP-244,1398,278,877,0,7
2024-01-15,SKU-10237,SUP-212,1862,354,1646,0,9
2024-01-15,SKU-10238,SUP-245,1252,529,1963,0,13
2024-01-15,SKU-10239,SUP-219,2781,697,1942,0,9
2024-01-15,SKU-10240,SUP-225,2712,576,1818,0,4
2024-01-15,SKU-10241,SUP-242,2936,720,1061,0,3
2024-01-15,SKU-10242,SUP-241,690,696,1101,1101,9
2024-01-15,SKU-10243,SUP-223,1446,564,1948,0,9
2024-01-15,SKU-10244,SUP-228,2308,563,607,0,9
2024-01-15,SKU-10245,SUP-233,752,709,1171,0,11
2024-01-15,SKU-10246,SUP-228,420,593,864,864,4
2024-01-15,SKU-10247,SUP-207,1233,790,1206,0,9
2024-01-15,SKU-10248,SUP-215,2693,429,938,0,8
2024-01-15,SKU-10249,SUP-214,1009,598,1121,0,6
2024-01-15,SKU-10250,SUP-204,1302,602,1051,0,7
2024-01-15,SKU-10251,SUP-221,2197,757,1843,0,4
2024-01-15,SKU-10252,SUP-201,2485,226,1974,0,5
2024-01-15,SKU-10253,SUP-237,3107,289,630,0,3
2024-01-15,SKU-10254,SUP-235,1300,743,1161,0,8
2024-01-15,SKU-10255,SUP-214,2457,593,1548,0,14
2024-01-15,SKU-10256,SUP-237,2742,705,682,0,12
2024-01-15,SKU-10257,SUP-214,1449,477,1863,0,13
2024-01-15,SKU-10258,SUP-200,1288,542,1378,0,6
2024-01-15,SKU-10259,SUP-204,2795,717,906,0,12
2024-01-15,SKU-10260,SUP-245,1304,515,1041,0,3
2024-01-15,SKU-10261,SUP-240,2668,672,576,0,8
2024-01-15,SKU-10262,SUP-203,1261,543,1535,0,14
2024-01-15,SKU-10263,SUP-214,3164,206,745,0,12
2024-01-15,SKU-10264,SUP-204,230,480,1832,1832,13
2024-01-15,SKU-10265,SUP-202,1447,422,1734,0,3
2024-01-15,SKU-10266,SUP-221,1353,694,1046,0,9
2024-01-15,SKU-10267,SUP-204,195,586,1720,1720,13
2024-01-15,SKU-10268,SUP-232,2002,729,733,0,10
2024-01-15,SKU-10269,SUP-215,2222,777,1932,0,6
2024-01-15,SKU-10270,SUP-217,900,271,877,0,12
2024-01-15,SKU-10271,SUP-242,3304,350,1784,0,12
2024-01-15,SKU-10272,SUP-231,788,329,1694,0,8
2024-01-15,SKU-10273,SUP-213,2298,735,696,0,7
2024-01-15,SKU-10274,SUP-234,1311,332,763,0,7
2024-01-15,SKU-10275,SUP-208,467,204,768,0,5
2024-01-15,SKU-10276,SUP-246,3197,268,1299,0,8
2024-01-15,SKU-10277,SUP-236,1933,524,1250,0,3
2024-01-15,SKU-10278,SUP-236,325,566,1076,1076,8
2024-01-15,SKU-10279,SUP-230,2676,372,1652,0,5
2024-01-15,SKU-10280,SUP-215,1000,269,551,0,7
2024-01-15,SKU-10281,SUP-230,1271,293,1086,0,13
2024-01-15,SKU-10282,SUP-226,2540,629,1362,0,12
2024-01-15,SKU-10283,SUP-212,3354,569,903,0,8
2024-01-15,SKU-10284,SUP-206,2610,301,845,0,13
2024-01-15,SKU-10285,SUP-206,564,479,1612,0,7
2024-01-15,SKU-10286,SUP-242,2301,329,747,0,14
2024-01-15,SKU-10287,SUP-227,2496,364,1047,0,12
2024-01-15,SKU-10288,SUP-222,2438,368,1616,0,13
2024-01-15,SKU-10289,SUP-227,1381,393,763,0,9
2024-01-15,SKU-10290,SUP-226,1988,678,1800,0,3
2024-01-15,SKU-10291,SUP-229,759,559,1342,0,7
2024-01-15,SKU-10292,SUP-246,1720,282,1016,0,9
2024-01-15,SKU-10293,SUP-203,1063,664,1112,0,9
2024-01-15,SKU-10294,SUP-243,772,335,829,0,11
2024-01-15,SKU-10295,SUP-241,2861,481,1369,0,12
2024-01-15,SKU-10296,SUP-241,3078,746,949,0,8
2024-01-15,SKU-10297,SUP-206,845,245,1248,0,10
2024-01-15,SKU-10298,SUP-203,3317,755,737,0,6
2024-01-15,SKU-10299,SUP-225,1347,787,700,0,12
2024-01-15,SKU-10300,SUP-246,2602,286,1202,0,6
2024-01-15,SKU-10301,SUP-221,124,548,1753,1753,8
2024-01-15,SKU-10302,SUP-206,3210,521,1093,0,12
2024-01-15,SKU-10303,SUP-215,2561,765,1986,0,10
2024-01-15,SKU-10304,SUP-212,173,418,1046,1046,4
2024-01-15,SKU-10305,SUP-212,1313,527,920,0,14
2024-01-15,SKU-10306,SUP-234,2150,788,1385,0,11
2024-01-15,SKU-10307,SUP-228,746,237,925,0,8
2024-01-15,SKU-10308,SUP-208,2168,230,704,0,3
2024-01-15,SKU-10309,SUP-227,913,622,1405,0,10
2024-01-15,SKU-10310,SUP-211,757,799,601,601,10
2024-01-15,SKU-10311,SUP-217,3181,544,1299,0,13
2024-01-15,SKU-10312,SUP-229,686,735,662,662,3
2024-01-15,SKU-10313,SUP-215,103,232,1057,1057,13
2024-01-15,SKU-10314,SUP-204,1207,395,947,0,14
2024-01-15,SKU-10315,SUP-228,1860,427,785,0,12
2024-01-15,SKU-10316,SUP-235,81,465,1865,1865,9
2024-01-15,SKU-10317,SUP-206,3031,760,1377,0,8
2024-01-15,SKU-10318,SUP-203,2524,241,1512,0,12
2024-01-15,SKU-10319,SUP-241,2891,406,1013,0,6
2024-01-15,SKU-10320,SUP-234,2263,236,717,0,10
2024-01-15,SKU-10321,SUP-200,1840,379,629,0,7
2024-01-15,SKU-10322,SUP-205,3044,203,1606,0,12
2024-01-15,SKU-10323,SUP-248,633,296,1805,0,10
2024-01-15,SKU-10324,SUP-215,3298,737,928,0,8
2024-01-15,SKU-10325,SUP-210,1589,566,1568,0,14
2024-01-15,SKU-10326,SUP-226,2456,531,998,0,3
2024-01-15,SKU-10327,SUP-231,1573,790,1753,0,10
2024-01-15,SKU-10328,SUP-230,1657,491,1960,0,9
2024-01-15,SKU-10329,SUP-213,332,718,1995,1995,14
2024-01-15,SKU-10330,SUP-225,105,270,657,657,12
2024-01-15,SKU-10331,SUP-203,1746,224,1324,0,4
2024-01-15,SKU-10332,SUP-210,1179,337,978,0,11
2024-01-15,SKU-10333,SUP-224,1492,671,1857,0,7
2024-01-15,SKU-10334,SUP-200,878,362,1499,0,4
2024-01-15,SKU-10335,SUP-224,2170,654,804,0,8
2024-01-15,SKU-10336,SUP-216,859,407,1838,0,3
2024-01-15,SKU-10337,SUP-229,753,347,1734,0,6
2024-01-15,SKU-10338,SUP-218,740,698,654,0,8
2024-01-15,SKU-10339,SUP-227,229,350,798,798,5
2024-01-15,SKU-10340,SUP-244,1463,764,966,0,7
2024-01-15,SKU-10341,SUP-246,620,643,1404,1404,12
2024-01-15,SKU-10342,SUP-235,2028,491,1733,0,14
2024-01-15,SKU-10343,SUP-242,2097,587,1919,0,14
2024-01-15,SKU-10344,SUP-245,1794,267,974,0,8
2024-01-15,SKU-10345,SUP-231,2036,720,1332,0,4
2024-01-15,SKU-10346,SUP-209,1600,626,1508,0,13
2024-01-15,SKU-10347,SUP-212,697,650,1840,0,9
2024-01-15,SKU-10348,SUP-218,3158,776,504,0,10
2024-01-15,SKU-10349,SUP-213,2004,754,1711,0,8
2024-01-15,SKU-10350,SUP-203,123,361,1244,1244,4
2024-01-15,SKU-10351,SUP-237,2943,609,1596,0,11
2024-01-15,SKU-10352,SUP-247,1264,208,549,0,12
2024-01-15,SKU-10353,SUP-234,600,789,535,535,12
2024-01-15,SKU-10354,SUP-203,2546,368,729,0,8
2024-01-15,SKU-10355,SUP-247,2194,316,738,0,5
2024-01-15,SKU-10356,SUP-220,2466,624,1016,0,6
2024-01-15,SKU-10357,SUP-203,321,289,999,0,14
2024-01-15,SKU-10358,SUP-203,1473,558,506,0,4
2024-01-15,SKU-10359,SUP-237,2715,712,1069,0,5
2024-01-15,SKU-10360,SUP-230,316,687,1352,1352,7
2024-01-15,SKU-10361,SUP-232,2981,540,1852,0,3
2024-01-15,SKU-10362,SUP-233,446,634,618,618,10
2024-01-15,SKU-10363,SUP-210,1183,703,1038,0,10
2024-01-15,SKU-10364,SUP-203,1724,729,802,0,12
2024-01-15,SKU-10365,SUP-232,153,213,1543,1543,6
2024-01-15,SKU-10366,SUP-205,999,696,683,0,6
2024-01-15,SKU-10367,SUP-211,3167,380,1917,0,11
2024-01-15,SKU-10368,SUP-204,2591,783,970,0,4
2024-01-15,SKU-10369,SUP-238,1539,737,921,0,13
2024-01-15,SKU-10370,SUP-204,2987,517,558,0,10
2024-01-15,SKU-10371,SUP-243,2718,624,1030,0,8
2024-01-15,SKU-10372,SUP-215,2342,202,917,0,12
2024-01-15,SKU-10373,SUP-225,499,545,1230,1230,3
2024-01-15,SKU-10374,SUP-207,1274,352,701,0,3
2024-01-15,SKU-10375,SUP-236,624,779,1750,1750,11
2024-01-15,SKU-10376,SUP-215,2814,256,1853,0,8
2024-01-15,SKU-10377,SUP-237,0,423,1041,1041,12
2024-01-15,SKU-10378,SUP-238,2991,356,1140,0,12
2024-01-15,SKU-10379,SUP-202,2780,787,1612,0,4
2024-01-15,SKU-10380,SUP-239,3057,278,644,0,3
2024-01-15,SKU-10381,SUP-205,2345,201,1015,0,6
2024-01-15,SKU-10382,SUP-226,2434,629,1071,0,10
2024-01-15,SKU-10383,SUP-242,506,582,1583,1583,8
2024-01-15,SKU-10384,SUP-237,1663,273,1834,0,8
2024-01-15,SKU-10385,SUP-236,2357,442,1334,0,6
2024-01-15,SKU-10386,SUP-233,1476,465,1049,0,14
2024-01-15,SKU-10387,SUP-220,90,723,1572,1572,8
2024-01-15,SKU-10388,SUP-216,1639,646,1005,0,7
2024-01-15,SKU-10389,SUP-213,1057,259,1880,0,8
2024-01-15,SKU-10390,SUP-242,1093,401,1558,0,9
2024-01-15,SKU-10391,SUP-245,1437,571,813,0,7
2024-01-15,SKU-10392,SUP-220,1559,674,1096,0,11
2024-01-15,SKU-10393,SUP-215,1551,644,1730,0,3
2024-01-15,SKU-10394,SUP-216,559,619,1894,1894,14
2024-01-15,SKU-10395,SUP-225,1230,281,618,0,8
2024-01-15,SKU-10396,SUP-208,1958,414,527,0,11
2024-01-15,SKU-10397,SUP-242,3317,718,693,0,12
2024-01-15,SKU-10398,SUP-241,2195,457,612,0,8
2024-01-15,SKU-10399,SUP-219,2079,796,639,0,5
2024-01-15,SKU-10400,SUP-229,1668,687,1865,0,8
2024-01-15,SKU-10401,SUP-220,2582,379,1457,0,4
2024-01-15,SKU-10402,SUP-248,1271,528,1772,0,10
2024-01-15,SKU-10403,SUP-204,1913,439,1601,0,12
2024-01-15,SKU-10404,SUP-200,2851,210,1991,0,9
2024-01-15,SKU-10405,SUP-229,2423,581,1838,0,10
2024-01-15,SKU-10406,SUP-239,503,321,1250,0,12
2024-01-15,SKU-10407,SUP-236,3317,749,571,0,10
2024-01-15,SKU-10408,SUP-206,1453,410,727,0,3
2024-01-15,SKU-10409,SUP-204,515,689,875,875,9
2024-01-15,SKU-10410,SUP-234,2255,279,1733,0,11
2024-01-15,SKU-10411,SUP-213,1384,425,642,0,6
2024-01-15,SKU-10412,SUP-232,2013,395,1344,0,12
2024-01-15,SKU-10413,SUP-216,1743,778,999,0,11
2024-01-15,SKU-10414,SUP-208,228,336,907,907,9
2024-01-15,SKU-10415,SUP-222,1770,640,1751,0,6
2024-01-15,SKU-10416,SUP-204,2062,686,1047,0,13
2024-01-15,SKU-10417,SUP-215,1228,218,924,0,10
2024-01-15,SKU-10418,SUP-223,2507,747,1343,0,6
2024-01-15,SKU-10419,SUP-218,2267,265,1314,0,9
2024-01-15,SKU-10420,SUP-210,2154,267,734,0,13
2024-01-15,SKU-10421,SUP-228,778,208,1426,0,10
2024-01-15,SKU-10422,SUP-234,900,216,1062,0,6
2024-01-15,SKU-10423,SUP-245,888,437,1904,0,14
2024-01-15,SKU-10424,SUP-219,1667,513,1824,0,8
2024-01-15,SKU-10425,SUP-239,2193,763,1704,0,9
2024-01-15,SKU-10426,SUP-241,1762,742,601,0,8
2024-01-15,SKU-10427,SUP-233,451,778,1734,1734,11
2024-01-15,SKU-10428,SUP-200,436,481,1071,1071,8
2024-01-15,SKU-10429,SUP-242,1935,415,1613,0,12
2024-01-15,SKU-10430,SUP-235,2652,446,941,0,5
2024-01-15,SKU-10431,SUP-219,2489,201,660,0,14
2024-01-15,SKU-10432,SUP-242,2743,324,1436,0,7
2024-01-15,SKU-10433,SUP-206,1591,523,906,0,7
2024-01-15,SKU-10434,SUP-208,198,439,1736,1736,9
2024-01-15,SKU-10435,SUP-216,2547,302,1706,0,11
2024-01-15,SKU-10436,SUP-207,581,223,1200,0,7
2024-01-15,SKU-10437,SUP-206,1219,225,1149,0,13
2024-01-15,SKU-10438,SUP-247,927,210,1635,0,6
2024-01-15,SKU-10439,SUP-235,3284,558,1053,0,5
2024-01-15,SKU-10440,SUP-209,1844,555,1283,0,11
2024-01-15,SKU-10441,SUP-217,1241,640,855,0,9
2024-01-15,SKU-10442,SUP-218,3248,753,767,0,14
2024-01-15,SKU-10443,SUP-238,1460,641,1040,0,5
2024-01-15,SKU-10444,SUP-213,545,765,1377,1377,4
2024-01-15,SKU-10445,SUP-245,3250,421,1919,0,3
2024-01-15,SKU-10446,SUP-221,1050,497,1231,0,14
2024-01-15,SKU-10447,SUP-213,688,607,564,0,3
2024-01-15,SKU-10448,SUP-243,2447,436,1649,0,8
2024-01-15,SKU-10449,SUP-240,69,465,1260,1260,6
2024-01-15,SKU-10450,SUP-216,2636,587,877,0,6
2024-01-15,SKU-10451,SUP-232,3221,370,1675,0,7
2024-01-15,SKU-10452,SUP-231,926,421,1805,0,6
2024-01-15,SKU-10453,SUP-216,2745,603,719,0,10
2024-01-15,SKU-10454,SUP-203,2164,701,1575,0,7
2024-01-15,SKU-10455,SUP-205,2489,399,1875,0,11
2024-01-15,SKU-10456,SUP-240,1499,738,1768,0,6
2024-01-15,SKU-10457,SUP-227,1848,628,1561,0,5
2024-01-15,SKU-10458,SUP-217,322,270,1145,0,12
2024-01-15,SKU-10459,SUP-202,2836,406,1585,0,10
2024-01-15,SKU-10460,SUP-200,675,304,1762,0,5
2024-01-15,SKU-10461,SUP-221,1423,785,1146,0,12
2024-01-15,SKU-10462,SUP-249,760,278,564,0,6
2024-01-15,SKU-10463,SUP-208,2591,407,553,0,14
2024-01-15,SKU-10464,SUP-240,1021,637,1503,0,9
2024-01-15,SKU-10465,SUP-216,1667,723,1966,0,12
2024-01-15,SKU-10466,SUP-210,2823,797,1299,0,9
2024-01-15,SKU-10467,SUP-247,2649,521,1601,0,9
2024-01-15,SKU-10468,SUP-228,3257,270,1591,0,6
2024-01-15,SKU-10469,SUP-235,2750,649,1784,0,5
2024-01-15,SKU-10470,SUP-245,1408,353,829,0,4
2024-01-15,SKU-10471,SUP-227,2196,252,967,0,7
2024-01-15,SKU-10472,SUP-235,2842,651,1014,0,3
2024-01-15,SKU-10473,SUP-200,2785,439,1290,0,5
2024-01-15,SKU-10474,SUP-207,2982,660,804,0,12
2024-01-15,SKU-10475,SUP-204,281,239,686,0,5
2024-01-15,SKU-10476,SUP-244,3162,523,1442,0,13
2024-01-15,SKU-10477,SUP-209,3177,518,673,0,9
2024-01-15,SKU-10478,SUP-234,847,608,1846,0,6
2024-01-15,SKU-10479,SUP-202,1421,605,1038,0,10
2024-01-15,SKU-10480,SUP-223,2282,448,1192,0,3
2024-01-15,SKU-10481,SUP-237,1572,511,711,0,10
2024-01-15,SKU-10482,SUP-235,3262,380,1912,0,4
2024-01-15,SKU-10483,SUP-209,1358,667,1980,0,8
2024-01-15,SKU-10484,SUP-227,299,516,1500,1500,10
2024-01-15,SKU-10485,SUP-208,1050,468,969,0,14
2024-01-15,SKU-10486,SUP-202,3274,781,737,0,13
2024-01-15,SKU-10487,SUP-219,666,467,1486,0,10
2024-01-15,SKU-10488,SUP-223,859,389,1495,0,4
2024-01-15,SKU-10489,SUP-202,698,355,1172,0,3
2024-01-15,SKU-10490,SUP-222,1304,584,872,0,9
2024-01-15,SKU-10491,SUP-213,112,791,1231,1231,10
2024-01-15,SKU-10492,SUP-243,3099,363,1124,0,14
2024-01-15,SKU-10493,SUP-215,2542,567,1365,0,10
2024-01-15,SKU-10494,SUP-242,1156,319,1908,0,14
2024-01-15,SKU-10495,SUP-206,1467,202,899,0,6
2024-01-15,SKU-10496,SUP-222,267,388,519,519,5
2024-01-15,SKU-10497,SUP-249,2370,730,1154,0,9
2024-01-15,SKU-10498,SUP-235,1607,536,687,0,4
2024-01-15,SKU-10499,SUP-226,3143,614,1077,0,8
2024-01-16,SKU-10000,SUP-240,1189,708,1519,0,14
2024-01-16,SKU-10001,SUP-207,470,425,1435,0,7
2024-01-16,SKU-10002,SUP-201,2078,479,1439,0,14
2024-01-16,SKU-10003,SUP-247,152,789,972,972,14
2024-01-16,SKU-10004,SUP-217,1393,560,944,0,10
2024-01-16,SKU-10005,SUP-215,2840,576,1084,0,6
2024-01-16,SKU-10006,SUP-214,926,246,1446,0,12
2024-01-16,SKU-10007,SUP-208,2387,643,902,0,10
2024-01-16,SKU-10008,SUP-247,1204,438,782,0,12
2024-01-16,SKU-10009,SUP-206,2434,574,1185,0,6
2024-01-16,SKU-10010,SUP-243,2622,366,506,0,8
2024-01-16,SKU-10011,SUP-247,900,352,542,0,7
2024-01-16,SKU-10012,SUP-234,199,747,725,725,4
2024-01-16,SKU-10013,SUP-205,801,538,1858,0,7
2024-01-16,SKU-10014,SUP-237,2586,680,1621,0,13
2024-01-16,SKU-10015,SUP-227,1597,777,1939,0,6
2024-01-16,SKU-10016,SUP-202,1930,770,1553,0,13
2024-01-16,SKU-10017,SUP-201,2222,549,1429,0,11
2024-01-16,SKU-10018,SUP-205,351,518,1706,1706,7
2024-01-16,SKU-10019,SUP-213,2479,495,1546,0,12
2024-01-16,SKU-10020,SUP-214,156,669,1423,1423,13
2024-01-16,SKU-10021,SUP-232,381,753,1547,1547,5
2024-01-16,SKU-10022,SUP-238,1687,282,592,0,8
2024-01-16,SKU-10023,SUP-201,3000,772,1731,0,7
2024-01-16,SKU-10024,SUP-235,1739,569,1150,0,10
2024-01-16,SKU-10025,SUP-212,555,430,1377,0,10
2024-01-16,SKU-10026,SUP-245,1859,408,630,0,9
2024-01-16,SKU-10027,SUP-241,439,742,861,861,11
2024-01-16,SKU-10028,SUP-244,1274,472,854,0,6
2024-01-16,SKU-10029,SUP-234,3109,500,1108,0,14
2024-01-16,SKU-10030,SUP-226,1068,397,611,0,7
2024-01-16,SKU-10031,SUP-214,2793,536,1861,0,13
2024-01-16,SKU-10032,SUP-228,1495,421,1511,0,10
2024-01-16,SKU-10033,SUP-237,755,373,1742,0,10
2024-01-16,SKU-10034,SUP-217,2675,287,1601,0,11
2024-01-16,SKU-10035,SUP-200,1409,614,1527,0,8
2024-01-16,SKU-10036,SUP-248,188,546,1033,1033,3
2024-01-16,SKU-10037,SUP-210,2138,487,1417,0,9
2024-01-16,SKU-10038,SUP-244,1038,365,872,0,13
2024-01-16,SKU-10039,SUP-227,1138,532,711,0,3
2024-01-16,SKU-10040,SUP-221,2951,356,1555,0,13
2024-01-16,SKU-10041,SUP-217,363,220,1114,0,6
2024-01-16,SKU-10042,SUP-209,1165,654,1653,0,13
2024-01-16,SKU-10043,SUP-213,189,484,1299,1299,14
2024-01-16,SKU-10044,SUP-248,2521,559,1654,0,9
2024-01-16,SKU-10045,SUP-221,329,719,1377,1377,4
2024-01-16,SKU-10046,SUP-206,265,438,1065,1065,14
2024-01-16,SKU-10047,SUP-205,1389,269,1007,0,13
2024-01-16,SKU-10048,SUP-224,501,401,1153,0,5
2024-01-16,SKU-10049,SUP-206,2128,295,995,0,12
2024-01-16,SKU-10050,SUP-222,484,689,1562,1562,12
2024-01-16,SKU-10051,SUP-222,906,549,1144,0,13
2024-01-16,SKU-10052,SUP-238,483,308,1731,0,3
2024-01-16,SKU-10053,SUP-216,292,287,1922,0,4
2024-01-16,SKU-10054,SUP-202,2382,777,824,0,5
2024-01-16,SKU-10055,SUP-246,2190,297,595,0,10
2024-01-16,SKU-10056,SUP-229,2324,230,907,0,9
2024-01-16,SKU-10057,SUP-234,1544,688,1375,0,12
2024-01-16,SKU-10058,SUP-207,954,798,1466,0,11
2024-01-16,SKU-10059,SUP-224,2145,334,827,0,9
2024-01-16,SKU-10060,SUP-205,862,323,1253,0,5
2024-01-16,SKU-10061,SUP-235,1775,706,1070,0,11
2024-01-16,SKU-10062,SUP-218,1716,345,675,0,9
2024-01-16,SKU-10063,SUP-240,2749,685,1263,0,9
2024-01-16,SKU-10064,SUP-239,2002,372,1262,0,3
2024-01-16,SKU-10065,SUP-223,1192,409,1118,0,11
2024-01-16,SKU-10066,SUP-236,923,472,1055,0,9
2024-01-16,SKU-10067,SUP-212,722,515,714,0,12
2024-01-16,SKU-10068,SUP-245,156,553,780,780,4
2024-01-16,SKU-10069,SUP-204,961,678,889,0,14
2024-01-16,SKU-10070,SUP-202,392,367,854,0,14
2024-01-16,SKU-10071,SUP-242,2506,318,1749,0,3
2024-01-16,SKU-10072,SUP-214,248,473,1097,1097,4
2024-01-16,SKU-10073,SUP-249,1211,381,1059,0,6
2024-01-16,SKU-10074,SUP-218,2926,288,1667,0,6
2024-01-16,SKU-10075,SUP-205,2032,449,724,0,9
2024-01-16,SKU-10076,SUP-214,2167,372,796,0,10
2024-01-16,SKU-10077,SUP-206,2585,633,1998,0,6
2024-01-16,SKU-10078,SUP-224,2606,765,879,0,9
2024-01-16,SKU-10079,SUP-217,116,535,1268,1268,14
2024-01-16,SKU-10080,SUP-229,1555,718,1425,0,14
2024-01-16,SKU-10081,SUP-240,2623,781,1049,0,14
2024-01-16,SKU-10082,SUP-223,3180,762,872,0,5
2024-01-16,SKU-10083,SUP-210,2755,791,1881,0,8
2024-01-16,SKU-10084,SUP-223,1432,569,1464,0,11
2024-01-16,SKU-10085,SUP-222,2856,212,1000,0,12
2024-01-16,SKU-10086,SUP-213,2899,275,865,0,13
2024-01-16,SKU-10087,SUP-242,924,465,998,0,12
2024-01-16,SKU-10088,SUP-217,1629,331,1768,0,13
2024-01-16,SKU-10089,SUP-244,499,206,1611,0,8
2024-01-16,SKU-10090,SUP-243,1019,344,1974,0,13
2024-01-16,SKU-10091,SUP-241,3044,200,1643,0,5
2024-01-16,SKU-10092,SUP-204,522,661,1572,1572,5
2024-01-16,SKU-10093,SUP-238,1494,567,1810,0,10
2024-01-16,SKU-10094,SUP-240,3167,648,1586,0,10
2024-01-16,SKU-10095,SUP-210,1003,459,1407,0,10
2024-01-16,SKU-10096,SUP-234,2533,791,1932,0,12
2024-01-16,SKU-10097,SUP-246,2859,772,1231,0,11
2024-01-16,SKU-10098,SUP-215,1781,463,1239,0,12
2024-01-16,SKU-10099,SUP-210,1082,222,792,0,13
2024-01-16,SKU-10100,SUP-229,504,484,1836,0,4
2024-01-16,SKU-10101,SUP-224,640,680,1635,1635,4
2024-01-16,SKU-10102,SUP-217,2965,660,1451,0,4
2024-01-16,SKU-10103,SUP-240,2198,785,1471,0,3
2024-01-16,SKU-10104,SUP-244,3252,666,608,0,10
2024-01-16,SKU-10105,SUP-235,1936,413,1551,0,14
2024-01-16,SKU-10106,SUP-214,659,727,1866,1866,3
2024-01-16,SKU-10107,SUP-243,1387,788,1610,0,6
2024-01-16,SKU-10108,SUP-220,3105,514,994,0,12
2024-01-16,SKU-10109,SUP-249,2919,530,1717,0,12
2024-01-16,SKU-10110,SUP-249,2676,658,1613,0,8
2024-01-16,SKU-10111,SUP-203,1961,315,572,0,14
2024-01-16,SKU-10112,SUP-214,842,670,991,0,14
2024-01-16,SKU-10113,SUP-202,1976,496,1081,0,3
2024-01-16,SKU-10114,SUP-220,200,717,1971,1971,6
2024-01-16,SKU-10115,SUP-225,2274,543,1541,0,7
2024-01-16,SKU-10116,SUP-217,699,352,831,0,11
2024-01-16,SKU-10117,SUP-204,1817,209,1662,0,9
2024-01-16,SKU-10118,SUP-213,196,527,1332,1332,9
2024-01-16,SKU-10119,SUP-236,3024,518,535,0,8
2024-01-16,SKU-10120,SUP-245,330,534,1543,1543,12
2024-01-16,SKU-10121,SUP-220,1178,789,1291,0,12
2024-01-16,SKU-10122,SUP-213,2718,745,945,0,9
2024-01-16,SKU-10123,SUP-241,2198,254,1526,0,14
2024-01-16,SKU-10124,SUP-231,1098,695,1160,0,10
2024-01-16,SKU-10125,SUP-225,733,347,1730,0,10
2024-01-16,SKU-10126,SUP-241,2201,752,1705,0,14
2024-01-16,SKU-10127,SUP-229,1402,449,1095,0,13
2024-01-16,SKU-10128,SUP-209,1198,472,987,0,12
2024-01-16,SKU-10129,SUP-216,2313,737,1484,0,14
2024-01-16,SKU-10130,SUP-208,740,646,1420,0,13
2024-01-16,SKU-10131,SUP-215,1941,209,742,0,4
2024-01-16,SKU-10132,SUP-247,3287,509,1015,0,9
2024-01-16,SKU-10133,SUP-235,1197,352,539,0,12
2024-01-16,SKU-10134,SUP-234,2025,780,500,0,6
2024-01-16,SKU-10135,SUP-216,1568,700,1998,0,5
2024-01-16,SKU-10136,SUP-247,1385,706,985,0,9
2024-01-16,SKU-10137,SUP-237,2146,431,529,0,9
2024-01-16,SKU-10138,SUP-227,271,667,1999,1999,10
2024-01-16,SKU-10139,SUP-237,3143,596,624,0,10
2024-01-16,SKU-10140,SUP-225,2974,595,1612,0,5
2024-01-16,SKU-10141,SUP-223,613,720,1487,1487,9
2024-01-16,SKU-10142,SUP-214,3039,209,629,0,3
2024-01-16,SKU-10143,SUP-208,1365,636,1923,0,3
2024-01-16,SKU-10144,SUP-232,1711,417,557,0,3
2024-01-16,SKU-10145,SUP-231,763,607,1983,0,7
2024-01-16,SKU-10146,SUP-205,1840,298,1017,0,14
2024-01-16,SKU-10147,SUP-248,2186,226,618,0,5
2024-01-16,SKU-10148,SUP-203,2503,528,1629,0,8
2024-01-16,SKU-10149,SUP-207,358,462,1719,1719,11
2024-01-16,SKU-10150,SUP-209,2826,611,705,0,6
2024-01-16,SKU-10151,SUP-240,872,587,1393,0,6
2024-01-16,SKU-10152,SUP-210,1143,716,949,0,14
2024-01-16,SKU-10153,SUP-243,411,320,801,0,3
2024-01-16,SKU-10154,SUP-227,2250,433,565,0,8
2024-01-16,SKU-10155,SUP-238,1103,250,1158,0,11
2024-01-16,SKU-10156,SUP-204,497,372,992,0,9
2024-01-16,SKU-10157,SUP-224,2311,253,585,0,6
2024-01-16,SKU-10158,SUP-224,2705,414,924,0,3
2024-01-16,SKU-10159,SUP-238,3164,580,743,0,9
2024-01-16,SKU-10160,SUP-229,699,747,592,592,6
2024-01-16,SKU-10161,SUP-233,475,505,1484,1484,13
2024-01-16,SKU-10162,SUP-216,2239,542,1223,0,3
2024-01-16,SKU-10163,SUP-235,2121,766,849,0,8
2024-01-16,SKU-10164,SUP-200,381,214,652,0,6
2024-01-16,SKU-10165,SUP-243,1219,668,1844,0,6
2024-01-16,SKU-10166,SUP-246,442,685,1140,1140,13
2024-01-16,SKU-10167,SUP-207,717,505,591,0,12
2024-01-16,SKU-10168,SUP-243,1213,320,1573,0,13
2024-01-16,SKU-10169,SUP-234,2369,579,886,0,7
2024-01-16,SKU-10170,SUP-248,1571,653,870,0,10
2024-01-16,SKU-10171,SUP-217,909,421,1691,0,6
2024-01-16,SKU-10172,SUP-249,1248,366,641,0,12
2024-01-16,SKU-10173,SUP-241,335,415,1964,1964,13
2024-01-16,SKU-10174,SUP-221,1341,352,1260,0,4
2024-01-16,SKU-10175,SUP-207,2422,714,648,0,4
2024-01-16,SKU-10176,SUP-218,787,601,1854,0,5
2024-01-16,SKU-10177,SUP-227,2046,787,815,0,7
2024-01-16,SKU-10178,SUP-210,1750,649,1344,0,12
2024-01-16,SKU-10179,SUP-229,2864,370,893,0,12
2024-01-16,SKU-10180,SUP-200,532,225,1800,0,6
2024-01-16,SKU-10181,SUP-246,1637,229,1405,0,13
2024-01-16,SKU-10182,SUP-246,1084,386,639,0,13
2024-01-16,SKU-10183,SUP-216,474,399,1295,0,13
2024-01-16,SKU-10184,SUP-232,2952,743,1644,0,9
2024-01-16,SKU-10185,SUP-248,69,309,830,830,4
2024-01-16,SKU-10186,SUP-211,1532,634,949,0,11
2024-01-16,SKU-10187,SUP-232,2149,336,1218,0,13
2024-01-16,SKU-10188,SUP-206,2512,519,1240,0,8
2024-01-16,SKU-10189,SUP-240,1846,616,1381,0,9
2024-01-16,SKU-10190,SUP-219,2178,289,1258,0,11
2024-01-16,SKU-10191,SUP-240,1270,466,1462,0,10
2024-01-16,SKU-10192,SUP-232,2082,682,1551,0,8
2024-01-16,SKU-10193,SUP-238,463,734,1933,1933,5
2024-01-16,SKU-10194,SUP-212,368,305,1003,0,3
2024-01-16,SKU-10195,SUP-209,1723,261,1605,0,5
2024-01-16,SKU-10196,SUP-223,2751,397,876,0,4
2024-01-16,SKU-10197,SUP-248,3270,690,1802,0,6
2024-01-16,SKU-10198,SUP-210,954,345,1592,0,14
2024-01-16,SKU-10199,SUP-234,575,748,1107,1107,9
2024-01-16,SKU-10200,SUP-249,680,743,967,967,3
2024-01-16,SKU-10201,SUP-233,1370,298,1178,0,4
2024-01-16,SKU-10202,SUP-200,1964,774,1205,0,9
2024-01-16,SKU-10203,SUP-238,932,598,1899,0,12
2024-01-16,SKU-10204,SUP-220,453,796,1818,1818,13
2024-01-16,SKU-10205,SUP-231,2990,276,1572,0,14
2024-01-16,SKU-10206,SUP-201,1622,755,1517,0,3
2024-01-16,SKU-10207,SUP-207,634,311,1224,0,13
2024-01-16,SKU-10208,SUP-223,3205,265,1554,0,9
2024-01-16,SKU-10209,SUP-219,2077,518,1537,0,12
2024-01-16,SKU-10210,SUP-215,1099,441,852,0,10
2024-01-16,SKU-10211,SUP-203,652,641,1865,0,6
2024-01-16,SKU-10212,SUP-215,2159,244,1942,0,5
2024-01-16,SKU-10213,SUP-236,831,738,885,0,8
2024-01-16,SKU-10214,SUP-205,2257,559,1991,0,9
2024-01-16,SKU-10215,SUP-205,2256,565,752,0,3
2024-01-16,SKU-10216,SUP-246,3067,637,811,0,7
2024-01-16,SKU-10217,SUP-231,2576,795,1715,0,9
2024-01-16,SKU-10218,SUP-204,2968,274,1422,0,12
2024-01-16,SKU-10219,SUP-248,3045,289,536,0,8
2024-01-16,SKU-10220,SUP-234,1162,771,1083,0,5
2024-01-16,SKU-10221,SUP-249,2415,378,1039,0,6
2024-01-16,SKU-10222,SUP-208,2004,643,1559,0,11
2024-01-16,SKU-10223,SUP-208,3175,546,1296,0,7
2024-01-16,SKU-10224,SUP-242,823,652,1330,0,8
2024-01-16,SKU-10225,SUP-230,1048,568,1560,0,10
2024-01-16,SKU-10226,SUP-235,391,445,750,750,7
2024-01-16,SKU-10227,SUP-210,902,671,621,0,8
2024-01-16,SKU-10228,SUP-216,855,338,586,0,4
2024-01-16,SKU-10229,SUP-233,2583,559,1953,0,3
2024-01-16,SKU-10230,SUP-238,2913,624,1898,0,7
2024-01-16,SKU-10231,SUP-227,2093,426,1562,0,9
2024-01-16,SKU-10232,SUP-213,1480,233,1486,0,14
2024-01-16,SKU-10233,SUP-234,2260,398,1059,0,5
2024-01-16,SKU-10234,SUP-248,3093,336,1415,0,10
2024-01-16,SKU-10235,SUP-246,2809,437,1807,0,3
2024-01-16,SKU-10236,SUP-244,2832,334,581,0,5
2024-01-16,SKU-10237,SUP-212,3073,387,992,0,9
2024-01-16,SKU-10238,SUP-245,2613,624,1938,0,9
2024-01-16,SKU-10239,SUP-219,1889,680,679,0,9
2024-01-16,SKU-10240,SUP-225,978,338,1286,0,8
2024-01-16,SKU-10241,SUP-242,2892,228,517,0,7
2024-01-16,SKU-10242,SUP-241,859,219,1849,0,6
2024-01-16,SKU-10243,SUP-223,568,749,875,875,11
2024-01-16,SKU-10244,SUP-228,1525,420,1549,0,11
2024-01-16,SKU-10245,SUP-233,3161,330,529,0,5
2024-01-16,SKU-10246,SUP-228,24,629,1670,1670,12
2024-01-16,SKU-10247,SUP-207,2426,540,550,0,12
2024-01-16,SKU-10248,SUP-215,3118,701,1029,0,11
2024-01-16,SKU-10249,SUP-214,3083,618,693,0,10
2024-01-16,SKU-10250,SUP-204,1174,528,975,0,10
2024-01-16,SKU-10251,SUP-221,2517,716,520,0,7
2024-01-16,SKU-10252,SUP-201,1380,405,1130,0,5
2024-01-16,SKU-10253,SUP-237,2702,489,1056,0,11
2024-01-16,SKU-10254,SUP-235,318,614,1920,1920,7
2024-01-16,SKU-10255,SUP-214,972,366,1541,0,13
2024-01-16,SKU-10256,SUP-237,3003,495,913,0,12
2024-01-16,SKU-10257,SUP-214,1564,380,1819,0,14
2024-01-16,SKU-10258,SUP-200,1368,499,1154,0,9
2024-01-16,SKU-10259,SUP-204,2503,289,638,0,13
2024-01-16,SKU-10260,SUP-245,2224,612,1359,0,8
2024-01-16,SKU-10261,SUP-240,1425,237,1517,0,11
2024-01-16,SKU-10262,SUP-203,2074,423,1691,0,13
2024-01-16,SKU-10263,SUP-214,1649,710,1308,0,5
2024-01-16,SKU-10264,SUP-204,1046,569,1496,0,5
2024-01-16,SKU-10265,SUP-202,2517,421,942,0,11
2024-01-16,SKU-10266,SUP-221,497,418,1457,0,10
2024-01-16,SKU-10267,SUP-204,950,685,834,0,8
2024-01-16,SKU-10268,SUP-232,506,274,848,0,14
2024-01-16,SKU-10269,SUP-215,499,356,1346,0,3
2024-01-16,SKU-10270,SUP-217,940,646,676,0,13
2024-01-16,SKU-10271,SUP-242,155,672,1041,1041,4
2024-01-16,SKU-10272,SUP-231,2123,446,1129,0,8
2024-01-16,SKU-10273,SUP-213,114,351,1330,1330,13
2024-01-16,SKU-10274,SUP-234,2485,630,956,0,7
2024-01-16,SKU-10275,SUP-208,2315,534,1159,0,11
2024-01-16,SKU-10276,SUP-246,244,767,908,908,11
2024-01-16,SKU-10277,SUP-236,1491,276,1432,0,14
2024-01-16,SKU-10278,SUP-236,2866,211,668,0,12
2024-01-16,SKU-10279,SUP-230,498,626,1455,1455,6
2024-01-16,SKU-10280,SUP-215,689,675,702,0,10
2024-01-16,SKU-10281,SUP-230,816,215,1901,0,12
2024-01-16,SKU-10282,SUP-226,1134,461,719,0,10
2024-01-16,SKU-10283,SUP-212,2880,586,1141,0,8
2024-01-16,SKU-10284,SUP-206,268,333,1701,1701,14
2024-01-16,SKU-10285,SUP-206,1806,738,936,0,5
2024-01-16,SKU-10286,SUP-242,2214,480,1567,0,9
2024-01-16,SKU-10287,SUP-227,390,468,1816,1816,4
2024-01-16,SKU-10288,SUP-222,1623,277,688,0,8
2024-01-16,SKU-10289,SUP-227,1484,293,835,0,6
2024-01-16,SKU-10290,SUP-226,1027,766,571,0,12
2024-01-16,SKU-10291,SUP-229,432,220,1524,0,8
2024-01-16,SKU-10292,SUP-246,1242,597,587,0,4
2024-01-16,SKU-10293,SUP-203,2341,409,1323,0,7
2024-01-16,SKU-10294,SUP-243,3063,592,809,0,5
2024-01-16,SKU-10295,SUP-241,651,240,1171,0,6
2024-01-16,SKU-10296,SUP-241,1581,645,803,0,13
2024-01-16,SKU-10297,SUP-206,833,353,1115,0,13
2024-01-16,SKU-10298,SUP-203,2382,224,1095,0,12
2024-01-16,SKU-10299,SUP-225,1972,307,1853,0,6
2024-01-16,SKU-10300,SUP-246,957,367,722,0,7
2024-01-16,SKU-10301,SUP-221,394,725,1120,1120,4
2024-01-16,SKU-10302,SUP-206,1418,510,735,0,10
2024-01-16,SKU-10303,SUP-215,3160,538,1290,0,9
2024-01-16,SKU-10304,SUP-212,2475,241,592,0,9
2024-01-16,SKU-10305,SUP-212,2784,534,1922,0,14
2024-01-16,SKU-10306,SUP-234,174,732,1700,1700,9
2024-01-16,SKU-10307,SUP-228,1568,719,1793,0,6
2024-01-16,SKU-10308,SUP-208,3271,252,1756,0,8
2024-01-16,SKU-10309,SUP-227,3153,243,1102,0,6
2024-01-16,SKU-10310,SUP-211,1705,774,591,0,9
2024-01-16,SKU-10311,SUP-217,839,493,1199,0,6
2024-01-16,SKU-10312,SUP-229,1129,304,723,0,5
2024-01-16,SKU-10313,SUP-215,1081,434,1797,0,13
2024-01-16,SKU-10314,SUP-204,3177,587,1394,0,3
2024-01-16,SKU-10315,SUP-228,3277,604,832,0,8
2024-01-16,SKU-10316,SUP-235,2540,365,1084,0,3
2024-01-16,SKU-10317,SUP-206,1734,792,1226,0,6
2024-01-16,SKU-10318,SUP-203,1616,646,1926,0,3
2024-01-16,SKU-10319,SUP-241,2700,702,787,0,3
2024-01-16,SKU-10320,SUP-234,89,770,1473,1473,12
2024-01-16,SKU-10321,SUP-200,722,468,1235,0,9
2024-01-16,SKU-10322,SUP-205,500,795,1365,1365,3
2024-01-16,SKU-10323,SUP-248,1219,746,1934,0,6
2024-01-16,SKU-10324,SUP-215,918,785,1373,0,10
2024-01-16,SKU-10325,SUP-210,37,641,1410,1410,13
2024-01-16,SKU-10326,SUP-226,2642,603,713,0,9
2024-01-16,SKU-10327,SUP-231,3224,331,508,0,9
2024-01-16,SKU-10328,SUP-230,224,483,971,971,3
2024-01-16,SKU-10329,SUP-213,1197,711,842,0,13
2024-01-16,SKU-10330,SUP-225,1933,233,970,0,12
2024-01-16,SKU-10331,SUP-203,930,521,1638,0,8
2024-01-16,SKU-10332,SUP-210,2510,377,859,0,7
2024-01-16,SKU-10333,SUP-224,3179,541,1226,0,10
2024-01-16,SKU-10334,SUP-200,1674,529,1242,0,11
2024-01-16,SKU-10335,SUP-224,3025,593,1086,0,10
2024-01-16,SKU-10336,SUP-216,2630,657,733,0,7
2024-01-16,SKU-10337,SUP-229,2177,346,1073,0,13
2024-01-16,SKU-10338,SUP-218,28,589,1378,1378,5
2024-01-16,SKU-10339,SUP-227,2728,210,1083,0,13
2024-01-16,SKU-10340,SUP-244,3168,719,1738,0,5
2024-01-16,SKU-10341,SUP-246,722,433,760,0,7
2024-01-16,SKU-10342,SUP-235,3108,277,1241,0,14
2024-01-16,SKU-10343,SUP-242,1959,637,562,0,9
2024-01-16,SKU-10344,SUP-245,220,453,1506,1506,13
2024-01-16,SKU-10345,SUP-231,2128,578,1850,0,9
2024-01-16,SKU-10346,SUP-209,1595,455,1320,0,10
2024-01-16,SKU-10347,SUP-212,2668,712,1337,0,12
2024-01-16,SKU-10348,SUP-218,71,474,1208,1208,8
2024-01-16,SKU-10349,SUP-213,1415,278,742,0,9
2024-01-16,SKU-10350,SUP-203,535,532,1102,0,8
2024-01-16,SKU-10351,SUP-237,2569,404,1031,0,6
2024-01-16,SKU-10352,SUP-247,1961,656,726,0,13
2024-01-16,SKU-10353,SUP-234,2428,322,970,0,3
2024-01-16,SKU-10354,SUP-203,1478,711,1285,0,3
2024-01-16,SKU-10355,SUP-247,1708,782,1945,0,10
2024-01-16,SKU-10356,SUP-220,783,544,1550,0,11
2024-01-16,SKU-10357,SUP-203,3230,784,1732,0,5
2024-01-16,SKU-10358,SUP-203,1076,744,1224,0,3
2024-01-16,SKU-10359,SUP-237,3025,509,1523,0,5
2024-01-16,SKU-10360,SUP-230,2461,637,894,0,4
2024-01-16,SKU-10361,SUP-232,2388,521,682,0,13
2024-01-16,SKU-10362,SUP-233,3078,528,1888,0,13
2024-01-16,SKU-10363,SUP-210,2416,554,695,0,5
2024-01-16,SKU-10364,SUP-203,2165,520,1970,0,11
2024-01-16,SKU-10365,SUP-232,239,376,1126,1126,4
2024-01-16,SKU-10366,SUP-205,863,442,569,0,9
2024-01-16,SKU-10367,SUP-211,1216,357,1048,0,8
2024-01-16,SKU-10368,SUP-204,1219,615,1070,0,8
2024-01-16,SKU-10369,SUP-238,562,406,1884,0,6
2024-01-16,SKU-10370,SUP-204,3036,469,1756,0,12
2024-01-16,SKU-10371,SUP-243,829,694,759,0,7
2024-01-16,SKU-10372,SUP-215,333,301,1036,0,6
2024-01-16,SKU-10373,SUP-225,1725,414,1906,0,14
2024-01-16,SKU-10374,SUP-207,1924,764,1346,0,4
2024-01-16,SKU-10375,SUP-236,795,229,1597,0,14
2024-01-16,SKU-10376,SUP-215,1124,283,1484,0,11
2024-01-16,SKU-10377,SUP-237,1446,284,1777,0,10
2024-01-16,SKU-10378,SUP-238,2164,651,1830,0,10
2024-01-16,SKU-10379,SUP-202,249,540,726,726,7
2024-01-16,SKU-10380,SUP-239,2636,331,1326,0,5
2024-01-16,SKU-10381,SUP-205,2070,236,1961,0,3
2024-01-16,SKU-10382,SUP-226,127,218,901,901,14
2024-01-16,SKU-10383,SUP-242,149,420,644,644,12
2024-01-16,SKU-10384,SUP-237,552,204,887,0,10
2024-01-16,SKU-10385,SUP-236,1966,759,1686,0,14
2024-01-16,SKU-10386,SUP-233,1990,616,520,0,8
2024-01-16,SKU-10387,SUP-220,591,529,877,0,5
2024-01-16,SKU-10388,SUP-216,223,553,1763,1763,10
2024-01-16,SKU-10389,SUP-213,2846,551,1724,0,9
2024-01-16,SKU-10390,SUP-242,2421,368,1365,0,9
2024-01-16,SKU-10391,SUP-245,2080,297,1900,0,14
2024-01-16,SKU-10392,SUP-220,463,331,709,0,7
2024-01-16,SKU-10393,SUP-215,395,253,1721,0,11
2024-01-16,SKU-10394,SUP-216,2034,519,1000,0,12
2024-01-16,SKU-10395,SUP-225,7,793,1703,1703,8
2024-01-16,SKU-10396,SUP-208,146,698,1714,1714,5
2024-01-16,SKU-10397,SUP-242,3241,731,1417,0,11
2024-01-16,SKU-10398,SUP-241,2850,556,1060,0,7
2024-01-16,SKU-10399,SUP-219,35,366,1466,1466,3
2024-01-16,SKU-10400,SUP-229,1906,462,1954,0,6
2024-01-16,SKU-10401,SUP-220,2516,246,1252,0,7
2024-01-16,SKU-10402,SUP-248,226,515,1261,1261,13
2024-01-16,SKU-10403,SUP-204,312,277,1233,0,12
2024-01-16,SKU-10404,SUP-200,2300,228,1658,0,3
2024-01-16,SKU-10405,SUP-229,468,675,791,791,9
2024-01-16,SKU-10406,SUP-239,575,383,977,0,10
2024-01-16,SKU-10407,SUP-236,2856,591,1323,0,6
2024-01-16,SKU-10408,SUP-206,1930,220,846,0,12
2024-01-16,SKU-10409,SUP-204,166,538,1214,1214,6
2024-01-16,SKU-10410,SUP-234,1415,697,1400,0,4
2024-01-16,SKU-10411,SUP-213,2593,577,1723,0,10
2024-01-16,SKU-10412,SUP-232,1062,201,1644,0,9
2024-01-16,SKU-10413,SUP-216,215,505,1381,1381,13
2024-01-16,SKU-10414,SUP-208,1616,270,532,0,12
2024-01-16,SKU-10415,SUP-222,3135,358,1294,0,8
2024-01-16,SKU-10416,SUP-204,1740,461,1145,0,10
2024-01-16,SKU-10417,SUP-215,661,730,515,515,11
2024-01-16,SKU-10418,SUP-223,928,247,1159,0,7
2024-01-16,SKU-10419,SUP-218,1676,313,795,0,12
2024-01-16,SKU-10420,SUP-210,582,361,1003,0,6
2024-01-16,SKU-10421,SUP-228,2917,570,771,0,5
2024-01-16,SKU-10422,SUP-234,2307,403,1294,0,11
2024-01-16,SKU-10423,SUP-245,559,591,1866,1866,7
2024-01-16,SKU-10424,SUP-219,3052,414,1068,0,7
2024-01-16,SKU-10425,SUP-239,887,526,536,0,12
2024-01-16,SKU-10426,SUP-241,2792,711,1847,0,3
2024-01-16,SKU-10427,SUP-233,2599,299,1598,0,6
2024-01-16,SKU-10428,SUP-200,3070,262,598,0,11
2024-01-16,SKU-10429,SUP-242,163,383,1816,1816,11
2024-01-16,SKU-10430,SUP-235,1413,668,639,0,9
2024-01-16,SKU-10431,SUP-219,2222,752,1931,0,12
2024-01-16,SKU-10432,SUP-242,1642,499,925,0,5
2024-01-16,SKU-10433,SUP-206,2453,456,1240,0,8
2024-01-16,SKU-10434,SUP-208,2928,299,1236,0,8
2024-01-16,SKU-10435,SUP-216,3021,289,563,0,10
2024-01-16,SKU-10436,SUP-207,1213,755,752,0,13
2024-01-16,SKU-10437,SUP-206,541,608,620,620,10
2024-01-16,SKU-10438,SUP-247,1346,799,690,0,11
2024-01-16,SKU-10439,SUP-235,1924,477,1971,0,13
2024-01-16,SKU-10440,SUP-209,1107,604,895,0,13
2024-01-16,SKU-10441,SUP-217,3050,469,1044,0,8
2024-01-16,SKU-10442,SUP-218,1021,597,1739,0,3
2024-01-16,SKU-10443,SUP-238,3179,692,1450,0,12
2024-01-16,SKU-10444,SUP-213,2464,675,951,0,14
2024-01-16,SKU-10445,SUP-245,2783,758,1469,0,11
2024-01-16,SKU-10446,SUP-221,2625,523,663,0,11
2024-01-16,SKU-10447,SUP-213,192,628,647,647,9
2024-01-16,SKU-10448,SUP-243,1552,336,1892,0,12
2024-01-16,SKU-10449,SUP-240,695,647,724,0,4
2024-01-16,SKU-10450,SUP-216,2858,227,625,0,3
2024-01-16,SKU-10451,SUP-232,2837,337,1493,0,3
2024-01-16,SKU-10452,SUP-231,913,490,1443,0,12
2024-01-16,SKU-10453,SUP-216,2792,748,1819,0,8
2024-01-16,SKU-10454,SUP-203,2759,357,1598,0,6
2024-01-16,SKU-10455,SUP-205,3020,305,866,0,4
2024-01-16,SKU-10456,SUP-240,2045,302,1286,0,7
2024-01-16,SKU-10457,SUP-227,437,232,1631,0,8
2024-01-16,SKU-10458,SUP-217,1476,380,1675,0,3
2024-01-16,SKU-10459,SUP-202,2345,231,1426,0,14
2024-01-16,SKU-10460,SUP-200,2479,214,1574,0,13
2024-01-16,SKU-10461,SUP-221,605,417,1564,0,10
2024-01-16,SKU-10462,SUP-249,1982,535,604,0,13
2024-01-16,SKU-10463,SUP-208,133,423,879,879,12
2024-01-16,SKU-10464,SUP-240,2485,563,1318,0,11
2024-01-16,SKU-10465,SUP-216,1235,323,1978,0,10
2024-01-16,SKU-10466,SUP-210,2375,386,1580,0,5
2024-01-16,SKU-10467,SUP-247,3107,737,1435,0,5
2024-01-16,SKU-10468,SUP-228,2361,305,1914,0,5
2024-01-16,SKU-10469,SUP-235,1570,419,1473,0,7
2024-01-16,SKU-10470,SUP-245,2136,559,612,0,9
2024-01-16,SKU-10471,SUP-227,1556,528,1276,0,13
2024-01-16,SKU-10472,SUP-235,143,795,1753,1753,11
2024-01-16,SKU-10473,SUP-200,296,472,697,697,14
2024-01-16,SKU-10474,SUP-207,1212,333,1539,0,9
2024-01-16,SKU-10475,SUP-204,997,559,1899,0,10
2024-01-16,SKU-10476,SUP-244,1040,495,697,0,12
2024-01-16,SKU-10477,SUP-209,2762,441,928,0,5
2024-01-16,SKU-10478,SUP-234,2378,517,1735,0,3
2024-01-16,SKU-10479,SUP-202,1843,580,1664,0,6
2024-01-16,SKU-10480,SUP-223,2225,702,726,0,9
2024-01-16,SKU-10481,SUP-237,1554,286,1285,0,6
2024-01-16,SKU-10482,SUP-235,1001,578,884,0,3
2024-01-16,SKU-10483,SUP-209,2615,490,1176,0,14
2024-01-16,SKU-10484,SUP-227,1491,288,1791,0,8
2024-01-16,SKU-10485,SUP-208,1014,505,1114,0,12
2024-01-16,SKU-10486,SUP-202,1184,670,1616,0,10
2024-01-16,SKU-10487,SUP-219,2606,735,875,0,12
2024-01-16,SKU-10488,SUP-223,2829,341,1575,0,8
2024-01-16,SKU-10489,SUP-202,2570,492,877,0,9
2024-01-16,SKU-10490,SUP-222,425,724,1327,1327,12
2024-01-16,SKU-10491,SUP-213,2790,635,821,0,12
2024-01-16,SKU-10492,SUP-243,1955,228,1849,0,4
2024-01-16,SKU-10493,SUP-215,792,386,554,0,4
2024-01-16,SKU-10494,SUP-242,1644,216,587,0,12
2024-01-16,SKU-10495,SUP-206,3133,429,1677,0,3
2024-01-16,SKU-10496,SUP-222,1193,651,1829,0,13
2024-01-16,SKU-10497,SUP-249,2459,450,902,0,8
2024-01-16,SKU-10498,SUP-235,2567,567,819,0,9
2024-01-16,SKU-10499,SUP-226,1683,342,1746,0,6
2024-01-17,SKU-10000,SUP-240,551,664,764,764,9
2024-01-17,SKU-10001,SUP-207,2174,656,607,0,14
2024-01-17,SKU-10002,SUP-201,792,208,1890,0,10
2024-01-17,SKU-10003,SUP-247,1357,203,912,0,9
2024-01-17,SKU-10004,SUP-217,618,257,1663,0,14
2024-01-17,SKU-10005,SUP-215,357,397,1078,1078,9
2024-01-17,SKU-10006,SUP-214,1321,205,1620,0,10
2024-01-17,SKU-10007,SUP-208,446,749,1307,1307,10
2024-01-17,SKU-10008,SUP-247,2902,415,520,0,5
2024-01-17,SKU-10009,SUP-206,2528,387,1674,0,3
2024-01-17,SKU-10010,SUP-243,2419,753,1459,0,4
2024-01-17,SKU-10011,SUP-247,705,569,519,0,11
2024-01-17,SKU-10012,SUP-234,875,402,517,0,14
2024-01-17,SKU-10013,SUP-205,2589,481,1999,0,10
2024-01-17,SKU-10014,SUP-237,290,661,1130,1130,10
2024-01-17,SKU-10015,SUP-227,421,481,889,889,3
2024-01-17,SKU-10016,SUP-202,2110,718,772,0,14
2024-01-17,SKU-10017,SUP-201,2020,573,1317,0,8
2024-01-17,SKU-10018,SUP-205,1594,697,1579,0,9
2024-01-17,SKU-10019,SUP-213,974,640,1564,0,12
2024-01-17,SKU-10020,SUP-214,2567,702,638,0,12
2024-01-17,SKU-10021,SUP-232,2859,432,1839,0,8
2024-01-17,SKU-10022,SUP-238,1368,632,984,0,11
2024-01-17,SKU-10023,SUP-201,1173,333,1154,0,5
2024-01-17,SKU-10024,SUP-235,2926,513,930,0,12
2024-01-17,SKU-10025,SUP-212,2124,518,616,0,11
2024-01-17,SKU-10026,SUP-245,267,661,1443,1443,14
2024-01-17,SKU-10027,SUP-241,1818,405,1854,0,10
2024-01-17,SKU-10028,SUP-244,963,548,1683,0,3
2024-01-17,SKU-10029,SUP-234,1401,593,1919,0,3
2024-01-17,SKU-10030,SUP-226,1028,409,1267,0,11
2024-01-17,SKU-10031,SUP-214,322,559,1758,1758,10
2024-01-17,SKU-10032,SUP-228,1602,308,1356,0,14
2024-01-17,SKU-10033,SUP-237,974,589,619,0,10
2024-01-17,SKU-10034,SUP-217,1850,529,1749,0,9
2024-01-17,SKU-10035,SUP-200,2943,763,679,0,4
2024-01-17,SKU-10036,SUP-248,222,307,1649,1649,7
2024-01-17,SKU-10037,SUP-210,2065,637,1799,0,8
2024-01-17,SKU-10038,SUP-244,1411,547,645,0,14
2024-01-17,SKU-10039,SUP-227,2072,494,1030,0,9
2024-01-17,SKU-10040,SUP-221,2439,601,1754,0,5
2024-01-17,SKU-10041,SUP-217,2284,361,715,0,4
2024-01-17,SKU-10042,SUP-209,3146,370,751,0,11
2024-01-17,SKU-10043,SUP-213,222,477,784,784,11
2024-01-17,SKU-10044,SUP-248,2183,267,1627,0,3
2024-01-17,SKU-10045,SUP-221,1353,495,1667,0,13
2024-01-17,SKU-10046,SUP-206,3106,450,1211,0,9
2024-01-17,SKU-10047,SUP-205,2420,201,1568,0,13
2024-01-17,SKU-10048,SUP-224,22,648,1658,1658,5
2024-01-17,SKU-10049,SUP-206,2611,319,1697,0,9
2024-01-17,SKU-10050,SUP-222,2717,540,1196,0,5
2024-01-17,SKU-10051,SUP-222,3005,774,775,0,11
2024-01-17,SKU-10052,SUP-238,2323,443,820,0,5
2024-01-17,SKU-10053,SUP-216,2698,280,1816,0,8
2024-01-17,SKU-10054,SUP-202,1714,757,1583,0,14
2024-01-17,SKU-10055,SUP-246,336,261,1444,0,4
2024-01-17,SKU-10056,SUP-229,3148,252,901,0,5
2024-01-17,SKU-10057,SUP-234,741,648,1606,0,13
2024-01-17,SKU-10058,SUP-207,3027,280,1230,0,4
2024-01-17,SKU-10059,SUP-224,3130,524,1579,0,11
2024-01-17,SKU-10060,SUP-205,2673,302,938,0,3
2024-01-17,SKU-10061,SUP-235,876,613,1747,0,11
2024-01-17,SKU-10062,SUP-218,1504,433,988,0,12
2024-01-17,SKU-10063,SUP-240,1563,613,739,0,12
2024-01-17,SKU-10064,SUP-239,1609,786,1449,0,6
2024-01-17,SKU-10065,SUP-223,2088,598,959,0,13
2024-01-17,SKU-10066,SUP-236,1964,262,599,0,4
2024-01-17,SKU-10067,SUP-212,3119,361,1428,0,4
2024-01-17,SKU-10068,SUP-245,1629,527,1263,0,12
2024-01-17,SKU-10069,SUP-204,2512,290,1551,0,13
2024-01-17,SKU-10070,SUP-202,2943,584,719,0,13
2024-01-17,SKU-10071,SUP-242,2501,245,1803,0,5
2024-01-17,SKU-10072,SUP-214,454,479,1545,1545,12
2024-01-17,SKU-10073,SUP-249,37,257,1787,1787,12
2024-01-17,SKU-10074,SUP-218,1643,368,1985,0,9
2024-01-17,SKU-10075,SUP-205,608,439,782,0,3
2024-01-17,SKU-10076,SUP-214,1785,526,955,0,8
2024-01-17,SKU-10077,SUP-206,1928,224,1896,0,3
2024-01-17,SKU-10078,SUP-224,1068,479,1268,0,14
2024-01-17,SKU-10079,SUP-217,1934,397,1053,0,14
2024-01-17,SKU-10080,SUP-229,1784,779,569,0,11
2024-01-17,SKU-10081,SUP-240,93,596,1932,1932,8
2024-01-17,SKU-10082,SUP-223,3150,310,708,0,8
2024-01-17,SKU-10083,SUP-210,1338,210,1775,0,10
2024-01-17,SKU-10084,SUP-223,1337,453,628,0,4
2024-01-17,SKU-10085,SUP-222,174,768,1749,1749,8
2024-01-17,SKU-10086,SUP-213,2060,546,1197,0,9
2024-01-17,SKU-10087,SUP-242,479,577,1207,1207,3
2024-01-17,SKU-10088,SUP-217,805,539,1664,0,7
2024-01-17,SKU-10089,SUP-244,1333,570,1881,0,3
2024-01-17,SKU-10090,SUP-243,1946,648,1940,0,10
2024-01-17,SKU-10091,SUP-241,1558,510,1852,0,7
2024-01-17,SKU-10092,SUP-204,414,319,1504,0,8
2024-01-17,SKU-10093,SUP-238,512,386,919,0,7
2024-01-17,SKU-10094,SUP-240,1608,386,970,0,13
2024-01-17,SKU-10095,SUP-210,1582,529,1648,0,14
2024-01-17,SKU-10096,SUP-234,1080,674,1325,0,4
2024-01-17,SKU-10097,SUP-246,392,664,1899,1899,6
2024-01-17,SKU-10098,SUP-215,94,494,857,857,3
2024-01-17,SKU-10099,SUP-210,3160,739,1421,0,10
2024-01-17,SKU-10100,SUP-229,3179,278,1179,0,9
2024-01-17,SKU-10101,SUP-224,1423,459,1275,0,6
2024-01-17,SKU-10102,SUP-217,0,357,1367,1367,14
2024-01-17,SKU-10103,SUP-240,1316,338,1173,0,9
2024-01-17,SKU-10104,SUP-244,2308,632,543,0,5
2024-01-17,SKU-10105,SUP-235,180,438,974,974,14
2024-01-17,SKU-10106,SUP-214,2806,208,1912,0,9
2024-01-17,SKU-10107,SUP-243,1391,351,909,0,12
2024-01-17,SKU-10108,SUP-220,657,467,1513,0,8
2024-01-17,SKU-10109,SUP-249,2980,396,897,0,11
2024-01-17,SKU-10110,SUP-249,1500,258,793,0,6
2024-01-17,SKU-10111,SUP-203,1037,309,606,0,7
2024-01-17,SKU-10112,SUP-214,2574,294,1484,0,14
2024-01-17,SKU-10113,SUP-202,2337,256,1419,0,5
2024-01-17,SKU-10114,SUP-220,896,567,1208,0,6
2024-01-17,SKU-10115,SUP-225,2599,786,1918,0,13
2024-01-17,SKU-10116,SUP-217,384,610,902,902,8
2024-01-17,SKU-10117,SUP-204,430,344,549,0,10
2024-01-17,SKU-10118,SUP-213,2594,725,1536,0,10
2024-01-17,SKU-10119,SUP-236,3086,371,1882,0,12
2024-01-17,SKU-10120,SUP-245,2523,249,1772,0,12
2024-01-17,SKU-10121,SUP-220,267,412,1504,1504,12
2024-01-17,SKU-10122,SUP-213,472,283,1418,0,7
2024-01-17,SKU-10123,SUP-241,929,420,675,0,10
2024-01-17,SKU-10124,SUP-231,1545,593,823,0,7
2024-01-17,SKU-10125,SUP-225,1055,311,1127,0,7
2024-01-17,SKU-10126,SUP-241,3100,283,1211,0,13
2024-01-17,SKU-10127,SUP-229,846,624,1544,0,10
2024-01-17,SKU-10128,SUP-209,3181,572,507,0,14
2024-01-17,SKU-10129,SUP-216,1943,292,1908,0,12
2024-01-17,SKU-10130,SUP-208,2246,529,1822,0,12
2024-01-17,SKU-10131,SUP-215,1102,268,1340,0,13
2024-01-17,SKU-10132,SUP-247,2083,536,926,0,3
2024-01-17,SKU-10133,SUP-235,210,622,572,572,4
2024-01-17,SKU-10134,SUP-234,3214,473,1756,0,11
2024-01-17,SKU-10135,SUP-216,2606,469,938,0,12
2024-01-17,SKU-10136,SUP-247,1635,227,769,0,5
2024-01-17,SKU-10137,SUP-237,2149,445,909,0,4
2024-01-17,SKU-10138,SUP-227,1648,422,859,0,8
2024-01-17,SKU-10139,SUP-237,1117,372,533,0,8
2024-01-17,SKU-10140,SUP-225,143,734,513,513,4
2024-01-17,SKU-10141,SUP-223,389,252,962,0,13
2024-01-17,SKU-10142,SUP-214,3087,523,942,0,13
2024-01-17,SKU-10143,SUP-208,2472,397,1973,0,12
2024-01-17,SKU-10144,SUP-232,2719,514,907,0,3
2024-01-17,SKU-10145,SUP-231,2303,562,1397,0,14
2024-01-17,SKU-10146,SUP-205,2269,708,1012,0,8
2024-01-17,SKU-10147,SUP-248,785,670,783,0,6
2024-01-17,SKU-10148,SUP-203,1684,226,1354,0,3
2024-01-17,SKU-10149,SUP-207,1524,294,1077,0,3
2024-01-17,SKU-10150,SUP-209,2831,622,819,0,12
2024-01-17,SKU-10151,SUP-240,318,240,1237,0,7
2024-01-17,SKU-10152,SUP-210,1461,435,625,0,12
2024-01-17,SKU-10153,SUP-243,871,593,1327,0,4
2024-01-17,SKU-10154,SUP-227,2151,724,1751,0,11
2024-01-17,SKU-10155,SUP-238,126,368,1648,1648,14
2024-01-17,SKU-10156,SUP-204,1112,304,1117,0,11
2024-01-17,SKU-10157,SUP-224,1928,429,563,0,10
2024-01-17,SKU-10158,SUP-224,1807,291,1460,0,14
2024-01-17,SKU-10159,SUP-238,231,446,1463,1463,11
2024-01-17,SKU-10160,SUP-229,1148,244,1609,0,8
2024-01-17,SKU-10161,SUP-233,2465,325,1730,0,13
2024-01-17,SKU-10162,SUP-216,2633,321,1109,0,7
2024-01-17,SKU-10163,SUP-235,840,578,1511,0,3
2024-01-17,SKU-10164,SUP-200,1150,776,1210,0,5
2024-01-17,SKU-10165,SUP-243,2109,688,1132,0,14
2024-01-17,SKU-10166,SUP-246,1643,768,803,0,3
2024-01-17,SKU-10167,SUP-207,1691,792,529,0,11
2024-01-17,SKU-10168,SUP-243,1397,291,828,0,14
2024-01-17,SKU-10169,SUP-234,3069,471,1618,0,9
2024-01-17,SKU-10170,SUP-248,252,327,1359,1359,10
2024-01-17,SKU-10171,SUP-217,2852,740,1309,0,4
2024-01-17,SKU-10172,SUP-249,2464,770,1783,0,5
2024-01-17,SKU-10173,SUP-241,1916,204,1147,0,4
2024-01-17,SKU-10174,SUP-221,2791,635,1319,0,9
2024-01-17,SKU-10175,SUP-207,2493,582,1349,0,4
2024-01-17,SKU-10176,SUP-218,1567,625,749,0,4
2024-01-17,SKU-10177,SUP-227,1549,518,1519,0,3
2024-01-17,SKU-10178,SUP-210,420,390,578,0,9
2024-01-17,SKU-10179,SUP-229,475,747,829,829,14
2024-01-17,SKU-10180,SUP-200,2296,447,1424,0,7
2024-01-17,SKU-10181,SUP-246,558,677,1037,1037,9
2024-01-17,SKU-10182,SUP-246,411,228,1580,0,13
2024-01-17,SKU-10183,SUP-216,1158,746,826,0,4
2024-01-17,SKU-10184,SUP-232,2580,418,625,0,4
2024-01-17,SKU-10185,SUP-248,1567,504,1723,0,7
2024-01-17,SKU-10186,SUP-211,1163,750,1886,0,9
2024-01-17,SKU-10187,SUP-232,383,380,1754,0,14
2024-01-17,SKU-10188,SUP-206,2041,688,1757,0,10
2024-01-17,SKU-10189,SUP-240,3023,547,1622,0,14
2024-01-17,SKU-10190,SUP-219,386,557,1653,1653,9
2024-01-17,SKU-10191,SUP-240,1529,761,1235,0,14
2024-01-17,SKU-10192,SUP-232,2456,388,1706,0,5
2024-01-17,SKU-10193,SUP-238,1685,369,821,0,14
2024-01-17,SKU-10194,SUP-212,2537,565,610,0,12
2024-01-17,SKU-10195,SUP-209,2517,233,1927,0,8
2024-01-17,SKU-10196,SUP-223,1050,539,1460,0,11
2024-01-17,SKU-10197,SUP-248,1794,451,1887,0,9
2024-01-17,SKU-10198,SUP-210,1603,781,1835,0,9
2024-01-17,SKU-10199,SUP-234,2580,501,1006,0,9
2024-01-17,SKU-10200,SUP-249,2849,548,1290,0,11
2024-01-17,SKU-10201,SUP-233,998,353,1709,0,5
2024-01-17,SKU-10202,SUP-200,1773,600,1369,0,13
2024-01-17,SKU-10203,SUP-238,1316,261,1690,0,12
2024-01-17,SKU-10204,SUP-220,886,227,1007,0,8
2024-01-17,SKU-10205,SUP-231,73,269,684,684,8
2024-01-17,SKU-10206,SUP-201,2892,323,1736,0,8
2024-01-17,SKU-10207,SUP-207,132,394,1815,1815,11
2024-01-17,SKU-10208,SUP-223,2143,517,1894,0,5
2024-01-17,SKU-10209,SUP-219,909,466,1899,0,3
2024-01-17,SKU-10210,SUP-215,648,311,1077,0,10
2024-01-17,SKU-10211,SUP-203,2623,485,1484,0,6
2024-01-17,SKU-10212,SUP-215,2618,207,1575,0,12
2024-01-17,SKU-10213,SUP-236,890,479,1611,0,11
2024-01-17,SKU-10214,SUP-205,2348,471,1623,0,14
2024-01-17,SKU-10215,SUP-205,1405,493,1347,0,10
2024-01-17,SKU-10216,SUP-246,939,252,1183,0,5
2024-01-17,SKU-10217,SUP-231,751,664,1052,0,7
2024-01-17,SKU-10218,SUP-204,1618,754,1100,0,14
2024-01-17,SKU-10219,SUP-248,1854,225,1622,0,14
2024-01-17,SKU-10220,SUP-234,2834,281,1921,0,8
2024-01-17,SKU-10221,SUP-249,2102,243,1323,0,5
2024-01-17,SKU-10222,SUP-208,667,290,1852,0,7
2024-01-17,SKU-10223,SUP-208,2008,309,718,0,14
2024-01-17,SKU-10224,SUP-242,620,456,1716,0,5
2024-01-17,SKU-10225,SUP-230,49,693,596,596,10
2024-01-17,SKU-10226,SUP-235,2045,480,1856,0,14
2024-01-17,SKU-10227,SUP-210,2934,604,995,0,9
2024-01-17,SKU-10228,SUP-216,2003,687,1055,0,3
2024-01-17,SKU-10229,SUP-233,2256,711,1771,0,10
2024-01-17,SKU-10230,SUP-238,2882,777,1234,0,5
2024-01-17,SKU-10231,SUP-227,2225,309,1915,0,7
2024-01-17,SKU-10232,SUP-213,2572,751,1416,0,3
2024-01-17,SKU-10233,SUP-234,2817,786,1096,0,8
2024-01-17,SKU-10234,SUP-248,2401,768,1454,0,7
2024-01-17,SKU-10235,SUP-246,795,283,1218,0,8
2024-01-17,SKU-10236,SUP-244,2131,501,1740,0,10
2024-01-17,SKU-10237,SUP-212,2813,291,1153,0,6
2024-01-17,SKU-10238,SUP-245,698,724,1924,1924,3
2024-01-17,SKU-10239,SUP-219,2867,324,700,0,4
2024-01-17,SKU-10240,SUP-225,2940,379,1932,0,3
2024-01-17,SKU-10241,SUP-242,3205,739,1485,0,14
2024-01-17,SKU-10242,SUP-241,1225,499,996,0,5
2024-01-17,SKU-10243,SUP-223,1366,344,1090,0,7
2024-01-17,SKU-10244,SUP-228,2066,602,787,0,8
2024-01-17,SKU-10245,SUP-233,577,775,710,710,13
2024-01-17,SKU-10246,SUP-228,679,589,920,0,8
2024-01-17,SKU-10247,SUP-207,1727,259,976,0,4
2024-01-17,SKU-10248,SUP-215,2331,276,618,0,3
2024-01-17,SKU-10249,SUP-214,1277,352,1541,0,3
2024-01-17,SKU-10250,SUP-204,1954,258,1934,0,13
2024-01-17,SKU-10251,SUP-221,3174,666,1602,0,9
2024-01-17,SKU-10252,SUP-201,1874,286,1099,0,7
2024-01-17,SKU-10253,SUP-237,2218,375,977,0,6
2024-01-17,SKU-10254,SUP-235,259,474,1677,1677,11
2024-01-17,SKU-10255,SUP-214,239,402,991,991,9
2024-01-17,SKU-10256,SUP-237,2797,355,849,0,12
2024-01-17,SKU-10257,SUP-214,2234,784,534,0,3
2024-01-17,SKU-10258,SUP-200,2740,294,719,0,11
2024-01-17,SKU-10259,SUP-204,3070,599,1189,0,3
2024-01-17,SKU-10260,SUP-245,2342,487,757,0,9
2024-01-17,SKU-10261,SUP-240,404,725,906,906,9
2024-01-17,SKU-10262,SUP-203,944,668,1372,0,5
2024-01-17,SKU-10263,SUP-214,1154,764,510,0,5
2024-01-17,SKU-10264,SUP-204,3055,208,527,0,9
2024-01-17,SKU-10265,SUP-202,720,710,1001,0,8
2024-01-17,SKU-10266,SUP-221,3057,202,1710,0,13
2024-01-17,SKU-10267,SUP-204,1876,610,1713,0,12
2024-01-17,SKU-10268,SUP-232,759,716,1380,0,11
2024-01-17,SKU-10269,SUP-215,1358,236,1322,0,5
2024-01-17,SKU-10270,SUP-217,3242,257,1458,0,13
2024-01-17,SKU-10271,SUP-242,2055,659,1335,0,6
2024-01-17,SKU-10272,SUP-231,1996,641,727,0,12
2024-01-17,SKU-10273,SUP-213,1248,467,1194,0,7
2024-01-17,SKU-10274,SUP-234,1100,685,1742,0,8
2024-01-17,SKU-10275,SUP-208,331,242,1369,0,6
2024-01-17,SKU-10276,SUP-246,1719,349,1093,0,12
2024-01-17,SKU-10277,SUP-236,3058,459,1905,0,7
2024-01-17,SKU-10278,SUP-236,1025,204,1421,0,5
2024-01-17,SKU-10279,SUP-230,2319,351,1704,0,9
2024-01-17,SKU-10280,SUP-215,1651,611,880,0,6
2024-01-17,SKU-10281,SUP-230,3139,594,1042,0,14
2024-01-17,SKU-10282,SUP-226,0,292,1622,1622,6
2024-01-17,SKU-10283,SUP-212,722,555,1776,0,6
2024-01-17,SKU-10284,SUP-206,319,619,831,831,10
2024-01-17,SKU-10285,SUP-206,1467,733,571,0,6
2024-01-17,SKU-10286,SUP-242,2869,585,1041,0,6
2024-01-17,SKU-10287,SUP-227,2917,588,1761,0,14
2024-01-17,SKU-10288,SUP-222,1483,504,1531,0,4
2024-01-17,SKU-10289,SUP-227,2287,245,625,0,7
2024-01-17,SKU-10290,SUP-226,1370,615,954,0,8
2024-01-17,SKU-10291,SUP-229,1364,220,1417,0,4
2024-01-17,SKU-10292,SUP-246,1861,776,587,0,5
2024-01-17,SKU-10293,SUP-203,1148,340,1897,0,6
2024-01-17,SKU-10294,SUP-243,621,525,1941,0,11
2024-01-17,SKU-10295,SUP-241,2094,507,1156,0,5
2024-01-17,SKU-10296,SUP-241,2142,669,1707,0,9
2024-01-17,SKU-10297,SUP-206,746,448,823,0,13
2024-01-17,SKU-10298,SUP-203,699,468,1841,0,14
2024-01-17,SKU-10299,SUP-225,640,303,901,0,9
2024-01-17,SKU-10300,SUP-246,3012,292,1073,0,13
2024-01-17,SKU-10301,SUP-221,2060,655,914,0,8
2024-01-17,SKU-10302,SUP-206,2166,730,1896,0,9
2024-01-17,SKU-10303,SUP-215,848,638,1718,0,11
2024-01-17,SKU-10304,SUP-212,2753,625,1360,0,9
2024-01-17,SKU-10305,SUP-212,2987,298,1553,0,5
2024-01-17,SKU-10306,SUP-234,2837,345,787,0,7
2024-01-17,SKU-10307,SUP-228,2499,597,1794,0,14
2024-01-17,SKU-10308,SUP-208,1777,446,1847,0,4
2024-01-17,SKU-10309,SUP-227,2746,324,1843,0,11
2024-01-17,SKU-10310,SUP-211,1805,219,746,0,8
2024-01-17,SKU-10311,SUP-217,1586,730,602,0,8
2024-01-17,SKU-10312,SUP-229,2922,550,733,0,9
2024-01-17,SKU-10313,SUP-215,50,491,516,516,12
2024-01-17,SKU-10314,SUP-204,1547,792,683,0,4
2024-01-17,SKU-10315,SUP-228,792,219,1994,0,5
2024-01-17,SKU-10316,SUP-235,1119,276,601,0,14
2024-01-17,SKU-10317,SUP-206,1000,406,712,0,3
2024-01-17,SKU-10318,SUP-203,1918,396,1548,0,10
2024-01-17,SKU-10319,SUP-241,2011,489,1779,0,11
2024-01-17,SKU-10320,SUP-234,1667,414,1133,0,8
2024-01-17,SKU-10321,SUP-200,2874,738,961,0,9
2024-01-17,SKU-10322,SUP-205,2644,487,1525,0,11
2024-01-17,SKU-10323,SUP-248,1137,456,952,0,8
2024-01-17,SKU-10324,SUP-215,2631,421,1959,0,10
2024-01-17,SKU-10325,SUP-210,2466,478,1084,0,7
2024-01-17,SKU-10326,SUP-226,1466,755,1666,0,7
2024-01-17,SKU-10327,SUP-231,1698,582,778,0,9
2024-01-17,SKU-10328,SUP-230,744,675,1381,0,3
2024-01-17,SKU-10329,SUP-213,272,571,1231,1231,11
2024-01-17,SKU-10330,SUP-225,2195,408,1493,0,11
2024-01-17,SKU-10331,SUP-203,1481,640,868,0,12
2024-01-17,SKU-10332,SUP-210,3055,431,1504,0,7
2024-01-17,SKU-10333,SUP-224,3186,463,1786,0,7
2024-01-17,SKU-10334,SUP-200,3008,433,931,0,8
2024-01-17,SKU-10335,SUP-224,248,458,750,750,11
2024-01-17,SKU-10336,SUP-216,1184,429,1330,0,11
2024-01-17,SKU-10337,SUP-229,1319,556,851,0,3
2024-01-17,SKU-10338,SUP-218,1388,492,1909,0,11
2024-01-17,SKU-10339,SUP-227,963,736,1902,0,8
2024-01-17,SKU-10340,SUP-244,950,377,1055,0,10
2024-01-17,SKU-10341,SUP-246,1404,427,1756,0,14
2024-01-17,SKU-10342,SUP-235,2203,246,1930,0,5
2024-01-17,SKU-10343,SUP-242,2908,592,1059,0,9
2024-01-17,SKU-10344,SUP-245,1416,757,1666,0,8
2024-01-17,SKU-10345,SUP-231,2739,675,1907,0,12
2024-01-17,SKU-10346,SUP-209,1022,614,1655,0,13
2024-01-17,SKU-10347,SUP-212,2279,759,667,0,4
2024-01-17,SKU-10348,SUP-218,1819,429,1202,0,6
2024-01-17,SKU-10349,SUP-213,2472,267,1517,0,4
2024-01-17,SKU-10350,SUP-203,59,376,1729,1729,13
2024-01-17,SKU-10351,SUP-237,1961,469,580,0,14
2024-01-17,SKU-10352,SUP-247,990,687,1489,0,3
2024-01-17,SKU-10353,SUP-234,2321,775,1746,0,7
2024-01-17,SKU-10354,SUP-203,2153,303,1163,0,4
2024-01-17,SKU-10355,SUP-247,1716,320,1740,0,13
2024-01-17,SKU-10356,SUP-220,424,631,1408,1408,8
2024-01-17,SKU-10357,SUP-203,1385,571,1812,0,10
2024-01-17,SKU-10358,SUP-203,2725,571,714,0,8
2024-01-17,SKU-10359,SUP-237,1544,519,1860,0,9
2024-01-17,SKU-10360,SUP-230,1873,568,1369,0,6
2024-01-17,SKU-10361,SUP-232,2947,259,1568,0,10
2024-01-17,SKU-10362,SUP-233,1848,355,1387,0,7
2024-01-17,SKU-10363,SUP-210,2577,662,1046,0,13
2024-01-17,SKU-10364,SUP-203,1008,640,953,0,6
2024-01-17,SKU-10365,SUP-232,3208,259,841,0,12
2024-01-17,SKU-10366,SUP-205,2434,267,1838,0,5
2024-01-17,SKU-10367,SUP-211,2608,330,923,0,13
2024-01-17,SKU-10368,SUP-204,833,487,924,0,12
2024-01-17,SKU-10369,SUP-238,825,533,827,0,13
2024-01-17,SKU-10370,SUP-204,1213,278,1688,0,9
2024-01-17,SKU-10371,SUP-243,2235,387,1575,0,10
2024-01-17,SKU-10372,SUP-215,3088,537,654,0,13
2024-01-17,SKU-10373,SUP-225,2019,521,1852,0,10
2024-01-17,SKU-10374,SUP-207,1614,375,1109,0,5
2024-01-17,SKU-10375,SUP-236,1848,471,991,0,5
2024-01-17,SKU-10376,SUP-215,2588,798,657,0,7
2024-01-17,SKU-10377,SUP-237,1335,634,1295,0,6
2024-01-17,SKU-10378,SUP-238,713,597,601,0,7
2024-01-17,SKU-10379,SUP-202,3052,710,721,0,5
2024-01-17,SKU-10380,SUP-239,2682,533,1406,0,7
2024-01-17,SKU-10381,SUP-205,2609,769,1227,0,5
2024-01-17,SKU-10382,SUP-226,1675,468,1303,0,8
2024-01-17,SKU-10383,SUP-242,2628,334,1026,0,3
2024-01-17,SKU-10384,SUP-237,939,265,503,0,5
2024-01-17,SKU-10385,SUP-236,1928,439,1104,0,14
2024-01-17,SKU-10386,SUP-233,2888,517,1098,0,5
2024-01-17,SKU-10387,SUP-220,3199,403,846,0,12
2024-01-17,SKU-10388,SUP-216,101,632,1895,1895,9
2024-01-17,SKU-10389,SUP-213,1664,210,1071,0,8
2024-01-17,SKU-10390,SUP-242,911,343,1491,0,8
2024-01-17,SKU-10391,SUP-245,3179,524,692,0,5
2024-01-17,SKU-10392,SUP-220,2788,306,1787,0,13
2024-01-17,SKU-10393,SUP-215,1771,228,1037,0,8
2024-01-17,SKU-10394,SUP-216,2375,417,1092,0,11
2024-01-17,SKU-10395,SUP-225,82,664,595,595,10
2024-01-17,SKU-10396,SUP-208,2086,643,1256,0,8
2024-01-17,SKU-10397,SUP-242,3090,560,1893,0,6
2024-01-17,SKU-10398,SUP-241,1402,409,1277,0,6
2024-01-17,SKU-10399,SUP-219,2253,570,1916,0,13
2024-01-17,SKU-10400,SUP-229,1646,295,1955,0,14
2024-01-17,SKU-10401,SUP-220,2773,574,933,0,9
2024-01-17,SKU-10402,SUP-248,1345,698,505,0,8
2024-01-17,SKU-10403,SUP-204,1345,694,1116,0,10
2024-01-17,SKU-10404,SUP-200,813,707,1091,0,11
2024-01-17,SKU-10405,SUP-229,839,771,685,0,13
2024-01-17,SKU-10406,SUP-239,616,494,1754,0,14
2024-01-17,SKU-10407,SUP-236,1274,738,1998,0,9
2024-01-17,SKU-10408,SUP-206,2230,447,858,0,8
2024-01-17,SKU-10409,SUP-204,1960,602,783,0,9
2024-01-17,SKU-10410,SUP-234,2914,347,1200,0,11
2024-01-17,SKU-10411,SUP-213,2858,358,1583,0,5
2024-01-17,SKU-10412,SUP-232,1757,665,1321,0,3
2024-01-17,SKU-10413,SUP-216,351,563,597,597,14
2024-01-17,SKU-10414,SUP-208,3119,616,634,0,5
2024-01-17,SKU-10415,SUP-222,1093,493,1963,0,9
2024-01-17,SKU-10416,SUP-204,1739,348,1473,0,13
2024-01-17,SKU-10417,SUP-215,957,246,1895,0,11
2024-01-17,SKU-10418,SUP-223,467,471,1952,1952,10
2024-01-17,SKU-10419,SUP-218,3036,363,1912,0,7
2024-01-17,SKU-10420,SUP-210,873,785,1422,0,5
2024-01-17,SKU-10421,SUP-228,674,216,1106,0,12
2024-01-17,SKU-10422,SUP-234,1080,287,1062,0,7
2024-01-17,SKU-10423,SUP-245,1613,641,1531,0,7
2024-01-17,SKU-10424,SUP-219,609,544,1252,0,7
2024-01-17,SKU-10425,SUP-239,2773,433,1292,0,13
2024-01-17,SKU-10426,SUP-241,2355,319,1041,0,5
2024-01-17,SKU-10427,SUP-233,2907,617,1085,0,6
2024-01-17,SKU-10428,SUP-200,1994,256,1523,0,13
2024-01-17,SKU-10429,SUP-242,1416,560,909,0,8
2024-01-17,SKU-10430,SUP-235,1689,442,1613,0,6
2024-01-17,SKU-10431,SUP-219,110,658,1418,1418,3
2024-01-17,SKU-10432,SUP-242,1674,669,1912,0,7
2024-01-17,SKU-10433,SUP-206,1946,758,1463,0,3
2024-01-17,SKU-10434,SUP-208,2794,486,1807,0,13
2024-01-17,SKU-10435,SUP-216,1942,794,907,0,9
2024-01-17,SKU-10436,SUP-207,1118,582,1513,0,4
2024-01-17,SKU-10437,SUP-206,2697,460,895,0,6
2024-01-17,SKU-10438,SUP-247,252,266,1340,1340,13
2024-01-17,SKU-10439,SUP-235,415,555,1804,1804,11
2024-01-17,SKU-10440,SUP-209,1695,476,720,0,11
2024-01-17,SKU-10441,SUP-217,2297,384,1670,0,13
2024-01-17,SKU-10442,SUP-218,614,615,1992,1992,4
2024-01-17,SKU-10443,SUP-238,6,730,1582,1582,11
2024-01-17,SKU-10444,SUP-213,2517,742,1717,0,10
2024-01-17,SKU-10445,SUP-245,3101,613,1000,0,13
2024-01-17,SKU-10446,SUP-221,136,407,849,849,6
2024-01-17,SKU-10447,SUP-213,3032,592,996,0,10
2024-01-17,SKU-10448,SUP-243,1241,348,755,0,7
2024-01-17,SKU-10449,SUP-240,1293,642,1709,0,10
2024-01-17,SKU-10450,SUP-216,729,794,1603,1603,11
2024-01-17,SKU-10451,SUP-232,2592,437,1437,0,14
2024-01-17,SKU-10452,SUP-231,935,581,1988,0,6
2024-01-17,SKU-10453,SUP-216,166,641,894,894,8
2024-01-17,SKU-10454,SUP-203,2814,211,1294,0,3
2024-01-17,SKU-10455,SUP-205,3022,366,1839,0,6
2024-01-17,SKU-10456,SUP-240,2095,606,1908,0,7
2024-01-17,SKU-10457,SUP-227,1127,439,1416,0,11
2024-01-17,SKU-10458,SUP-217,985,366,1053,0,9
2024-01-17,SKU-10459,SUP-202,3076,500,1397,0,14
2024-01-17,SKU-10460,SUP-200,1336,601,1562,0,14
2024-01-17,SKU-10461,SUP-221,3012,406,999,0,5
2024-01-17,SKU-10462,SUP-249,3171,219,947,0,4
2024-01-17,SKU-10463,SUP-208,1926,493,564,0,5
2024-01-17,SKU-10464,SUP-240,49,324,526,526,9
2024-01-17,SKU-10465,SUP-216,1457,282,985,0,8
2024-01-17,SKU-10466,SUP-210,1842,670,1972,0,13
2024-01-17,SKU-10467,SUP-247,2972,539,777,0,6
2024-01-17,SKU-10468,SUP-228,3121,279,1292,0,13
2024-01-17,SKU-10469,SUP-235,132,485,1070,1070,14
2024-01-17,SKU-10470,SUP-245,1358,350,1606,0,11
2024-01-17,SKU-10471,SUP-227,1883,419,1808,0,14
2024-01-17,SKU-10472,SUP-235,1975,441,964,0,13
2024-01-17,SKU-10473,SUP-200,570,334,1357,0,9
2024-01-17,SKU-10474,SUP-207,927,686,1071,0,8
2024-01-17,SKU-10475,SUP-204,3193,632,1156,0,12
2024-01-17,SKU-10476,SUP-244,1119,239,1604,0,5
2024-01-17,SKU-10477,SUP-209,771,403,710,0,7
2024-01-17,SKU-10478,SUP-234,265,533,848,848,11
2024-01-17,SKU-10479,SUP-202,512,297,1067,0,8
2024-01-17,SKU-10480,SUP-223,484,237,1881,0,4
2024-01-17,SKU-10481,SUP-237,1145,302,976,0,7
2024-01-17,SKU-10482,SUP-235,2994,284,1882,0,4
2024-01-17,SKU-10483,SUP-209,2271,271,1618,0,14
2024-01-17,SKU-10484,SUP-227,1675,289,1745,0,5
2024-01-17,SKU-10485,SUP-208,219,411,1082,1082,9
2024-01-17,SKU-10486,SUP-202,1575,256,925,0,10
2024-01-17,SKU-10487,SUP-219,1695,214,1531,0,9
2024-01-17,SKU-10488,SUP-223,1366,336,673,0,14
2024-01-17,SKU-10489,SUP-202,331,454,1311,1311,13
2024-01-17,SKU-10490,SUP-222,2463,333,1686,0,8
2024-01-17,SKU-10491,SUP-213,791,742,1130,0,13
2024-01-17,SKU-10492,SUP-243,1634,454,1256,0,12
2024-01-17,SKU-10493,SUP-215,195,281,1831,1831,13
2024-01-17,SKU-10494,SUP-242,2690,658,1000,0,7
2024-01-17,SKU-10495,SUP-206,1471,499,1145,0,9
2024-01-17,SKU-10496,SUP-222,2408,385,1083,0,6
2024-01-17,SKU-10497,SUP-249,424,374,1272,0,5
2024-01-17,SKU-10498,SUP-235,2194,381,1441,0,11
2024-01-17,SKU-10499,SUP-226,1401,755,724,0,10
2024-01-18,SKU-10000,SUP-240,1919,530,1686,0,3
2024-01-18,SKU-10001,SUP-207,1265,737,1111,0,7
2024-01-18,SKU-10002,SUP-201,1828,250,627,0,14
2024-01-18,SKU-10003,SUP-247,1935,433,947,0,10
2024-01-18,SKU-10004,SUP-217,1557,484,1655,0,4
2024-01-18,SKU-10005,SUP-215,1662,743,855,0,13
2024-01-18,SKU-10006,SUP-214,1095,337,1945,0,6
2024-01-18,SKU-10007,SUP-208,1415,408,956,0,5
2024-01-18,SKU-10008,SUP-247,1344,678,1286,0,11
2024-01-18,SKU-10009,SUP-206,2242,205,1390,0,13
2024-01-18,SKU-10010,SUP-243,3020,369,748,0,8
2024-01-18,SKU-10011,SUP-247,2371,379,1419,0,5
2024-01-18,SKU-10012,SUP-234,3051,215,884,0,7
2024-01-18,SKU-10013,SUP-205,1042,245,1003,0,4
2024-01-18,SKU-10014,SUP-237,963,756,546,0,13
2024-01-18,SKU-10015,SUP-227,654,332,1359,0,11
2024-01-18,SKU-10016,SUP-202,2500,689,1004,0,12
2024-01-18,SKU-10017,SUP-201,1931,603,735,0,6
2024-01-18,SKU-10018,SUP-205,737,633,707,0,14
2024-01-18,SKU-10019,SUP-213,644,506,1416,0,9
2024-01-18,SKU-10020,SUP-214,602,324,1872,0,8
2024-01-18,SKU-10021,SUP-232,1384,767,838,0,9
2024-01-18,SKU-10022,SUP-238,2564,286,594,0,6
2024-01-18,SKU-10023,SUP-201,289,212,753,0,6
2024-01-18,SKU-10024,SUP-235,2161,572,893,0,12
2024-01-18,SKU-10025,SUP-212,1899,327,1316,0,8
2024-01-18,SKU-10026,SUP-245,1980,532,1391,0,12
2024-01-18,SKU-10027,SUP-241,2471,508,902,0,12
2024-01-18,SKU-10028,SUP-244,2609,642,1511,0,4
2024-01-18,SKU-10029,SUP-234,2176,754,1656,0,4
2024-01-18,SKU-10030,SUP-226,1696,223,1033,0,11
2024-01-18,SKU-10031,SUP-214,2159,626,503,0,13
2024-01-18,SKU-10032,SUP-228,937,702,731,0,11
2024-01-18,SKU-10033,SUP-237,819,287,1027,0,8
2024-01-18,SKU-10034,SUP-217,2887,634,1607,0,5
2024-01-18,SKU-10035,SUP-200,2350,217,1348,0,13
2024-01-18,SKU-10036,SUP-248,1828,544,967,0,7
2024-01-18,SKU-10037,SUP-210,2411,740,1588,0,10
2024-01-18,SKU-10038,SUP-244,828,295,1454,0,9
2024-01-18,SKU-10039,SUP-227,826,691,904,0,10
2024-01-18,SKU-10040,SUP-221,2944,296,1086,0,10
2024-01-18,SKU-10041,SUP-217,2754,740,1315,0,12
2024-01-18,SKU-10042,SUP-209,1046,738,584,0,11
2024-01-18,SKU-10043,SUP-213,3022,538,1752,0,4
2024-01-18,SKU-10044,SUP-248,1243,516,1809,0,14
2024-01-18,SKU-10045,SUP-221,1092,612,1962,0,6
2024-01-18,SKU-10046,SUP-206,2830,397,1482,0,9
2024-01-18,SKU-10047,SUP-205,2941,293,1183,0,13
2024-01-18,SKU-10048,SUP-224,159,431,538,538,8
2024-01-18,SKU-10049,SUP-206,2374,385,817,0,9
2024-01-18,SKU-10050,SUP-222,1702,636,1126,0,4
2024-01-18,SKU-10051,SUP-222,2768,441,1744,0,10
2024-01-18,SKU-10052,SUP-238,688,389,912,0,11
2024-01-18,SKU-10053,SUP-216,1929,291,939,0,12
2024-01-18,SKU-10054,SUP-202,2479,754,1408,0,11
2024-01-18,SKU-10055,SUP-246,893,296,1437,0,12
2024-01-18,SKU-10056,SUP-229,1678,774,602,0,9
2024-01-18,SKU-10057,SUP-234,974,692,1784,0,5
2024-01-18,SKU-10058,SUP-207,1559,505,1198,0,7
2024-01-18,SKU-10059,SUP-224,2441,301,954,0,3
2024-01-18,SKU-10060,SUP-205,1006,498,520,0,6
2024-01-18,SKU-10061,SUP-235,777,680,1547,0,4
2024-01-18,SKU-10062,SUP-218,279,716,1397,1397,12
2024-01-18,SKU-10063,SUP-240,2480,285,1278,0,14
2024-01-18,SKU-10064,SUP-239,1157,345,1490,0,14
2024-01-18,SKU-10065,SUP-223,2120,773,1778,0,5
2024-01-18,SKU-10066,SUP-236,864,731,1722,0,9
2024-01-18,SKU-10067,SUP-212,2371,370,1668,0,10
2024-01-18,SKU-10068,SUP-245,3073,380,1447,0,3
2024-01-18,SKU-10069,SUP-204,528,414,1079,0,10
2024-01-18,SKU-10070,SUP-202,1249,360,954,0,9
2024-01-18,SKU-10071,SUP-242,2805,228,1266,0,14
2024-01-18,SKU-10072,SUP-214,187,423,856,856,14
2024-01-18,SKU-10073,SUP-249,809,797,1077,0,4
2024-01-18,SKU-10074,SUP-218,487,484,596,0,12
2024-01-18,SKU-10075,SUP-205,2289,252,1697,0,9
2024-01-18,SKU-10076,SUP-214,2833,589,544,0,10
2024-01-18,SKU-10077,SUP-206,1768,321,981,0,12
2024-01-18,SKU-10078,SUP-224,2913,699,573,0,13
2024-01-18,SKU-10079,SUP-217,2401,260,1577,0,13
2024-01-18,SKU-10080,SUP-229,537,369,1200,0,7
2024-01-18,SKU-10081,SUP-240,125,246,589,589,14
2024-01-18,SKU-10082,SUP-223,2264,468,1409,0,12
2024-01-18,SKU-10083,SUP-210,895,623,1332,0,7
2024-01-18,SKU-10084,SUP-223,1575,641,538,0,14
2024-01-18,SKU-10085,SUP-222,1826,365,1968,0,13
2024-01-18,SKU-10086,SUP-213,368,311,1213,0,5
2024-01-18,SKU-10087,SUP-242,2404,365,1937,0,11
2024-01-18,SKU-10088,SUP-217,2959,749,1381,0,11
2024-01-18,SKU-10089,SUP-244,1878,259,1542,0,14
2024-01-18,SKU-10090,SUP-243,235,523,1540,1540,10
2024-01-18,SKU-10091,SUP-241,2809,655,1040,0,8
2024-01-18,SKU-10092,SUP-204,1027,577,1378,0,11
2024-01-18,SKU-10093,SUP-238,986,629,1019,0,8
2024-01-18,SKU-10094,SUP-240,1536,391,934,0,11
2024-01-18,SKU-10095,SUP-210,2201,360,1781,0,11
2024-01-18,SKU-10096,SUP-234,1640,574,1532,0,5
2024-01-18,SKU-10097,SUP-246,187,209,1361,1361,9
2024-01-18,SKU-10098,SUP-215,343,774,1527,1527,14
2024-01-18,SKU-10099,SUP-210,2486,786,983,0,11
2024-01-18,SKU-10100,SUP-229,346,453,1334,1334,9
2024-01-18,SKU-10101,SUP-224,1910,668,992,0,10
2024-01-18,SKU-10102,SUP-217,94,272,1099,1099,6
2024-01-18,SKU-10103,SUP-240,2394,774,829,0,5
2024-01-18,SKU-10104,SUP-244,322,463,1822,1822,5
2024-01-18,SKU-10105,SUP-235,2382,663,1218,0,4
2024-01-18,SKU-10106,SUP-214,2554,368,1820,0,3
2024-01-18,SKU-10107,SUP-243,2254,297,849,0,5
2024-01-18,SKU-10108,SUP-220,3107,618,1527,0,6
2024-01-18,SKU-10109,SUP-249,2563,594,1055,0,9
2024-01-18,SKU-10110,SUP-249,1860,615,1313,0,9
2024-01-18,SKU-10111,SUP-203,2254,545,1621,0,8
2024-01-18,SKU-10112,SUP-214,2183,569,1965,0,10
2024-01-18,SKU-10113,SUP-202,2497,342,1206,0,4
2024-01-18,SKU-10114,SUP-220,2033,292,1820,0,10
2024-01-18,SKU-10115,SUP-225,1924,457,1021,0,13
2024-01-18,SKU-10116,SUP-217,1478,443,522,0,4
2024-01-18,SKU-10117,SUP-204,2665,643,768,0,7
2024-01-18,SKU-10118,SUP-213,2175,319,1480,0,3
2024-01-18,SKU-10119,SUP-236,2042,335,1600,0,4
2024-01-18,SKU-10120,SUP-245,1002,200,576,0,3
2024-01-18,SKU-10121,SUP-220,1666,347,1073,0,12
2024-01-18,SKU-10122,SUP-213,1890,361,1813,0,7
2024-01-18,SKU-10123,SUP-241,2442,796,907,0,11
2024-01-18,SKU-10124,SUP-231,1472,235,1787,0,4
2024-01-18,SKU-10125,SUP-225,2820,642,1686,0,8
2024-01-18,SKU-10126,SUP-241,2246,300,1006,0,5
2024-01-18,SKU-10127,SUP-229,2470,496,987,0,9
2024-01-18,SKU-10128,SUP-209,2707,792,1430,0,5
2024-01-18,SKU-10129,SUP-216,2439,292,932,0,13
2024-01-18,SKU-10130,SUP-208,191,300,1198,1198,8
2024-01-18,SKU-10131,SUP-215,2426,411,1962,0,3
2024-01-18,SKU-10132,SUP-247,883,310,1340,0,13
2024-01-18,SKU-10133,SUP-235,1923,360,913,0,7
2024-01-18,SKU-10134,SUP-234,2990,771,704,0,13
2024-01-18,SKU-10135,SUP-216,663,649,561,0,7
2024-01-18,SKU-10136,SUP-247,1545,771,585,0,10
2024-01-18,SKU-10137,SUP-237,1150,718,1025,0,4
2024-01-18,SKU-10138,SUP-227,2992,233,1294,0,8
2024-01-18,SKU-10139,SUP-237,1164,779,1603,0,8
2024-01-18,SKU-10140,SUP-225,2219,283,1106,0,6
2024-01-18,SKU-10141,SUP-223,2458,379,1833,0,11
2024-01-18,SKU-10142,SUP-214,2681,478,1315,0,3
2024-01-18,SKU-10143,SUP-208,367,240,546,0,6
2024-01-18,SKU-10144,SUP-232,220,768,1073,1073,8
2024-01-18,SKU-10145,SUP-231,627,352,1778,0,11
2024-01-18,SKU-10146,SUP-205,1614,791,675,0,13
2024-01-18,SKU-10147,SUP-248,2835,448,1558,0,3
2024-01-18,SKU-10148,SUP-203,1045,273,1167,0,9
2024-01-18,SKU-10149,SUP-207,453,478,1554,1554,9
2024-01-18,SKU-10150,SUP-209,634,377,828,0,13
2024-01-18,SKU-10151,SUP-240,805,794,1437,0,6
2024-01-18,SKU-10152,SUP-210,2204,496,1992,0,9
2024-01-18,SKU-10153,SUP-243,1597,434,1408,0,9
2024-01-18,SKU-10154,SUP-227,1298,619,1152,0,10
2024-01-18,SKU-10155,SUP-238,2925,312,1439,0,5
2024-01-18,SKU-10156,SUP-204,2277,735,531,0,3
2024-01-18,SKU-10157,SUP-224,2459,640,1223,0,14
2024-01-18,SKU-10158,SUP-224,87,507,803,803,9
2024-01-18,SKU-10159,SUP-238,727,585,1244,0,7
2024-01-18,SKU-10160,SUP-229,64,249,1168,1168,12
2024-01-18,SKU-10161,SUP-233,2899,798,1849,0,14
2024-01-18,SKU-10162,SUP-216,1892,667,1807,0,8
2024-01-18,SKU-10163,SUP-235,2378,317,766,0,3
2024-01-18,SKU-10164,SUP-200,3051,747,1708,0,8
2024-01-18,SKU-10165,SUP-243,2887,609,1238,0,14
2024-01-18,SKU-10166,SUP-246,212,689,761,761,14
2024-01-18,SKU-10167,SUP-207,456,642,1378,1378,14
2024-01-18,SKU-10168,SUP-243,2164,636,1013,0,3
2024-01-18,SKU-10169,SUP-234,762,414,1842,0,14
2024-01-18,SKU-10170,SUP-248,3153,256,1058,0,4
2024-01-18,SKU-10171,SUP-217,2395,379,676,0,9
2024-01-18,SKU-10172,SUP-249,2670,774,767,0,3
2024-01-18,SKU-10173,SUP-241,2581,469,1523,0,3
2024-01-18,SKU-10174,SUP-221,1376,476,1731,0,5
2024-01-18,SKU-10175,SUP-207,1646,737,1017,0,4
2024-01-18,SKU-10176,SUP-218,1169,624,1324,0,4
2024-01-18,SKU-10177,SUP-227,1160,479,1866,0,13
2024-01-18,SKU-10178,SUP-210,2274,232,596,0,9
2024-01-18,SKU-10179,SUP-229,995,492,1416,0,12
2024-01-18,SKU-10180,SUP-200,139,455,1787,1787,7
2024-01-18,SKU-10181,SUP-246,2806,470,1241,0,10
2024-01-18,SKU-10182,SUP-246,2738,752,1149,0,9
2024-01-18,SKU-10183,SUP-216,998,774,843,0,12
2024-01-18,SKU-10184,SUP-232,1639,655,1946,0,14
2024-01-18,SKU-10185,SUP-248,204,562,1933,1933,14
2024-01-18,SKU-10186,SUP-211,1652,708,1367,0,8
2024-01-18,SKU-10187,SUP-232,769,224,736,0,3
2024-01-18,SKU-10188,SUP-206,185,484,1528,1528,13
2024-01-18,SKU-10189,SUP-240,778,744,1509,0,3
2024-01-18,SKU-10190,SUP-219,2418,416,1272,0,10
2024-01-18,SKU-10191,SUP-240,1282,453,1376,0,4
2024-01-18,SKU-10192,SUP-232,2882,363,1148,0,9
2024-01-18,SKU-10193,SUP-238,148,703,1947,1947,10
2024-01-18,SKU-10194,SUP-212,961,753,1758,0,5
2024-01-18,SKU-10195,SUP-209,821,579,1583,0,6
2024-01-18,SKU-10196,SUP-223,1325,776,1909,0,8
2024-01-18,SKU-10197,SUP-248,2954,345,865,0,4
2024-01-18,SKU-10198,SUP-210,347,735,1236,1236,7
2024-01-18,SKU-10199,SUP-234,2184,628,1558,0,12
2024-01-18,SKU-10200,SUP-249,1452,465,1966,0,4
2024-01-18,SKU-10201,SUP-233,2997,308,1701,0,11
2024-01-18,SKU-10202,SUP-200,2102,356,729,0,6
2024-01-18,SKU-10203,SUP-238,1398,520,1650,0,14
2024-01-18,SKU-10204,SUP-220,3041,740,1702,0,6
2024-01-18,SKU-10205,SUP-231,2917,487,1788,0,5
2024-01-18,SKU-10206,SUP-201,1469,736,1668,0,10
2024-01-18,SKU-10207,SUP-207,1406,328,1013,0,12
2024-01-18,SKU-10208,SUP-223,347,610,1920,1920,13
2024-01-18,SKU-10209,SUP-219,1508,292,1625,0,4
2024-01-18,SKU-10210,SUP-215,356,620,1887,1887,5
2024-01-18,SKU-10211,SUP-203,1813,522,951,0,13
2024-01-18,SKU-10212,SUP-215,1064,490,1285,0,8
2024-01-18,SKU-10213,SUP-236,1225,399,1394,0,6
2024-01-18,SKU-10214,SUP-205,1667,281,1827,0,7
2024-01-18,SKU-10215,SUP-205,2052,679,1227,0,14
2024-01-18,SKU-10216,SUP-246,2702,725,538,0,9
2024-01-18,SKU-10217,SUP-231,2370,552,810,0,8
2024-01-18,SKU-10218,SUP-204,47,780,651,651,12
2024-01-18,SKU-10219,SUP-248,2370,656,1252,0,5
2024-01-18,SKU-10220,SUP-234,1625,317,1917,0,3
2024-01-18,SKU-10221,SUP-249,2195,204,1857,0,6
2024-01-18,SKU-10222,SUP-208,621,210,568,0,8
2024-01-18,SKU-10223,SUP-208,1086,401,765,0,14
2024-01-18,SKU-10224,SUP-242,2382,490,1846,0,3
2024-01-18,SKU-10225,SUP-230,1972,397,1388,0,11
2024-01-18,SKU-10226,SUP-235,2066,483,1306,0,8
2024-01-18,SKU-10227,SUP-210,1078,641,1128,0,10
2024-01-18,SKU-10228,SUP-216,2615,653,1426,0,4
2024-01-18,SKU-10229,SUP-233,915,259,867,0,13
2024-01-18,SKU-10230,SUP-238,1055,514,1056,0,12
2024-01-18,SKU-10231,SUP-227,1720,649,894,0,10
2024-01-18,SKU-10232,SUP-213,2340,587,1243,0,13
2024-01-18,SKU-10233,SUP-234,2702,415,776,0,4
2024-01-18,SKU-10234,SUP-248,227,737,717,717,14
2024-01-18,SKU-10235,SUP-246,592,276,1098,0,12
2024-01-18,SKU-10236,SUP-244,1390,424,1881,0,8
2024-01-18,SKU-10237,SUP-212,2689,670,787,0,10
2024-01-18,SKU-10238,SUP-245,1471,326,539,0,10
2024-01-18,SKU-10239,SUP-219,1860,446,1770,0,10
2024-01-18,SKU-10240,SUP-225,2175,209,1691,0,10
2024-01-18,SKU-10241,SUP-242,1965,217,839,0,11
2024-01-18,SKU-10242,SUP-241,1694,484,1033,0,13
2024-01-18,SKU-10243,SUP-223,815,251,1590,0,7
2024-01-18,SKU-10244,SUP-228,2458,614,1646,0,12
2024-01-18,SKU-10245,SUP-233,2193,685,1722,0,8
2024-01-18,SKU-10246,SUP-228,1497,756,1885,0,12
2024-01-18,SKU-10247,SUP-207,2235,483,1221,0,10
2024-01-18,SKU-10248,SUP-215,1927,481,1156,0,10
2024-01-18,SKU-10249,SUP-214,669,229,873,0,8
2024-01-18,SKU-10250,SUP-204,1713,645,1510,0,12
2024-01-18,SKU-10251,SUP-221,679,255,631,0,12
2024-01-18,SKU-10252,SUP-201,2463,464,1057,0,10
2024-01-18,SKU-10253,SUP-237,2035,778,1636,0,5
2024-01-18,SKU-10254,SUP-235,2375,484,1631,0,11
2024-01-18,SKU-10255,SUP-214,1472,691,1994,0,6
2024-01-18,SKU-10256,SUP-237,342,231,1890,0,14
2024-01-18,SKU-10257,SUP-214,770,567,1261,0,11
2024-01-18,SKU-10258,SUP-200,2470,729,501,0,3
2024-01-18,SKU-10259,SUP-204,854,415,663,0,13
2024-01-18,SKU-10260,SUP-245,2832,420,1054,0,12
2024-01-18,SKU-10261,SUP-240,2939,482,1594,0,7
2024-01-18,SKU-10262,SUP-203,1575,644,1724,0,4
2024-01-18,SKU-10263,SUP-214,1511,792,1265,0,3
2024-01-18,SKU-10264,SUP-204,2832,301,1500,0,12
2024-01-18,SKU-10265,SUP-202,924,298,887,0,3
2024-01-18,SKU-10266,SUP-221,1381,652,819,0,4
2024-01-18,SKU-10267,SUP-204,904,278,1242,0,7
2024-01-18,SKU-10268,SUP-232,1794,478,1281,0,8
2024-01-18,SKU-10269,SUP-215,2083,424,1027,0,6
2024-01-18,SKU-10270,SUP-217,249,681,594,594,11
2024-01-18,SKU-10271,SUP-242,1301,517,832,0,4
2024-01-18,SKU-10272,SUP-231,658,299,869,0,3
2024-01-18,SKU-10273,SUP-213,1117,786,1473,0,12
2024-01-18,SKU-10274,SUP-234,1963,642,1190,0,10
2024-01-18,SKU-10275,SUP-208,2752,693,1745,0,7
2024-01-18,SKU-10276,SUP-246,1171,386,1041,0,5
2024-01-18,SKU-10277,SUP-236,959,611,1944,0,11
2024-01-18,SKU-10278,SUP-236,2907,309,784,0,5
2024-01-18,SKU-10279,SUP-230,822,768,1452,0,12
2024-01-18,SKU-10280,SUP-215,2845,397,988,0,10
2024-01-18,SKU-10281,SUP-230,2178,253,1003,0,11
2024-01-18,SKU-10282,SUP-226,194,619,1871,1871,6
2024-01-18,SKU-10283,SUP-212,955,551,1898,0,11
2024-01-18,SKU-10284,SUP-206,1381,588,786,0,4
2024-01-18,SKU-10285,SUP-206,1841,440,711,0,13
2024-01-18,SKU-10286,SUP-242,2769,708,776,0,11
2024-01-18,SKU-10287,SUP-227,2818,559,1166,0,10
2024-01-18,SKU-10288,SUP-222,3017,228,1094,0,12
2024-01-18,SKU-10289,SUP-227,1037,703,603,0,5
2024-01-18,SKU-10290,SUP-226,370,289,832,0,11
2024-01-18,SKU-10291,SUP-229,349,388,1340,1340,10
2024-01-18,SKU-10292,SUP-246,1407,797,1516,0,11
2024-01-18,SKU-10293,SUP-203,340,497,1678,1678,12
2024-01-18,SKU-10294,SUP-243,1310,681,1212,0,4
2024-01-18,SKU-10295,SUP-241,2970,566,1270,0,4
2024-01-18,SKU-10296,SUP-241,1229,592,848,0,8
2024-01-18,SKU-10297,SUP-206,1309,340,854,0,13
2024-01-18,SKU-10298,SUP-203,2025,268,1081,0,11
2024-01-18,SKU-10299,SUP-225,908,618,1102,0,10
2024-01-18,SKU-10300,SUP-246,1494,356,1611,0,6
2024-01-18,SKU-10301,SUP-221,980,465,583,0,6
2024-01-18,SKU-10302,SUP-206,750,254,1664,0,12
2024-01-18,SKU-10303,SUP-215,1013,225,934,0,7
2024-01-18,SKU-10304,SUP-212,45,570,1150,1150,10
2024-01-18,SKU-10305,SUP-212,2641,209,1996,0,13
2024-01-18,SKU-10306,SUP-234,926,666,758,0,3
2024-01-18,SKU-10307,SUP-228,2137,486,530,0,11
2024-01-18,SKU-10308,SUP-208,747,323,1421,0,4
2024-01-18,SKU-10309,SUP-227,3055,679,1273,0,9
2024-01-18,SKU-10310,SUP-211,2101,276,1706,0,6
2024-01-18,SKU-10311,SUP-217,2078,356,1623,0,14
2024-01-18,SKU-10312,SUP-229,1795,309,1793,0,12
2024-01-18,SKU-10313,SUP-215,1847,706,1339,0,9
2024-01-18,SKU-10314,SUP-204,1903,549,646,0,6
2024-01-18,SKU-10315,SUP-228,439,720,1204,1204,5
2024-01-18,SKU-10316,SUP-235,1287,519,786,0,10
2024-01-18,SKU-10317,SUP-206,1550,551,1528,0,14
2024-01-18,SKU-10318,SUP-203,2460,700,1628,0,6
2024-01-18,SKU-10319,SUP-241,2281,232,521,0,5
2024-01-18,SKU-10320,SUP-234,0,641,1061,1061,8
2024-01-18,SKU-10321,SUP-200,2137,384,888,0,9
2024-01-18,SKU-10322,SUP-205,1513,478,663,0,6
2024-01-18,SKU-10323,SUP-248,1148,799,1967,0,11
2024-01-18,SKU-10324,SUP-215,1861,596,817,0,5
2024-01-18,SKU-10325,SUP-210,958,589,878,0,11
2024-01-18,SKU-10326,SUP-226,3068,633,1255,0,9
2024-01-18,SKU-10327,SUP-231,1472,798,1769,0,7
2024-01-18,SKU-10328,SUP-230,246,318,1877,1877,6
2024-01-18,SKU-10329,SUP-213,2325,513,1050,0,4
2024-01-18,SKU-10330,SUP-225,2716,208,1882,0,11
2024-01-18,SKU-10331,SUP-203,2465,793,1429,0,7
2024-01-18,SKU-10332,SUP-210,2250,656,635,0,12
2024-01-18,SKU-10333,SUP-224,1073,247,1111,0,4
2024-01-18,SKU-10334,SUP-200,2381,363,978,0,10
2024-01-18,SKU-10335,SUP-224,2696,696,753,0,11
2024-01-18,SKU-10336,SUP-216,2790,570,1075,0,5
2024-01-18,SKU-10337,SUP-229,656,238,852,0,12
2024-01-18,SKU-10338,SUP-218,631,339,751,0,5
2024-01-18,SKU-10339,SUP-227,321,274,1397,0,11
2024-01-18,SKU-10340,SUP-244,569,519,1069,0,5
2024-01-18,SKU-10341,SUP-246,1049,388,949,0,8
2024-01-18,SKU-10342,SUP-235,2433,520,1069,0,11
2024-01-18,SKU-10343,SUP-242,2043,696,1736,0,5
2024-01-18,SKU-10344,SUP-245,571,689,884,884,7
2024-01-18,SKU-10345,SUP-231,1513,756,1586,0,8
2024-01-18,SKU-10346,SUP-209,3000,265,1642,0,12
2024-01-18,SKU-10347,SUP-212,2249,489,527,0,3
2024-01-18,SKU-10348,SUP-218,2655,638,702,0,11
2024-01-18,SKU-10349,SUP-213,1089,500,937,0,13
2024-01-18,SKU-10350,SUP-203,888,302,609,0,6
2024-01-18,SKU-10351,SUP-237,735,292,1300,0,8
2024-01-18,SKU-10352,SUP-247,1842,706,676,0,9
2024-01-18,SKU-10353,SUP-234,1967,271,988,0,11
2024-01-18,SKU-10354,SUP-203,1334,617,1253,0,8
2024-01-18,SKU-10355,SUP-247,1266,318,1211,0,8
2024-01-18,SKU-10356,SUP-220,2262,257,616,0,11
2024-01-18,SKU-10357,SUP-203,943,278,1058,0,8
2024-01-18,SKU-10358,SUP-203,1822,307,1298,0,14
2024-01-18,SKU-10359,SUP-237,39,365,1354,1354,12
2024-01-18,SKU-10360,SUP-230,1615,582,1284,0,9
2024-01-18,SKU-10361,SUP-232,2063,438,607,0,7
2024-01-18,SKU-10362,SUP-233,815,629,1871,0,13
2024-01-18,SKU-10363,SUP-210,2112,605,1451,0,12
2024-01-18,SKU-10364,SUP-203,1323,761,859,0,14
2024-01-18,SKU-10365,SUP-232,1343,292,1653,0,6
2024-01-18,SKU-10366,SUP-205,1530,413,829,0,14
2024-01-18,SKU-10367,SUP-211,204,297,1626,1626,11
2024-01-18,SKU-10368,SUP-204,1395,551,966,0,8
2024-01-18,SKU-10369,SUP-238,2060,457,561,0,4
2024-01-18,SKU-10370,SUP-204,1565,241,1896,0,7
2024-01-18,SKU-10371,SUP-243,1447,578,1415,0,10
2024-01-18,SKU-10372,SUP-215,2823,503,534,0,10
2024-01-18,SKU-10373,SUP-225,1092,692,990,0,7
2024-01-18,SKU-10374,SUP-207,2296,714,1836,0,12
2024-01-18,SKU-10375,SUP-236,2080,712,829,0,14
2024-01-18,SKU-10376,SUP-215,2065,209,626,0,11
2024-01-18,SKU-10377,SUP-237,790,686,941,0,7
2024-01-18,SKU-10378,SUP-238,1756,202,825,0,8
2024-01-18,SKU-10379,SUP-202,530,572,968,968,10
2024-01-18,SKU-10380,SUP-239,1261,445,569,0,3
2024-01-18,SKU-10381,SUP-205,2713,456,1106,0,9
2024-01-18,SKU-10382,SUP-226,939,693,561,0,5
2024-01-18,SKU-10383,SUP-242,1935,279,984,0,8
2024-01-18,SKU-10384,SUP-237,659,716,760,760,11
2024-01-18,SKU-10385,SUP-236,2291,483,1570,0,7
2024-01-18,SKU-10386,SUP-233,1362,798,1153,0,13
2024-01-18,SKU-10387,SUP-220,870,207,1560,0,8
2024-01-18,SKU-10388,SUP-216,47,465,1590,1590,9
2024-01-18,SKU-10389,SUP-213,133,756,1145,1145,8
2024-01-18,SKU-10390,SUP-242,1936,420,1716,0,10
2024-01-18,SKU-10391,SUP-245,3124,297,775,0,14
2024-01-18,SKU-10392,SUP-220,1305,632,508,0,7
2024-01-18,SKU-10393,SUP-215,2552,231,1351,0,3
2024-01-18,SKU-10394,SUP-216,2571,241,551,0,14
2024-01-18,SKU-10395,SUP-225,2150,690,1650,0,11
2024-01-18,SKU-10396,SUP-208,2003,543,1090,0,9
2024-01-18,SKU-10397,SUP-242,3033,227,1552,0,4
2024-01-18,SKU-10398,SUP-241,663,679,571,571,13
2024-01-18,SKU-10399,SUP-219,2271,596,731,0,13
2024-01-18,SKU-10400,SUP-229,337,245,1748,0,10
2024-01-18,SKU-10401,SUP-220,1772,480,737,0,11
2024-01-18,SKU-10402,SUP-248,1319,298,1226,0,10
2024-01-18,SKU-10403,SUP-204,1046,223,1886,0,8
2024-01-18,SKU-10404,SUP-200,2532,427,627,0,7
2024-01-18,SKU-10405,SUP-229,1933,524,1158,0,12
2024-01-18,SKU-10406,SUP-239,1560,201,1960,0,5
2024-01-18,SKU-10407,SUP-236,1624,234,1168,0,14
2024-01-18,SKU-10408,SUP-206,2522,535,1956,0,10
2024-01-18,SKU-10409,SUP-204,2622,678,897,0,5
2024-01-18,SKU-10410,SUP-234,1950,479,1875,0,7
2024-01-18,SKU-10411,SUP-213,1373,384,1414,0,4
2024-01-18,SKU-10412,SUP-232,1825,291,1691,0,4
2024-01-18,SKU-10413,SUP-216,3018,508,1652,0,3
2024-01-18,SKU-10414,SUP-208,2868,487,1472,0,7
2024-01-18,SKU-10415,SUP-222,1022,539,1518,0,14
2024-01-18,SKU-10416,SUP-204,282,363,1914,1914,3
2024-01-18,SKU-10417,SUP-215,2286,283,1112,0,13
2024-01-18,SKU-10418,SUP-223,259,498,1347,1347,5
2024-01-18,SKU-10419,SUP-218,2338,221,1717,0,4
2024-01-18,SKU-10420,SUP-210,2135,473,1907,0,5
2024-01-18,SKU-10421,SUP-228,1821,738,658,0,14
2024-01-18,SKU-10422,SUP-234,1814,638,1902,0,6
2024-01-18,SKU-10423,SUP-245,699,769,646,646,9
2024-01-18,SKU-10424,SUP-219,1004,593,1705,0,13
2024-01-18,SKU-10425,SUP-239,758,602,1004,0,6
2024-01-18,SKU-10426,SUP-241,1853,216,1374,0,12
2024-01-18,SKU-10427,SUP-233,278,500,1508,1508,6
2024-01-18,SKU-10428,SUP-200,434,318,1195,0,14
2024-01-18,SKU-10429,SUP-242,2879,517,620,0,12
2024-01-18,SKU-10430,SUP-235,1920,483,890,0,7
2024-01-18,SKU-10431,SUP-219,2972,691,1257,0,4
2024-01-18,SKU-10432,SUP-242,2756,387,903,0,12
2024-01-18,SKU-10433,SUP-206,2719,353,702,0,11
2024-01-18,SKU-10434,SUP-208,2720,200,1265,0,9
2024-01-18,SKU-10435,SUP-216,905,477,1717,0,3
2024-01-18,SKU-10436,SUP-207,2988,633,919,0,6
2024-01-18,SKU-10437,SUP-206,1698,309,1399,0,6
2024-01-18,SKU-10438,SUP-247,405,751,1303,1303,5
2024-01-18,SKU-10439,SUP-235,1813,230,1697,0,3
2024-01-18,SKU-10440,SUP-209,1829,474,1619,0,12
2024-01-18,SKU-10441,SUP-217,1144,360,1829,0,6
2024-01-18,SKU-10442,SUP-218,2380,537,1661,0,8
2024-01-18,SKU-10443,SUP-238,2688,378,836,0,12
2024-01-18,SKU-10444,SUP-213,2371,654,998,0,5
2024-01-18,SKU-10445,SUP-245,1596,447,1787,0,5
2024-01-18,SKU-10446,SUP-221,891,592,678,0,7
2024-01-18,SKU-10447,SUP-213,1659,698,1176,0,13
2024-01-18,SKU-10448,SUP-243,329,298,680,0,11
2024-01-18,SKU-10449,SUP-240,392,452,1362,1362,12
2024-01-18,SKU-10450,SUP-216,437,690,1370,1370,13
2024-01-18,SKU-10451,SUP-232,2707,340,1589,0,5
2024-01-18,SKU-10452,SUP-231,342,597,968,968,11
2024-01-18,SKU-10453,SUP-216,2587,389,1440,0,14
2024-01-18,SKU-10454,SUP-203,224,282,750,750,8
2024-01-18,SKU-10455,SUP-205,1407,584,1199,0,12
2024-01-18,SKU-10456,SUP-240,1161,374,1232,0,5
2024-01-18,SKU-10457,SUP-227,2232,715,1836,0,8
2024-01-18,SKU-10458,SUP-217,1028,709,629,0,3
2024-01-18,SKU-10459,SUP-202,1724,529,648,0,11
2024-01-18,SKU-10460,SUP-200,1763,318,1957,0,6
2024-01-18,SKU-10461,SUP-221,715,439,1412,0,10
2024-01-18,SKU-10462,SUP-249,1376,762,975,0,6
2024-01-18,SKU-10463,SUP-208,1110,706,717,0,5
2024-01-18,SKU-10464,SUP-240,862,421,787,0,7
2024-01-18,SKU-10465,SUP-216,614,523,1117,0,13
2024-01-18,SKU-10466,SUP-210,968,524,1790,0,11
2024-01-18,SKU-10467,SUP-247,1274,402,1352,0,8
2024-01-18,SKU-10468,SUP-228,3062,252,1002,0,6
2024-01-18,SKU-10469,SUP-235,242,466,585,585,7
2024-01-18,SKU-10470,SUP-245,306,216,1712,0,12
2024-01-18,SKU-10471,SUP-227,1235,750,1377,0,11
2024-01-18,SKU-10472,SUP-235,2260,233,1300,0,12
2024-01-18,SKU-10473,SUP-200,1689,432,1104,0,13
2024-01-18,SKU-10474,SUP-207,1376,478,1651,0,7
2024-01-18,SKU-10475,SUP-204,2900,258,1705,0,12
2024-01-18,SKU-10476,SUP-244,1679,717,1054,0,3
2024-01-18,SKU-10477,SUP-209,151,607,620,620,10
2024-01-18,SKU-10478,SUP-234,2982,441,577,0,12
2024-01-18,SKU-10479,SUP-202,2675,464,1181,0,9
2024-01-18,SKU-10480,SUP-223,298,657,510,510,13
2024-01-18,SKU-10481,SUP-237,2140,204,1893,0,12
2024-01-18,SKU-10482,SUP-235,2423,441,1795,0,9
2024-01-18,SKU-10483,SUP-209,1918,225,680,0,14
2024-01-18,SKU-10484,SUP-227,2710,779,1375,0,9
2024-01-18,SKU-10485,SUP-208,2809,581,1014,0,4
2024-01-18,SKU-10486,SUP-202,1741,627,1948,0,9
2024-01-18,SKU-10487,SUP-219,2141,526,1370,0,7
2024-01-18,SKU-10488,SUP-223,1734,719,1429,0,4
2024-01-18,SKU-10489,SUP-202,2658,506,1009,0,10
2024-01-18,SKU-10490,SUP-222,119,689,1167,1167,4
2024-01-18,SKU-10491,SUP-213,1175,338,1928,0,12
2024-01-18,SKU-10492,SUP-243,2066,718,684,0,5
2024-01-18,SKU-10493,SUP-215,2319,480,1042,0,8
2024-01-18,SKU-10494,SUP-242,165,336,1474,1474,10
2024-01-18,SKU-10495,SUP-206,1077,730,1297,0,11
2024-01-18,SKU-10496,SUP-222,137,711,929,929,12
2024-01-18,SKU-10497,SUP-249,509,613,1012,1012,13
2024-01-18,SKU-10498,SUP-235,656,276,580,0,12
2024-01-18,SKU-10499,SUP-226,2841,401,1345,0,13
2024-01-19,SKU-10000,SUP-240,1049,511,1098,0,7
2024-01-19,SKU-10001,SUP-207,2780,798,1949,0,4
2024-01-19,SKU-10002,SUP-201,384,718,1271,1271,14
2024-01-19,SKU-10003,SUP-247,455,739,986,986,6
2024-01-19,SKU-10004,SUP-217,2440,329,1593,0,9
2024-01-19,SKU-10005,SUP-215,2464,407,590,0,10
2024-01-19,SKU-10006,SUP-214,1067,323,611,0,4
2024-01-19,SKU-10007,SUP-208,594,346,631,0,14
2024-01-19,SKU-10008,SUP-247,2968,752,1067,0,9
2024-01-19,SKU-10009,SUP-206,749,530,1443,0,6
2024-01-19,SKU-10010,SUP-243,221,283,1019,1019,13
2024-01-19,SKU-10011,SUP-247,993,230,746,0,4
2024-01-19,SKU-10012,SUP-234,2128,697,1353,0,5
2024-01-19,SKU-10013,SUP-205,324,477,1041,1041,7
2024-01-19,SKU-10014,SUP-237,446,402,749,0,9
2024-01-19,SKU-10015,SUP-227,1591,523,1031,0,6
2024-01-19,SKU-10016,SUP-202,1368,217,1627,0,10
2024-01-19,SKU-10017,SUP-201,1736,613,1607,0,6
2024-01-19,SKU-10018,SUP-205,1263,578,957,0,3
2024-01-19,SKU-10019,SUP-213,1728,575,707,0,4
2024-01-19,SKU-10020,SUP-214,518,729,984,984,12
2024-01-19,SKU-10021,SUP-232,2895,450,1822,0,7
2024-01-19,SKU-10022,SUP-238,1007,444,1223,0,12
2024-01-19,SKU-10023,SUP-201,2081,513,1103,0,12
2024-01-19,SKU-10024,SUP-235,300,396,1195,1195,4
2024-01-19,SKU-10025,SUP-212,670,677,1035,1035,14
2024-01-19,SKU-10026,SUP-245,757,553,1234,0,6
2024-01-19,SKU-10027,SUP-241,284,309,813,813,6
2024-01-19,SKU-10028,SUP-244,1034,366,552,0,12
2024-01-19,SKU-10029,SUP-234,280,209,909,0,5
2024-01-19,SKU-10030,SUP-226,2973,627,987,0,4
2024-01-19,SKU-10031,SUP-214,1421,783,1155,0,10
2024-01-19,SKU-10032,SUP-228,236,225,692,0,4
2024-01-19,SKU-10033,SUP-237,2300,250,1654,0,9
2024-01-19,SKU-10034,SUP-217,1528,499,645,0,4
2024-01-19,SKU-10035,SUP-200,511,703,650,650,8
2024-01-19,SKU-10036,SUP-248,1423,697,1400,0,9
2024-01-19,SKU-10037,SUP-210,190,226,1110,1110,3
2024-01-19,SKU-10038,SUP-244,314,326,1639,1639,14
2024-01-19,SKU-10039,SUP-227,137,329,522,522,5
2024-01-19,SKU-10040,SUP-221,2590,528,970,0,6
2024-01-19,SKU-10041,SUP-217,487,444,1437,0,12
2024-01-19,SKU-10042,SUP-209,2024,259,638,0,7
2024-01-19,SKU-10043,SUP-213,2277,567,985,0,13
2024-01-19,SKU-10044,SUP-248,1772,312,782,0,6
2024-01-19,SKU-10045,SUP-221,2751,240,1431,0,9
2024-01-19,SKU-10046,SUP-206,1315,545,970,0,5
2024-01-19,SKU-10047,SUP-205,8,718,1498,1498,8
2024-01-19,SKU-10048,SUP-224,2239,689,923,0,5
2024-01-19,SKU-10049,SUP-206,1042,243,1691,0,5
2024-01-19,SKU-10050,SUP-222,1292,475,1506,0,3
2024-01-19,SKU-10051,SUP-222,763,620,1872,0,6
2024-01-19,SKU-10052,SUP-238,935,518,1943,0,9
2024-01-19,SKU-10053,SUP-216,2152,776,1501,0,14
2024-01-19,SKU-10054,SUP-202,2132,630,1963,0,6
2024-01-19,SKU-10055,SUP-246,475,381,1574,0,13
2024-01-19,SKU-10056,SUP-229,2645,257,918,0,11
2024-01-19,SKU-10057,SUP-234,713,693,858,0,14
2024-01-19,SKU-10058,SUP-207,1094,738,843,0,11
2024-01-19,SKU-10059,SUP-224,2276,219,802,0,10
2024-01-19,SKU-10060,SUP-205,1046,775,1535,0,11
2024-01-19,SKU-10061,SUP-235,2952,602,1961,0,3
2024-01-19,SKU-10062,SUP-218,1481,699,1949,0,11
2024-01-19,SKU-10063,SUP-240,1081,297,1968,0,3
2024-01-19,SKU-10064,SUP-239,1293,791,1063,0,6
2024-01-19,SKU-10065,SUP-223,1984,702,1890,0,13
2024-01-19,SKU-10066,SUP-236,576,588,1087,1087,12
2024-01-19,SKU-10067,SUP-212,1628,701,1023,0,10
2024-01-19,SKU-10068,SUP-245,2661,433,685,0,7
2024-01-19,SKU-10069,SUP-204,90,432,1691,1691,9
2024-01-19,SKU-10070,SUP-202,1515,492,1923,0,9
2024-01-19,SKU-10071,SUP-242,32,367,1808,1808,9
2024-01-19,SKU-10072,SUP-214,131,352,1327,1327,8
2024-01-19,SKU-10073,SUP-249,2487,684,582,0,7
2024-01-19,SKU-10074,SUP-218,1413,688,1791,0,11
2024-01-19,SKU-10075,SUP-205,2187,575,650,0,6
2024-01-19,SKU-10076,SUP-214,828,300,1279,0,6
2024-01-19,SKU-10077,SUP-206,1086,482,1136,0,3
2024-01-19,SKU-10078,SUP-224,630,642,1125,1125,10
2024-01-19,SKU-10079,SUP-217,2251,759,1348,0,4
2024-01-19,SKU-10080,SUP-229,2011,769,1089,0,5
2024-01-19,SKU-10081,SUP-240,2401,705,1632,0,11
2024-01-19,SKU-10082,SUP-223,1874,615,1400,0,10
2024-01-19,SKU-10083,SUP-210,369,783,1911,1911,6
2024-01-19,SKU-10084,SUP-223,286,309,581,581,6
2024-01-19,SKU-10085,SUP-222,744,420,1712,0,10
2024-01-19,SKU-10086,SUP-213,2503,785,697,0,6
2024-01-19,SKU-10087,SUP-242,1365,336,1869,0,5
2024-01-19,SKU-10088,SUP-217,2318,579,941,0,3
2024-01-19,SKU-10089,SUP-244,1851,226,1436,0,3
2024-01-19,SKU-10090,SUP-243,668,555,735,0,9
2024-01-19,SKU-10091,SUP-241,915,748,938,0,4
2024-01-19,SKU-10092,SUP-204,2771,670,1834,0,11
2024-01-19,SKU-10093,SUP-238,665,429,839,0,6
2024-01-19,SKU-10094,SUP-240,2246,252,841,0,9
2024-01-19,SKU-10095,SUP-210,686,531,1602,0,10
2024-01-19,SKU-10096,SUP-234,120,401,891,891,8
2024-01-19,SKU-10097,SUP-246,2207,522,1991,0,4
2024-01-19,SKU-10098,SUP-215,709,671,1091,0,14
2024-01-19,SKU-10099,SUP-210,36,514,1773,1773,4
2024-01-19,SKU-10100,SUP-229,506,431,530,0,12
2024-01-19,SKU-10101,SUP-224,1190,450,886,0,7
2024-01-19,SKU-10102,SUP-217,1106,782,521,0,9
2024-01-19,SKU-10103,SUP-240,2263,550,739,0,5
2024-01-19,SKU-10104,SUP-244,499,724,656,656,9
2024-01-19,SKU-10105,SUP-235,1027,274,1451,0,7
2024-01-19,SKU-10106,SUP-214,2467,678,592,0,8
2024-01-19,SKU-10107,SUP-243,2205,431,750,0,6
2024-01-19,SKU-10108,SUP-220,1605,218,1810,0,9
2024-01-19,SKU-10109,SUP-249,2253,577,1747,0,12
2024-01-19,SKU-10110,SUP-249,77,378,1237,1237,7
2024-01-19,SKU-10111,SUP-203,2726,691,1456,0,9
2024-01-19,SKU-10112,SUP-214,2162,479,1766,0,6
2024-01-19,SKU-10113,SUP-202,1008,278,936,0,6
2024-01-19,SKU-10114,SUP-220,1983,312,1485,0,14
2024-01-19,SKU-10115,SUP-225,473,419,1799,0,14
2024-01-19,SKU-10116,SUP-217,1567,248,509,0,5
2024-01-19,SKU-10117,SUP-204,297,385,728,728,10
2024-01-19,SKU-10118,SUP-213,2870,220,515,0,13
2024-01-19,SKU-10119,SUP-236,56,458,1513,1513,10
2024-01-19,SKU-10120,SUP-245,369,710,1831,1831,5
2024-01-19,SKU-10121,SUP-220,1682,664,1932,0,4
2024-01-19,SKU-10122,SUP-213,2952,470,774,0,9
2024-01-19,SKU-10123,SUP-241,1596,392,1046,0,3
2024-01-19,SKU-10124,SUP-231,261,517,1914,1914,9
2024-01-19,SKU-10125,SUP-225,692,349,1731,0,8
2024-01-19,SKU-10126,SUP-241,428,457,991,991,6
2024-01-19,SKU-10127,SUP-229,1207,680,679,0,7
2024-01-19,SKU-10128,SUP-209,584,470,853,0,9
2024-01-19,SKU-10129,SUP-216,398,507,922,922,4
2024-01-19,SKU-10130,SUP-208,2378,432,866,0,14
2024-01-19,SKU-10131,SUP-215,2259,348,1394,0,14
2024-01-19,SKU-10132,SUP-247,594,770,614,614,6
2024-01-19,SKU-10133,SUP-235,289,473,612,612,3
2024-01-19,SKU-10134,SUP-234,2584,491,815,0,4
2024-01-19,SKU-10135,SUP-216,41,727,1656,1656,5
2024-01-19,SKU-10136,SUP-247,463,359,1318,0,14
2024-01-19,SKU-10137,SUP-237,1780,583,1374,0,3
2024-01-19,SKU-10138,SUP-227,726,769,718,718,13
2024-01-19,SKU-10139,SUP-237,79,622,985,985,11
2024-01-19,SKU-10140,SUP-225,2887,470,1411,0,3
2024-01-19,SKU-10141,SUP-223,911,372,1286,0,13
2024-01-19,SKU-10142,SUP-214,305,412,1795,1795,9
2024-01-19,SKU-10143,SUP-208,2255,752,1669,0,6
2024-01-19,SKU-10144,SUP-232,2135,540,1171,0,9
2024-01-19,SKU-10145,SUP-231,135,781,1945,1945,8
2024-01-19,SKU-10146,SUP-205,2929,445,1497,0,4
2024-01-19,SKU-10147,SUP-248,2126,715,1805,0,14
2024-01-19,SKU-10148,SUP-203,1395,762,541,0,9
2024-01-19,SKU-10149,SUP-207,2319,458,1714,0,14
2024-01-19,SKU-10150,SUP-209,2090,273,1134,0,8
2024-01-19,SKU-10151,SUP-240,426,447,1710,1710,8
2024-01-19,SKU-10152,SUP-210,1934,669,1078,0,10
2024-01-19,SKU-10153,SUP-243,1009,328,878,0,5
2024-01-19,SKU-10154,SUP-227,1343,663,1725,0,7
2024-01-19,SKU-10155,SUP-238,549,351,1152,0,7
2024-01-19,SKU-10156,SUP-204,1084,361,646,0,14
2024-01-19,SKU-10157,SUP-224,265,569,1150,1150,3
2024-01-19,SKU-10158,SUP-224,1360,275,1068,0,14
2024-01-19,SKU-10159,SUP-238,547,506,846,0,11
2024-01-19,SKU-10160,SUP-229,1284,370,664,0,12
2024-01-19,SKU-10161,SUP-233,58,250,1083,1083,13
2024-01-19,SKU-10162,SUP-216,1413,415,1714,0,12
2024-01-19,SKU-10163,SUP-235,2187,762,1777,0,13
2024-01-19,SKU-10164,SUP-200,1604,555,1116,0,14
2024-01-19,SKU-10165,SUP-243,1969,316,866,0,4
2024-01-19,SKU-10166,SUP-246,2077,412,1706,0,8
2024-01-19,SKU-10167,SUP-207,1509,563,1969,0,3
2024-01-19,SKU-10168,SUP-243,2612,445,1263,0,3
2024-01-19,SKU-10169,SUP-234,1188,564,1401,0,12
2024-01-19,SKU-10170,SUP-248,1576,384,1910,0,10
2024-01-19,SKU-10171,SUP-217,846,551,1088,0,4
2024-01-19,SKU-10172,SUP-249,1437,350,1584,0,9
2024-01-19,SKU-10173,SUP-241,457,238,1776,0,12
2024-01-19,SKU-10174,SUP-221,968,432,853,0,7
2024-01-19,SKU-10175,SUP-207,2329,725,910,0,13
2024-01-19,SKU-10176,SUP-218,1019,442,507,0,13
2024-01-19,SKU-10177,SUP-227,2799,779,665,0,13
2024-01-19,SKU-10178,SUP-210,1695,351,1948,0,4
2024-01-19,SKU-10179,SUP-229,1624,450,1600,0,8
2024-01-19,SKU-10180,SUP-200,716,578,1751,0,8
2024-01-19,SKU-10181,SUP-246,1120,434,1691,0,6
2024-01-19,SKU-10182,SUP-246,1860,536,1850,0,9
2024-01-19,SKU-10183,SUP-216,2637,296,1152,0,3
2024-01-19,SKU-10184,SUP-232,831,284,1940,0,11
2024-01-19,SKU-10185,SUP-248,711,741,1974,1974,4
2024-01-19,SKU-10186,SUP-211,295,427,1016,1016,3
2024-01-19,SKU-10187,SUP-232,59,223,962,962,3
2024-01-19,SKU-10188,SUP-206,1794,733,1823,0,14
2024-01-19,SKU-10189,SUP-240,1176,673,1803,0,11
2024-01-19,SKU-10190,SUP-219,2199,271,1327,0,6
2024-01-19,SKU-10191,SUP-240,2367,353,653,0,13
2024-01-19,SKU-10192,SUP-232,964,297,825,0,12
2024-01-19,SKU-10193,SUP-238,634,747,1569,1569,10
2024-01-19,SKU-10194,SUP-212,2491,559,1081,0,11
2024-01-19,SKU-10195,SUP-209,1096,565,937,0,9
2024-01-19,SKU-10196,SUP-223,1462,510,894,0,4
2024-01-19,SKU-10197,SUP-248,1323,563,746,0,3
2024-01-19,SKU-10198,SUP-210,2446,476,1122,0,5
2024-01-19,SKU-10199,SUP-234,821,689,714,0,9
2024-01-19,SKU-10200,SUP-249,2719,251,796,0,14
2024-01-19,SKU-10201,SUP-233,2291,799,670,0,7
2024-01-19,SKU-10202,SUP-200,1734,685,954,0,14
2024-01-19,SKU-10203,SUP-238,721,349,1135,0,9
2024-01-19,SKU-10204,SUP-220,2892,477,534,0,3
2024-01-19,SKU-10205,SUP-231,239,596,753,753,10
2024-01-19,SKU-10206,SUP-201,411,249,1756,0,11
2024-01-19,SKU-10207,SUP-207,2733,295,842,0,10
2024-01-19,SKU-10208,SUP-223,2272,280,506,0,12
2024-01-19,SKU-10209,SUP-219,154,726,1636,1636,10
2024-01-19,SKU-10210,SUP-215,921,218,508,0,11
2024-01-19,SKU-10211,SUP-203,1048,333,1625,0,7
2024-01-19,SKU-10212,SUP-215,2097,339,1818,0,8
2024-01-19,SKU-10213,SUP-236,2621,365,1490,0,5
2024-01-19,SKU-10214,SUP-205,335,635,1679,1679,4
2024-01-19,SKU-10215,SUP-205,1903,775,1293,0,3
2024-01-19,SKU-10216,SUP-246,1803,425,1749,0,5
2024-01-19,SKU-10217,SUP-231,1694,232,568,0,5
2024-01-19,SKU-10218,SUP-204,2519,569,1922,0,10
2024-01-19,SKU-10219,SUP-248,2185,284,1435,0,11
2024-01-19,SKU-10220,SUP-234,1521,404,1244,0,3
2024-01-19,SKU-10221,SUP-249,1919,725,824,0,12
2024-01-19,SKU-10222,SUP-208,2904,545,1517,0,11
2024-01-19,SKU-10223,SUP-208,2528,577,1538,0,8
2024-01-19,SKU-10224,SUP-242,1378,645,553,0,6
2024-01-19,SKU-10225,SUP-230,2115,456,1884,0,4
2024-01-19,SKU-10226,SUP-235,2613,337,1974,0,6
2024-01-19,SKU-10227,SUP-210,477,676,692,692,5
2024-01-19,SKU-10228,SUP-216,735,420,671,0,14
2024-01-19,SKU-10229,SUP-233,1149,264,1692,0,3
2024-01-19,SKU-10230,SUP-238,2967,579,572,0,14
2024-01-19,SKU-10231,SUP-227,1314,427,1641,0,14
2024-01-19,SKU-10232,SUP-213,2348,733,1002,0,4
2024-01-19,SKU-10233,SUP-234,1148,751,1423,0,11
2024-01-19,SKU-10234,SUP-248,1913,311,1010,0,3
2024-01-19,SKU-10235,SUP-246,58,463,615,615,5
2024-01-19,SKU-10236,SUP-244,2435,319,785,0,14
2024-01-19,SKU-10237,SUP-212,1391,351,1097,0,7
2024-01-19,SKU-10238,SUP-245,2049,445,1417,0,13
2024-01-19,SKU-10239,SUP-219,1022,361,1111,0,3
2024-01-19,SKU-10240,SUP-225,1052,728,1959,0,6
2024-01-19,SKU-10241,SUP-242,1028,537,549,0,13
2024-01-19,SKU-10242,SUP-241,2738,755,1413,0,8
2024-01-19,SKU-10243,SUP-223,2609,485,1060,0,4
2024-01-19,SKU-10244,SUP-228,1612,767,754,0,14
2024-01-19,SKU-10245,SUP-233,2695,663,1279,0,3
2024-01-19,SKU-10246,SUP-228,113,789,1322,1322,11
2024-01-19,SKU-10247,SUP-207,2025,394,1257,0,12
2024-01-19,SKU-10248,SUP-215,774,762,1920,0,11
2024-01-19,SKU-10249,SUP-214,2565,567,957,0,8
2024-01-19,SKU-10250,SUP-204,2410,543,1219,0,12
2024-01-19,SKU-10251,SUP-221,1523,314,1615,0,12
2024-01-19,SKU-10252,SUP-201,2708,597,604,0,14
2024-01-19,SKU-10253,SUP-237,677,478,511,0,10
2024-01-19,SKU-10254,SUP-235,405,737,1737,1737,12
2024-01-19,SKU-10255,SUP-214,1545,461,995,0,4
2024-01-19,SKU-10256,SUP-237,1285,490,588,0,10
2024-01-19,SKU-10257,SUP-214,1369,705,1653,0,10
2024-01-19,SKU-10258,SUP-200,1946,733,1904,0,3
2024-01-19,SKU-10259,SUP-204,972,701,757,0,10
2024-01-19,SKU-10260,SUP-245,873,749,1164,0,10
2024-01-19,SKU-10261,SUP-240,2767,721,1468,0,4
2024-01-19,SKU-10262,SUP-203,1002,582,1637,0,11
2024-01-19,SKU-10263,SUP-214,1170,306,978,0,9
2024-01-19,SKU-10264,SUP-204,2290,685,608,0,8
2024-01-19,SKU-10265,SUP-202,1110,593,631,0,6
2024-01-19,SKU-10266,SUP-221,1939,593,697,0,11
2024-01-19,SKU-10267,SUP-204,219,293,1815,1815,11
2024-01-19,SKU-10268,SUP-232,2724,779,756,0,5
2024-01-19,SKU-10269,SUP-215,1986,370,769,0,11
2024-01-19,SKU-10270,SUP-217,1653,266,1274,0,10
2024-01-19,SKU-10271,SUP-242,1582,224,964,0,12
2024-01-19,SKU-10272,SUP-231,364,601,621,621,6
2024-01-19,SKU-10273,SUP-213,2037,408,1824,0,11
2024-01-19,SKU-10274,SUP-234,1070,733,1562,0,9
2024-01-19,SKU-10275,SUP-208,629,405,1082,0,11
2024-01-19,SKU-10276,SUP-246,732,407,904,0,6
2024-01-19,SKU-10277,SUP-236,1520,470,936,0,12
2024-01-19,SKU-10278,SUP-236,2437,591,686,0,6
2024-01-19,SKU-10279,SUP-230,1376,266,1962,0,8
2024-01-19,SKU-10280,SUP-215,809,767,584,0,8
2024-01-19,SKU-10281,SUP-230,1444,723,675,0,9
2024-01-19,SKU-10282,SUP-226,3026,490,629,0,5
2024-01-19,SKU-10283,SUP-212,449,731,763,763,6
2024-01-19,SKU-10284,SUP-206,2629,737,1604,0,13
2024-01-19,SKU-10285,SUP-206,2137,268,1407,0,4
2024-01-19,SKU-10286,SUP-242,922,509,514,0,8
2024-01-19,SKU-10287,SUP-227,1270,280,535,0,13
2024-01-19,SKU-10288,SUP-222,2214,232,848,0,14
2024-01-19,SKU-10289,SUP-227,2586,466,1016,0,12
2024-01-19,SKU-10290,SUP-226,500,642,877,877,8
2024-01-19,SKU-10291,SUP-229,1074,557,1037,0,9
2024-01-19,SKU-10292,SUP-246,879,212,1323,0,11
2024-01-19,SKU-10293,SUP-203,1274,535,1054,0,11
2024-01-19,SKU-10294,SUP-243,1837,348,706,0,7
2024-01-19,SKU-10295,SUP-241,1330,434,624,0,3
2024-01-19,SKU-10296,SUP-241,731,406,1940,0,9
2024-01-19,SKU-10297,SUP-206,2828,711,1072,0,3
2024-01-19,SKU-10298,SUP-203,1283,484,562,0,8
2024-01-19,SKU-10299,SUP-225,759,386,870,0,7
2024-01-19,SKU-10300,SUP-246,973,507,545,0,4
2024-01-19,SKU-10301,SUP-221,1162,656,832,0,13
2024-01-19,SKU-10302,SUP-206,967,712,1243,0,8
2024-01-19,SKU-10303,SUP-215,1771,412,890,0,11
2024-01-19,SKU-10304,SUP-212,1789,541,1173,0,8
2024-01-19,SKU-10305,SUP-212,1417,292,1519,0,5
2024-01-19,SKU-10306,SUP-234,1465,567,1583,0,12
2024-01-19,SKU-10307,SUP-228,2316,244,1720,0,6
2024-01-19,SKU-10308,SUP-208,2640,648,694,0,5
2024-01-19,SKU-10309,SUP-227,614,509,1090,0,6
2024-01-19,SKU-10310,SUP-211,460,695,1284,1284,11
2024-01-19,SKU-10311,SUP-217,1808,496,1326,0,9
2024-01-19,SKU-10312,SUP-229,311,460,1578,1578,12
2024-01-19,SKU-10313,SUP-215,2885,641,1782,0,4
2024-01-19,SKU-10314,SUP-204,1827,572,1568,0,8
2024-01-19,SKU-10315,SUP-228,997,684,1015,0,14
2024-01-19,SKU-10316,SUP-235,725,685,1333,0,4
2024-01-19,SKU-10317,SUP-206,549,595,1732,1732,5
2024-01-19,SKU-10318,SUP-203,148,504,1500,1500,13
2024-01-19,SKU-10319,SUP-241,31,349,1787,1787,4
2024-01-19,SKU-10320,SUP-234,783,438,1223,0,9
2024-01-19,SKU-10321,SUP-200,336,493,1936,1936,3
2024-01-19,SKU-10322,SUP-205,1300,656,1397,0,13
2024-01-19,SKU-10323,SUP-248,1860,732,1761,0,4
2024-01-19,SKU-10324,SUP-215,344,479,1425,1425,4
2024-01-19,SKU-10325,SUP-210,1970,772,1535,0,9
2024-01-19,SKU-10326,SUP-226,2594,437,1038,0,6
2024-01-19,SKU-10327,SUP-231,842,273,1957,0,12
2024-01-19,SKU-10328,SUP-230,1836,213,1111,0,13
2024-01-19,SKU-10329,SUP-213,392,620,605,605,12
2024-01-19,SKU-10330,SUP-225,18,684,1880,1880,9
2024-01-19,SKU-10331,SUP-203,2711,648,784,0,12
2024-01-19,SKU-10332,SUP-210,2229,728,1244,0,6
2024-01-19,SKU-10333,SUP-224,1552,606,592,0,4
2024-01-19,SKU-10334,SUP-200,2585,753,1252,0,9
2024-01-19,SKU-10335,SUP-224,1941,767,1090,0,5
2024-01-19,SKU-10336,SUP-216,846,631,1447,0,10
2024-01-19,SKU-10337,SUP-229,1279,753,1597,0,12
2024-01-19,SKU-10338,SUP-218,1567,742,1781,0,10
2024-01-19,SKU-10339,SUP-227,2391,762,673,0,13
2024-01-19,SKU-10340,SUP-244,1246,323,1640,0,9
2024-01-19,SKU-10341,SUP-246,1256,573,735,0,14
2024-01-19,SKU-10342,SUP-235,760,490,1864,0,13
2024-01-19,SKU-10343,SUP-242,1494,390,1067,0,9
2024-01-19,SKU-10344,SUP-245,1159,497,1595,0,7
2024-01-19,SKU-10345,SUP-231,2262,661,1134,0,3
2024-01-19,SKU-10346,SUP-209,613,717,1896,1896,7
2024-01-19,SKU-10347,SUP-212,253,278,1315,1315,4
2024-01-19,SKU-10348,SUP-218,123,332,1629,1629,7
2024-01-19,SKU-10349,SUP-213,2200,542,936,0,14
2024-01-19,SKU-10350,SUP-203,665,775,1399,1399,7
2024-01-19,SKU-10351,SUP-237,1198,425,1856,0,3
2024-01-19,SKU-10352,SUP-247,2357,202,1044,0,12
2024-01-19,SKU-10353,SUP-234,2116,413,1553,0,5
2024-01-19,SKU-10354,SUP-203,1077,286,1549,0,10
2024-01-19,SKU-10355,SUP-247,689,556,852,0,3
2024-01-19,SKU-10356,SUP-220,1295,719,1352,0,12
2024-01-19,SKU-10357,SUP-203,353,699,513,513,8
2024-01-19,SKU-10358,SUP-203,182,418,1295,1295,5
2024-01-19,SKU-10359,SUP-237,247,572,516,516,8
2024-01-19,SKU-10360,SUP-230,2600,665,943,0,5
2024-01-19,SKU-10361,SUP-232,1217,365,856,0,12
2024-01-19,SKU-10362,SUP-233,2271,575,1196,0,5
2024-01-19,SKU-10363,SUP-210,1002,431,1087,0,7
2024-01-19,SKU-10364,SUP-203,832,435,1846,0,9
2024-01-19,SKU-10365,SUP-232,2261,389,1113,0,8
2024-01-19,SKU-10366,SUP-205,2067,521,638,0,4
2024-01-19,SKU-10367,SUP-211,1342,423,1071,0,10
2024-01-19,SKU-10368,SUP-204,1640,719,1360,0,11
2024-01-19,SKU-10369,SUP-238,1832,620,686,0,11
2024-01-19,SKU-10370,SUP-204,1947,534,1226,0,11
2024-01-19,SKU-10371,SUP-243,530,491,616,0,10
2024-01-19,SKU-10372,SUP-215,1587,792,886,0,9
2024-01-19,SKU-10373,SUP-225,662,269,1697,0,14
2024-01-19,SKU-10374,SUP-207,513,518,1809,1809,3
2024-01-19,SKU-10375,SUP-236,2519,540,570,0,3
2024-01-19,SKU-10376,SUP-215,515,798,886,886,4
2024-01-19,SKU-10377,SUP-237,1640,752,1373,0,10
2024-01-19,SKU-10378,SUP-238,377,642,1453,1453,11
2024-01-19,SKU-10379,SUP-202,1577,495,1999,0,9
2024-01-19,SKU-10380,SUP-239,2493,558,1455,0,9
2024-01-19,SKU-10381,SUP-205,334,516,848,848,13
2024-01-19,SKU-10382,SUP-226,688,758,867,867,9
2024-01-19,SKU-10383,SUP-242,2802,272,1645,0,3
2024-01-19,SKU-10384,SUP-237,216,518,1454,1454,4
2024-01-19,SKU-10385,SUP-236,1677,552,854,0,12
2024-01-19,SKU-10386,SUP-233,392,404,1064,1064,11
2024-01-19,SKU-10387,SUP-220,1401,649,757,0,7
2024-01-19,SKU-10388,SUP-216,1655,222,1002,0,11
2024-01-19,SKU-10389,SUP-213,2760,248,667,0,7
2024-01-19,SKU-10390,SUP-242,360,304,1813,0,11
2024-01-19,SKU-10391,SUP-245,1773,424,733,0,12
2024-01-19,SKU-10392,SUP-220,917,698,1376,0,12
2024-01-19,SKU-10393,SUP-215,2316,587,844,0,10
2024-01-19,SKU-10394,SUP-216,513,799,1355,1355,3
2024-01-19,SKU-10395,SUP-225,1436,528,1706,0,12
2024-01-19,SKU-10396,SUP-208,438,453,1444,1444,7
2024-01-19,SKU-10397,SUP-242,2486,627,1463,0,5
2024-01-19,SKU-10398,SUP-241,1767,589,1349,0,10
2024-01-19,SKU-10399,SUP-219,882,211,836,0,5
2024-01-19,SKU-10400,SUP-229,2320,689,771,0,7
2024-01-19,SKU-10401,SUP-220,2088,322,1275,0,11
2024-01-19,SKU-10402,SUP-248,2550,606,1290,0,14
2024-01-19,SKU-10403,SUP-204,27,701,1509,1509,9
2024-01-19,SKU-10404,SUP-200,765,369,1398,0,5
2024-01-19,SKU-10405,SUP-229,1528,562,974,0,5
2024-01-19,SKU-10406,SUP-239,1142,261,1028,0,12
2024-01-19,SKU-10407,SUP-236,1588,264,1361,0,12
2024-01-19,SKU-10408,SUP-206,421,771,1494,1494,3
2024-01-19,SKU-10409,SUP-204,1132,290,1472,0,13
2024-01-19,SKU-10410,SUP-234,313,426,1350,1350,11
2024-01-19,SKU-10411,SUP-213,885,769,1111,0,12
2024-01-19,SKU-10412,SUP-232,1341,456,1489,0,3
2024-01-19,SKU-10413,SUP-216,2531,624,1930,0,6
2024-01-19,SKU-10414,SUP-208,67,298,677,677,11
2024-01-19,SKU-10415,SUP-222,1224,608,1453,0,8
2024-01-19,SKU-10416,SUP-204,2898,317,1470,0,3
2024-01-19,SKU-10417,SUP-215,344,555,1147,1147,3
2024-01-19,SKU-10418,SUP-223,1662,391,1252,0,11
2024-01-19,SKU-10419,SUP-218,426,589,1514,1514,9
2024-01-19,SKU-10420,SUP-210,1878,767,1713,0,14
2024-01-19,SKU-10421,SUP-228,2731,371,537,0,3
2024-01-19,SKU-10422,SUP-234,390,226,1147,0,14
2024-01-19,SKU-10423,SUP-245,1839,212,758,0,6
2024-01-19,SKU-10424,SUP-219,1144,460,777,0,12
2024-01-19,SKU-10425,SUP-239,2941,577,1155,0,7
2024-01-19,SKU-10426,SUP-241,2928,279,1541,0,11
2024-01-19,SKU-10427,SUP-233,592,257,1635,0,7
2024-01-19,SKU-10428,SUP-200,1879,514,661,0,8
2024-01-19,SKU-10429,SUP-242,350,779,1398,1398,10
2024-01-19,SKU-10430,SUP-235,551,364,1689,0,11
2024-01-19,SKU-10431,SUP-219,1110,305,1119,0,12
2024-01-19,SKU-10432,SUP-242,882,765,1497,0,8
2024-01-19,SKU-10433,SUP-206,1386,327,575,0,9
2024-01-19,SKU-10434,SUP-208,1358,633,1134,0,11
2024-01-19,SKU-10435,SUP-216,1678,725,1656,0,11
2024-01-19,SKU-10436,SUP-207,1619,590,743,0,4
2024-01-19,SKU-10437,SUP-206,484,452,1361,0,6
2024-01-19,SKU-10438,SUP-247,840,485,709,0,13
2024-01-19,SKU-10439,SUP-235,2237,341,1175,0,9
2024-01-19,SKU-10440,SUP-209,2266,225,1145,0,7
2024-01-19,SKU-10441,SUP-217,1684,559,1738,0,6
2024-01-19,SKU-10442,SUP-218,76,417,867,867,6
2024-01-19,SKU-10443,SUP-238,1545,232,1371,0,6
2024-01-19,SKU-10444,SUP-213,510,206,994,0,5
2024-01-19,SKU-10445,SUP-245,855,553,1195,0,9
2024-01-19,SKU-10446,SUP-221,691,487,1218,0,9
2024-01-19,SKU-10447,SUP-213,907,535,1525,0,11
2024-01-19,SKU-10448,SUP-243,2842,637,1262,0,8
2024-01-19,SKU-10449,SUP-240,2325,717,743,0,7
2024-01-19,SKU-10450,SUP-216,2503,322,1371,0,4
2024-01-19,SKU-10451,SUP-232,2377,269,1150,0,13
2024-01-19,SKU-10452,SUP-231,2980,517,936,0,4
2024-01-19,SKU-10453,SUP-216,1929,379,1035,0,5
2024-01-19,SKU-10454,SUP-203,276,662,1158,1158,8
2024-01-19,SKU-10455,SUP-205,2097,235,773,0,5
2024-01-19,SKU-10456,SUP-240,1164,682,516,0,8
2024-01-19,SKU-10457,SUP-227,413,331,762,0,12
2024-01-19,SKU-10458,SUP-217,2053,425,964,0,8
2024-01-19,SKU-10459,SUP-202,2442,444,517,0,13
2024-01-19,SKU-10460,SUP-200,2932,575,1413,0,8
2024-01-19,SKU-10461,SUP-221,1391,719,1775,0,6
2024-01-19,SKU-10462,SUP-249,1049,561,1061,0,5
2024-01-19,SKU-10463,SUP-208,1906,788,520,0,12
2024-01-19,SKU-10464,SUP-240,1161,678,1362,0,6
2024-01-19,SKU-10465,SUP-216,771,536,1671,0,9
2024-01-19,SKU-10466,SUP-210,1566,771,1318,0,3
2024-01-19,SKU-10467,SUP-247,1550,300,1637,0,8
2024-01-19,SKU-10468,SUP-228,1174,791,1713,0,5
2024-01-19,SKU-10469,SUP-235,1730,257,1002,0,6
2024-01-19,SKU-10470,SUP-245,895,767,1078,0,11
2024-01-19,SKU-10471,SUP-227,1288,330,1177,0,7
2024-01-19,SKU-10472,SUP-235,1620,566,1615,0,11
2024-01-19,SKU-10473,SUP-200,803,631,1828,0,14
2024-01-19,SKU-10474,SUP-207,1342,743,1177,0,6
2024-01-19,SKU-10475,SUP-204,2270,353,1986,0,8
2024-01-19,SKU-10476,SUP-244,835,396,607,0,12
2024-01-19,SKU-10477,SUP-209,492,484,1606,0,12
2024-01-19,SKU-10478,SUP-234,1416,344,777,0,6
2024-01-19,SKU-10479,SUP-202,1154,613,993,0,3
2024-01-19,SKU-10480,SUP-223,2053,631,1847,0,4
2024-01-19,SKU-10481,SUP-237,1325,734,1607,0,7
2024-01-19,SKU-10482,SUP-235,958,515,720,0,12
2024-01-19,SKU-10483,SUP-209,2341,690,1608,0,3
2024-01-19,SKU-10484,SUP-227,1035,414,1859,0,9
2024-01-19,SKU-10485,SUP-208,259,716,626,626,3
2024-01-19,SKU-10486,SUP-202,1148,735,1568,0,12
2024-01-19,SKU-10487,SUP-219,699,434,656,0,8
2024-01-19,SKU-10488,SUP-223,1542,423,1376,0,9
2024-01-19,SKU-10489,SUP-202,2372,717,807,0,11
2024-01-19,SKU-10490,SUP-222,2043,663,1295,0,11
2024-01-19,SKU-10491,SUP-213,1139,649,1271,0,6
2024-01-19,SKU-10492,SUP-243,2862,428,743,0,3
2024-01-19,SKU-10493,SUP-215,1062,699,1560,0,12
2024-01-19,SKU-10494,SUP-242,2145,260,567,0,9
2024-01-19,SKU-10495,SUP-206,2552,725,889,0,3
2024-01-19,SKU-10496,SUP-222,488,452,1618,0,5
2024-01-19,SKU-10497,SUP-249,2155,724,917,0,12
2024-01-19,SKU-10498,SUP-235,2867,405,1798,0,5
2024-01-19,SKU-10499,SUP-226,1146,347,883,0,10
2024-01-20,SKU-10000,SUP-240,2278,632,1556,0,10
2024-01-20,SKU-10001,SUP-207,1942,669,679,0,10
2024-01-20,SKU-10002,SUP-201,1445,334,1933,0,13
2024-01-20,SKU-10003,SUP-247,2324,616,1621,0,12
2024-01-20,SKU-10004,SUP-217,2767,526,1389,0,4
2024-01-20,SKU-10005,SUP-215,820,576,1538,0,6
2024-01-20,SKU-10006,SUP-214,2803,774,984,0,9
2024-01-20,SKU-10007,SUP-208,2306,226,1548,0,8
2024-01-20,SKU-10008,SUP-247,1077,485,913,0,6
2024-01-20,SKU-10009,SUP-206,1666,369,1813,0,6
2024-01-20,SKU-10010,SUP-243,1063,506,1061,0,10
2024-01-20,SKU-10011,SUP-247,375,338,1771,0,9
2024-01-20,SKU-10012,SUP-234,446,504,1542,1542,5
2024-01-20,SKU-10013,SUP-205,2269,694,1126,0,9
2024-01-20,SKU-10014,SUP-237,2432,551,1705,0,11
2024-01-20,SKU-10015,SUP-227,607,588,1106,0,14
2024-01-20,SKU-10016,SUP-202,2596,730,1661,0,14
2024-01-20,SKU-10017,SUP-201,1753,236,813,0,14
2024-01-20,SKU-10018,SUP-205,2721,678,1221,0,11
2024-01-20,SKU-10019,SUP-213,798,395,1483,0,14
2024-01-20,SKU-10020,SUP-214,1759,253,922,0,7
2024-01-20,SKU-10021,SUP-232,1027,309,1486,0,6
2024-01-20,SKU-10022,SUP-238,1747,349,1174,0,12
2024-01-20,SKU-10023,SUP-201,2776,444,1501,0,8
2024-01-20,SKU-10024,SUP-235,611,302,511,0,4
2024-01-20,SKU-10025,SUP-212,2929,351,1334,0,8
2024-01-20,SKU-10026,SUP-245,1406,616,695,0,7
2024-01-20,SKU-10027,SUP-241,2559,498,1456,0,12
2024-01-20,SKU-10028,SUP-244,1115,562,1117,0,3
2024-01-20,SKU-10029,SUP-234,1066,483,1580,0,11
2024-01-20,SKU-10030,SUP-226,343,572,1356,1356,5
2024-01-20,SKU-10031,SUP-214,2317,238,1832,0,11
2024-01-20,SKU-10032,SUP-228,2113,573,1257,0,14
2024-01-20,SKU-10033,SUP-237,1896,282,500,0,7
2024-01-20,SKU-10034,SUP-217,642,283,989,0,13
2024-01-20,SKU-10035,SUP-200,2540,590,1851,0,13
2024-01-20,SKU-10036,SUP-248,1384,544,634,0,6
2024-01-20,SKU-10037,SUP-210,2429,314,685,0,10
2024-01-20,SKU-10038,SUP-244,8,740,1491,1491,10
2024-01-20,SKU-10039,SUP-227,2811,618,1850,0,5
2024-01-20,SKU-10040,SUP-221,2301,297,1673,0,4
2024-01-20,SKU-10041,SUP-217,2855,646,622,0,4
2024-01-20,SKU-10042,SUP-209,2753,558,738,0,8
2024-01-20,SKU-10043,SUP-213,872,403,642,0,13
2024-01-20,SKU-10044,SUP-248,2154,299,783,0,7
2024-01-20,SKU-10045,SUP-221,2523,754,1397,0,13
2024-01-20,SKU-10046,SUP-206,677,618,1413,0,12
2024-01-20,SKU-10047,SUP-205,2504,219,631,0,6
2024-01-20,SKU-10048,SUP-224,2019,436,722,0,6
2024-01-20,SKU-10049,SUP-206,1704,526,1732,0,12
2024-01-20,SKU-10050,SUP-222,2720,553,969,0,7
2024-01-20,SKU-10051,SUP-222,213,663,1336,1336,5
2024-01-20,SKU-10052,SUP-238,1519,733,868,0,13
2024-01-20,SKU-10053,SUP-216,1715,515,1823,0,10
2024-01-20,SKU-10054,SUP-202,841,510,653,0,3
2024-01-20,SKU-10055,SUP-246,2091,792,1090,0,7
2024-01-20,SKU-10056,SUP-229,2386,650,627,0,12
2024-01-20,SKU-10057,SUP-234,851,280,1033,0,14
2024-01-20,SKU-10058,SUP-207,2260,797,878,0,10
2024-01-20,SKU-10059,SUP-224,1974,517,833,0,8
2024-01-20,SKU-10060,SUP-205,2765,726,1998,0,14
2024-01-20,SKU-10061,SUP-235,758,524,1376,0,9
2024-01-20,SKU-10062,SUP-218,596,775,1609,1609,14
2024-01-20,SKU-10063,SUP-240,2812,348,1271,0,9
2024-01-20,SKU-10064,SUP-239,981,204,582,0,10
2024-01-20,SKU-10065,SUP-223,2646,724,1501,0,8
2024-01-20,SKU-10066,SUP-236,460,663,1282,1282,7
2024-01-20,SKU-10067,SUP-212,612,470,983,0,14
2024-01-20,SKU-10068,SUP-245,1084,572,1038,0,13
2024-01-20,SKU-10069,SUP-204,2733,265,551,0,8
2024-01-20,SKU-10070,SUP-202,476,320,1053,0,10
2024-01-20,SKU-10071,SUP-242,2149,768,1732,0,10
2024-01-20,SKU-10072,SUP-214,196,538,911,911,10
2024-01-20,SKU-10073,SUP-249,1556,495,734,0,4
2024-01-20,SKU-10074,SUP-218,598,509,1443,0,14
2024-01-20,SKU-10075,SUP-205,2822,535,551,0,4
2024-01-20,SKU-10076,SUP-214,2297,442,855,0,6
2024-01-20,SKU-10077,SUP-206,822,787,1965,0,13
2024-01-20,SKU-10078,SUP-224,1821,318,1932,0,14
2024-01-20,SKU-10079,SUP-217,1404,648,1323,0,4
2024-01-20,SKU-10080,SUP-229,1574,775,1833,0,6
2024-01-20,SKU-10081,SUP-240,292,652,1642,1642,7
2024-01-20,SKU-10082,SUP-223,861,269,1446,0,8
2024-01-20,SKU-10083,SUP-210,2567,637,865,0,13
2024-01-20,SKU-10084,SUP-223,18,354,1283,1283,4
2024-01-20,SKU-10085,SUP-222,85,450,1191,1191,8
2024-01-20,SKU-10086,SUP-213,2198,268,1785,0,8
2024-01-20,SKU-10087,SUP-242,1783,565,1448,0,14
2024-01-20,SKU-10088,SUP-217,904,300,557,0,10
2024-01-20,SKU-10089,SUP-244,434,562,1988,1988,12
2024-01-20,SKU-10090,SUP-243,487,568,963,963,3
2024-01-20,SKU-10091,SUP-241,1515,552,1618,0,10
2024-01-20,SKU-10092,SUP-204,2365,603,1656,0,8
2024-01-20,SKU-10093,SUP-238,986,621,630,0,6
2024-01-20,SKU-10094,SUP-240,2773,789,1274,0,6
2024-01-20,SKU-10095,SUP-210,1572,374,1803,0,8
2024-01-20,SKU-10096,SUP-234,2735,608,723,0,11
2024-01-20,SKU-10097,SUP-246,664,387,1377,0,5
2024-01-20,SKU-10098,SUP-215,16,645,615,615,7
2024-01-20,SKU-10099,SUP-210,1364,432,1811,0,10
2024-01-20,SKU-10100,SUP-229,2341,558,1123,0,3
2024-01-20,SKU-10101,SUP-224,2392,678,1988,0,10
2024-01-20,SKU-10102,SUP-217,189,434,777,777,8
2024-01-20,SKU-10103,SUP-240,1546,431,773,0,3
2024-01-20,SKU-10104,SUP-244,442,473,1851,1851,10
2024-01-20,SKU-10105,SUP-235,1905,471,1823,0,10
2024-01-20,SKU-10106,SUP-214,2308,530,1119,0,5
2024-01-20,SKU-10107,SUP-243,1864,299,580,0,12
2024-01-20,SKU-10108,SUP-220,2198,329,713,0,3
2024-01-20,SKU-10109,SUP-249,1617,256,1097,0,4
2024-01-20,SKU-10110,SUP-249,618,342,922,0,11
2024-01-20,SKU-10111,SUP-203,1899,463,646,0,6
2024-01-20,SKU-10112,SUP-214,2067,254,729,0,6
2024-01-20,SKU-10113,SUP-202,1136,432,661,0,4
2024-01-20,SKU-10114,SUP-220,2017,699,678,0,12
2024-01-20,SKU-10115,SUP-225,542,353,1861,0,7
2024-01-20,SKU-10116,SUP-217,2421,365,1493,0,6
2024-01-20,SKU-10117,SUP-204,845,600,614,0,6
2024-01-20,SKU-10118,SUP-213,2833,425,1113,0,8
2024-01-20,SKU-10119,SUP-236,211,723,1333,1333,7
2024-01-20,SKU-10120,SUP-245,322,217,1627,0,12
2024-01-20,SKU-10121,SUP-220,1355,342,1154,0,6
2024-01-20,SKU-10122,SUP-213,2515,795,1439,0,6
2024-01-20,SKU-10123,SUP-241,1272,563,1590,0,11
2024-01-20,SKU-10124,SUP-231,1426,336,1618,0,14
2024-01-20,SKU-10125,SUP-225,84,691,757,757,5
2024-01-20,SKU-10126,SUP-241,259,523,1570,1570,8
2024-01-20,SKU-10127,SUP-229,987,610,1344,0,9
2024-01-20,SKU-10128,SUP-209,2138,465,634,0,6
2024-01-20,SKU-10129,SUP-216,2886,514,799,0,13
2024-01-20,SKU-10130,SUP-208,1381,573,1225,0,10
2024-01-20,SKU-10131,SUP-215,2077,253,837,0,9
2024-01-20,SKU-10132,SUP-247,449,468,823,823,13
2024-01-20,SKU-10133,SUP-235,765,785,1247,1247,14
2024-01-20,SKU-10134,SUP-234,1076,274,1095,0,7
2024-01-20,SKU-10135,SUP-216,511,593,514,514,7
2024-01-20,SKU-10136,SUP-247,2456,277,728,0,11
2024-01-20,SKU-10137,SUP-237,2450,384,947,0,7
2024-01-20,SKU-10138,SUP-227,453,409,1782,0,14
2024-01-20,SKU-10139,SUP-237,2643,253,968,0,3
2024-01-20,SKU-10140,SUP-225,839,796,1483,0,7
2024-01-20,SKU-10141,SUP-223,2659,646,1715,0,4
2024-01-20,SKU-10142,SUP-214,44,760,1562,1562,4
2024-01-20,SKU-10143,SUP-208,854,387,1107,0,7
2024-01-20,SKU-10144,SUP-232,622,497,1603,0,13
2024-01-20,SKU-10145,SUP-231,1362,417,766,0,9
2024-01-20,SKU-10146,SUP-205,654,483,1868,0,9
2024-01-20,SKU-10147,SUP-248,84,781,862,862,10
2024-01-20,SKU-10148,SUP-203,1995,269,1021,0,8
2024-01-20,SKU-10149,SUP-207,2613,514,1404,0,9
2024-01-20,SKU-10150,SUP-209,1520,562,537,0,13
2024-01-20,SKU-10151,SUP-240,2666,690,1633,0,4
2024-01-20,SKU-10152,SUP-210,2911,348,637,0,12
2024-01-20,SKU-10153,SUP-243,2437,540,801,0,8
2024-01-20,SKU-10154,SUP-227,1746,624,1496,0,7
2024-01-20,SKU-10155,SUP-238,644,561,595,0,6
2024-01-20,SKU-10156,SUP-204,2101,504,1222,0,8
2024-01-20,SKU-10157,SUP-224,792,404,1366,0,9
2024-01-20,SKU-10158,SUP-224,2658,457,1214,0,13
2024-01-20,SKU-10159,SUP-238,2330,727,1062,0,6
2024-01-20,SKU-10160,SUP-229,2611,507,1127,0,11
2024-01-20,SKU-10161,SUP-233,596,684,1781,1781,8
2024-01-20,SKU-10162,SUP-216,1208,310,1103,0,14
2024-01-20,SKU-10163,SUP-235,1093,494,1981,0,4
2024-01-20,SKU-10164,SUP-200,480,584,759,759,8
2024-01-20,SKU-10165,SUP-243,2099,654,1585,0,7
2024-01-20,SKU-10166,SUP-246,603,206,1367,0,5
2024-01-20,SKU-10167,SUP-207,2334,644,834,0,6
2024-01-20,SKU-10168,SUP-243,2752,211,1496,0,10
2024-01-20,SKU-10169,SUP-234,1275,520,1568,0,4
2024-01-20,SKU-10170,SUP-248,2198,616,763,0,10
2024-01-20,SKU-10171,SUP-217,114,617,1824,1824,13
2024-01-20,SKU-10172,SUP-249,1452,242,709,0,3
2024-01-20,SKU-10173,SUP-241,1039,415,1687,0,3
2024-01-20,SKU-10174,SUP-221,1836,215,1717,0,11
2024-01-20,SKU-10175,SUP-207,2601,283,1732,0,12
2024-01-20,SKU-10176,SUP-218,986,711,1147,0,6
2024-01-20,SKU-10177,SUP-227,1360,524,1733,0,10
2024-01-20,SKU-10178,SUP-210,2781,413,1955,0,3
2024-01-20,SKU-10179,SUP-229,2361,704,1614,0,3
2024-01-20,SKU-10180,SUP-200,2831,366,1774,0,12
2024-01-20,SKU-10181,SUP-246,2358,539,1969,0,12
2024-01-20,SKU-10182,SUP-246,2173,616,925,0,14
2024-01-20,SKU-10183,SUP-216,1959,400,877,0,10
2024-01-20,SKU-10184,SUP-232,2449,601,1913,0,12
2024-01-20,SKU-10185,SUP-248,1413,227,1630,0,10
2024-01-20,SKU-10186,SUP-211,2040,385,694,0,4
2024-01-20,SKU-10187,SUP-232,753,327,605,0,5
2024-01-20,SKU-10188,SUP-206,1520,513,1500,0,10
2024-01-20,SKU-10189,SUP-240,454,569,1589,1589,8
2024-01-20,SKU-10190,SUP-219,1088,615,570,0,14
2024-01-20,SKU-10191,SUP-240,2554,716,1893,0,7
2024-01-20,SKU-10192,SUP-232,2807,790,1992,0,8
2024-01-20,SKU-10193,SUP-238,648,729,789,789,12
2024-01-20,SKU-10194,SUP-212,2097,354,894,0,10
2024-01-20,SKU-10195,SUP-209,2113,291,910,0,8
2024-01-20,SKU-10196,SUP-223,2028,607,518,0,10
2024-01-20,SKU-10197,SUP-248,2234,612,701,0,5
2024-01-20,SKU-10198,SUP-210,2241,223,511,0,9
2024-01-20,SKU-10199,SUP-234,2108,269,1727,0,9
2024-01-20,SKU-10200,SUP-249,673,493,1938,0,14
2024-01-20,SKU-10201,SUP-233,1625,476,1788,0,3
2024-01-20,SKU-10202,SUP-200,659,220,1967,0,9
2024-01-20,SKU-10203,SUP-238,2458,429,1337,0,7
2024-01-20,SKU-10204,SUP-220,415,220,1313,0,7
2024-01-20,SKU-10205,SUP-231,508,535,923,923,13
2024-01-20,SKU-10206,SUP-201,1955,668,1163,0,12
2024-01-20,SKU-10207,SUP-207,518,393,859,0,10
2024-01-20,SKU-10208,SUP-223,1103,267,1194,0,7
2024-01-20,SKU-10209,SUP-219,1522,750,1829,0,6
2024-01-20,SKU-10210,SUP-215,1570,649,527,0,9
2024-01-20,SKU-10211,SUP-203,623,563,918,0,8
2024-01-20,SKU-10212,SUP-215,289,612,662,662,4
2024-01-20,SKU-10213,SUP-236,2434,378,824,0,4
2024-01-20,SKU-10214,SUP-205,543,546,1278,1278,5
2024-01-20,SKU-10215,SUP-205,2384,314,1931,0,12
2024-01-20,SKU-10216,SUP-246,2854,740,541,0,14
2024-01-20,SKU-10217,SUP-231,631,649,940,940,10
2024-01-20,SKU-10218,SUP-204,600,583,1688,0,9
2024-01-20,SKU-10219,SUP-248,2898,675,1581,0,10
2024-01-20,SKU-10220,SUP-234,2652,450,1743,0,13
2024-01-20,SKU-10221,SUP-249,1630,548,999,0,13
2024-01-20,SKU-10222,SUP-208,1947,363,1504,0,6
2024-01-20,SKU-10223,SUP-208,409,574,1515,1515,6
2024-01-20,SKU-10224,SUP-242,588,277,987,0,12
2024-01-20,SKU-10225,SUP-230,1091,489,1057,0,13
2024-01-20,SKU-10226,SUP-235,658,491,1080,0,8
2024-01-20,SKU-10227,SUP-210,139,605,1379,1379,13
2024-01-20,SKU-10228,SUP-216,2320,572,1629,0,13
2024-01-20,SKU-10229,SUP-233,609,738,571,571,12
2024-01-20,SKU-10230,SUP-238,1467,373,892,0,6
2024-01-20,SKU-10231,SUP-227,389,264,1365,0,3
2024-01-20,SKU-10232,SUP-213,319,288,1258,0,14
2024-01-20,SKU-10233,SUP-234,2683,717,1248,0,13
2024-01-20,SKU-10234,SUP-248,354,364,1165,1165,12
2024-01-20,SKU-10235,SUP-246,2296,400,1117,0,9
2024-01-20,SKU-10236,SUP-244,2004,669,1511,0,12
2024-01-20,SKU-10237,SUP-212,57,739,1009,1009,6
2024-01-20,SKU-10238,SUP-245,1769,238,568,0,7
2024-01-20,SKU-10239,SUP-219,1099,291,1943,0,3
2024-01-20,SKU-10240,SUP-225,301,672,587,587,12
2024-01-20,SKU-10241,SUP-242,2217,335,1848,0,10
2024-01-20,SKU-10242,SUP-241,314,796,1943,1943,13
2024-01-20,SKU-10243,SUP-223,1811,515,1357,0,6
2024-01-20,SKU-10244,SUP-228,1608,738,1826,0,8
2024-01-20,SKU-10245,SUP-233,2055,691,779,0,6
2024-01-20,SKU-10246,SUP-228,1437,498,1054,0,4
2024-01-20,SKU-10247,SUP-207,1106,670,911,0,3
2024-01-20,SKU-10248,SUP-215,1445,703,559,0,9
2024-01-20,SKU-10249,SUP-214,480,426,890,0,6
2024-01-20,SKU-10250,SUP-204,720,707,1383,0,9
2024-01-20,SKU-10251,SUP-221,190,594,818,818,11
2024-01-20,SKU-10252,SUP-201,309,567,884,884,8
2024-01-20,SKU-10253,SUP-237,1632,285,860,0,10
2024-01-20,SKU-10254,SUP-235,1089,332,1910,0,9
2024-01-20,SKU-10255,SUP-214,1977,297,1826,0,4
2024-01-20,SKU-10256,SUP-237,1114,733,534,0,14
2024-01-20,SKU-10257,SUP-214,2665,299,1489,0,7
2024-01-20,SKU-10258,SUP-200,821,483,612,0,7
2024-01-20,SKU-10259,SUP-204,160,630,509,509,7
2024-01-20,SKU-10260,SUP-245,2495,476,992,0,5
2024-01-20,SKU-10261,SUP-240,2536,475,689,0,5
2024-01-20,SKU-10262,SUP-203,1311,495,1757,0,7
2024-01-20,SKU-10263,SUP-214,564,563,1449,0,4
2024-01-20,SKU-10264,SUP-204,1047,213,1055,0,4
2024-01-20,SKU-10265,SUP-202,1114,433,1813,0,9
2024-01-20,SKU-10266,SUP-221,2846,517,1139,0,8
2024-01-20,SKU-10267,SUP-204,2485,279,675,0,11
2024-01-20,SKU-10268,SUP-232,2961,484,817,0,12
2024-01-20,SKU-10269,SUP-215,2055,543,763,0,10
2024-01-20,SKU-10270,SUP-217,1001,726,1027,0,8
2024-01-20,SKU-10271,SUP-242,1733,227,1893,0,8
2024-01-20,SKU-10272,SUP-231,682,236,1387,0,5
2024-01-20,SKU-10273,SUP-213,622,571,1235,0,8
2024-01-20,SKU-10274,SUP-234,2450,526,1199,0,10
2024-01-20,SKU-10275,SUP-208,1266,533,1163,0,13
2024-01-20,SKU-10276,SUP-246,1180,627,1858,0,12
2024-01-20,SKU-10277,SUP-236,1788,454,1516,0,11
2024-01-20,SKU-10278,SUP-236,387,669,505,505,13
2024-01-20,SKU-10279,SUP-230,1554,712,1368,0,9
2024-01-20,SKU-10280,SUP-215,2783,771,1054,0,14
2024-01-20,SKU-10281,SUP-230,529,793,1919,1919,9
2024-01-20,SKU-10282,SUP-226,700,335,933,0,9
2024-01-20,SKU-10283,SUP-212,1513,258,1277,0,14
2024-01-20,SKU-10284,SUP-206,862,403,657,0,12
2024-01-20,SKU-10285,SUP-206,2281,718,1361,0,6
2024-01-20,SKU-10286,SUP-242,1670,244,537,0,6
2024-01-20,SKU-10287,SUP-227,2408,501,1134,0,5
2024-01-20,SKU-10288,SUP-222,1887,331,1991,0,12
2024-01-20,SKU-10289,SUP-227,912,464,1722,0,13
2024-01-20,SKU-10290,SUP-226,1564,679,1727,0,9
2024-01-20,SKU-10291,SUP-229,1942,242,1275,0,4
2024-01-20,SKU-10292,SUP-246,131,582,1315,1315,9
2024-01-20,SKU-10293,SUP-203,1296,254,1263,0,10
2024-01-20,SKU-10294,SUP-243,2391,654,991,0,12
2024-01-20,SKU-10295,SUP-241,1510,354,1018,0,9
2024-01-20,SKU-10296,SUP-241,386,747,1964,1964,3
2024-01-20,SKU-10297,SUP-206,2188,635,1904,0,9
2024-01-20,SKU-10298,SUP-203,410,693,536,536,7
2024-01-20,SKU-10299,SUP-225,141,220,1755,1755,6
2024-01-20,SKU-10300,SUP-246,369,551,1575,1575,7
2024-01-20,SKU-10301,SUP-221,1047,700,1216,0,12
2024-01-20,SKU-10302,SUP-206,677,795,754,754,4
2024-01-20,SKU-10303,SUP-215,2732,230,1100,0,8
2024-01-20,SKU-10304,SUP-212,2277,780,1289,0,11
2024-01-20,SKU-10305,SUP-212,2103,241,1783,0,3
2024-01-20,SKU-10306,SUP-234,256,552,1181,1181,5
2024-01-20,SKU-10307,SUP-228,285,304,1202,1202,14
2024-01-20,SKU-10308,SUP-208,2101,466,1566,0,9
2024-01-20,SKU-10309,SUP-227,2763,750,1441,0,4
2024-01-20,SKU-10310,SUP-211,1234,264,700,0,3
2024-01-20,SKU-10311,SUP-217,323,418,502,502,8
2024-01-20,SKU-10312,SUP-229,1521,513,977,0,14
2024-01-20,SKU-10313,SUP-215,946,556,570,0,4
2024-01-20,SKU-10314,SUP-204,2526,221,1394,0,7
2024-01-20,SKU-10315,SUP-228,1623,261,1744,0,9
2024-01-20,SKU-10316,SUP-235,1518,536,661,0,9
2024-01-20,SKU-10317,SUP-206,637,385,1233,0,3
2024-01-20,SKU-10318,SUP-203,2300,254,1426,0,13
2024-01-20,SKU-10319,SUP-241,1716,709,1085,0,11
2024-01-20,SKU-10320,SUP-234,2037,285,1815,0,10
2024-01-20,SKU-10321,SUP-200,1226,430,1153,0,3
2024-01-20,SKU-10322,SUP-205,2820,712,1627,0,11
2024-01-20,SKU-10323,SUP-248,1080,504,850,0,5
2024-01-20,SKU-10324,SUP-215,525,571,1432,1432,8
2024-01-20,SKU-10325,SUP-210,923,704,1444,0,11
2024-01-20,SKU-10326,SUP-226,1757,278,1708,0,4
2024-01-20,SKU-10327,SUP-231,2560,569,1402,0,14
2024-01-20,SKU-10328,SUP-230,2320,491,925,0,9
2024-01-20,SKU-10329,SUP-213,874,791,1152,0,7
2024-01-20,SKU-10330,SUP-225,1509,596,1249,0,14
2024-01-20,SKU-10331,SUP-203,1650,539,994,0,5
2024-01-20,SKU-10332,SUP-210,1220,214,1553,0,14
2024-01-20,SKU-10333,SUP-224,2169,471,919,0,4
2024-01-20,SKU-10334,SUP-200,548,517,1261,0,5
2024-01-20,SKU-10335,SUP-224,471,530,772,772,7
2024-01-20,SKU-10336,SUP-216,2176,617,1491,0,14
2024-01-20,SKU-10337,SUP-229,1292,387,1998,0,12
2024-01-20,SKU-10338,SUP-218,2659,689,1071,0,12
2024-01-20,SKU-10339,SUP-227,934,714,1780,0,10
2024-01-20,SKU-10340,SUP-244,2897,232,1817,0,6
2024-01-20,SKU-10341,SUP-246,362,503,1566,1566,14
2024-01-20,SKU-10342,SUP-235,1621,403,1141,0,12
2024-01-20,SKU-10343,SUP-242,36,350,1443,1443,14
2024-01-20,SKU-10344,SUP-245,2367,446,1560,0,14
2024-01-20,SKU-10345,SUP-231,122,726,1859,1859,6
2024-01-20,SKU-10346,SUP-209,962,353,752,0,8
2024-01-20,SKU-10347,SUP-212,2555,706,631,0,9
2024-01-20,SKU-10348,SUP-218,355,325,1737,0,5
2024-01-20,SKU-10349,SUP-213,1979,661,1124,0,11
2024-01-20,SKU-10350,SUP-203,126,200,593,593,5
2024-01-20,SKU-10351,SUP-237,2564,497,1943,0,3
2024-01-20,SKU-10352,SUP-247,2280,770,1817,0,3
2024-01-20,SKU-10353,SUP-234,1425,483,1634,0,4
2024-01-20,SKU-10354,SUP-203,2020,493,683,0,6
2024-01-20,SKU-10355,SUP-247,1327,361,1796,0,13
2024-01-20,SKU-10356,SUP-220,1407,606,1915,0,8
2024-01-20,SKU-10357,SUP-203,473,614,1061,1061,9
2024-01-20,SKU-10358,SUP-203,2214,501,635,0,5
2024-01-20,SKU-10359,SUP-237,1540,384,1069,0,5
2024-01-20,SKU-10360,SUP-230,1064,777,1452,0,12
2024-01-20,SKU-10361,SUP-232,2398,671,909,0,10
2024-01-20,SKU-10362,SUP-233,2728,363,603,0,4
2024-01-20,SKU-10363,SUP-210,562,458,1627,0,14
2024-01-20,SKU-10364,SUP-203,1525,568,1457,0,8
2024-01-20,SKU-10365,SUP-232,1710,543,1029,0,3
2024-01-20,SKU-10366,SUP-205,1203,244,1123,0,14
2024-01-20,SKU-10367,SUP-211,642,344,1840,0,5
2024-01-20,SKU-10368,SUP-204,2351,735,1133,0,8
2024-01-20,SKU-10369,SUP-238,2541,658,1196,0,12
2024-01-20,SKU-10370,SUP-204,2441,267,1008,0,4
2024-01-20,SKU-10371,SUP-243,2783,323,1295,0,6
2024-01-20,SKU-10372,SUP-215,381,249,682,0,9
2024-01-20,SKU-10373,SUP-225,698,760,571,571,4
2024-01-20,SKU-10374,SUP-207,607,703,1127,1127,7
2024-01-20,SKU-10375,SUP-236,1763,360,626,0,10
2024-01-20,SKU-10376,SUP-215,1769,503,989,0,4
2024-01-20,SKU-10377,SUP-237,2042,558,1712,0,14
2024-01-20,SKU-10378,SUP-238,1953,232,1000,0,10
2024-01-20,SKU-10379,SUP-202,1582,718,610,0,4
2024-01-20,SKU-10380,SUP-239,1932,719,1828,0,4
2024-01-20,SKU-10381,SUP-205,1832,717,907,0,14
2024-01-20,SKU-10382,SUP-226,605,751,1279,1279,3
2024-01-20,SKU-10383,SUP-242,637,236,1728,0,11
2024-01-20,SKU-10384,SUP-237,1481,685,1841,0,5
2024-01-20,SKU-10385,SUP-236,1621,697,978,0,9
2024-01-20,SKU-10386,SUP-233,648,792,863,863,7
2024-01-20,SKU-10387,SUP-220,322,239,1185,0,6
2024-01-20,SKU-10388,SUP-216,2848,424,1906,0,4
2024-01-20,SKU-10389,SUP-213,2758,645,787,0,11
2024-01-20,SKU-10390,SUP-242,1094,740,1605,0,9
2024-01-20,SKU-10391,SUP-245,269,721,1235,1235,10
2024-01-20,SKU-10392,SUP-220,2745,356,1919,0,7
2024-01-20,SKU-10393,SUP-215,2361,428,1890,0,14
2024-01-20,SKU-10394,SUP-216,261,589,1028,1028,13
2024-01-20,SKU-10395,SUP-225,1400,374,1597,0,8
2024-01-20,SKU-10396,SUP-208,499,713,701,701,7
2024-01-20,SKU-10397,SUP-242,139,452,1894,1894,6
2024-01-20,SKU-10398,SUP-241,1486,204,571,0,11
2024-01-20,SKU-10399,SUP-219,2419,346,1938,0,6
2024-01-20,SKU-10400,SUP-229,2365,615,1124,0,13
2024-01-20,SKU-10401,SUP-220,476,448,1874,0,8
2024-01-20,SKU-10402,SUP-248,2537,282,1930,0,5
2024-01-20,SKU-10403,SUP-204,1092,458,621,0,14
2024-01-20,SKU-10404,SUP-200,2522,488,1985,0,14
2024-01-20,SKU-10405,SUP-229,1025,251,1210,0,8
2024-01-20,SKU-10406,SUP-239,2336,581,693,0,6
2024-01-20,SKU-10407,SUP-236,2423,571,819,0,10
2024-01-20,SKU-10408,SUP-206,1961,484,512,0,3
2024-01-20,SKU-10409,SUP-204,590,456,607,0,7
2024-01-20,SKU-10410,SUP-234,1877,733,1361,0,13
2024-01-20,SKU-10411,SUP-213,258,529,951,951,9
2024-01-20,SKU-10412,SUP-232,1123,640,898,0,14
2024-01-20,SKU-10413,SUP-216,840,647,1242,0,8
2024-01-20,SKU-10414,SUP-208,2052,714,1760,0,7
2024-01-20,SKU-10415,SUP-222,493,271,681,0,10
2024-01-20,SKU-10416,SUP-204,2325,585,1596,0,13
2024-01-20,SKU-10417,SUP-215,2749,429,753,0,10
2024-01-20,SKU-10418,SUP-223,366,541,973,973,9
2024-01-20,SKU-10419,SUP-218,2477,542,1190,0,9
2024-01-20,SKU-10420,SUP-210,1041,390,1914,0,9
2024-01-20,SKU-10421,SUP-228,699,293,1618,0,10
2024-01-20,SKU-10422,SUP-234,1667,539,1307,0,10
2024-01-20,SKU-10423,SUP-245,2004,502,550,0,8
2024-01-20,SKU-10424,SUP-219,1999,480,1636,0,6
2024-01-20,SKU-10425,SUP-239,631,739,1459,1459,11
2024-01-20,SKU-10426,SUP-241,1274,214,1139,0,9
2024-01-20,SKU-10427,SUP-233,1707,770,702,0,5
2024-01-20,SKU-10428,SUP-200,2302,368,902,0,13
2024-01-20,SKU-10429,SUP-242,806,392,1398,0,10
2024-01-20,SKU-10430,SUP-235,436,587,1601,1601,3
2024-01-20,SKU-10431,SUP-219,215,536,1391,1391,11
2024-01-20,SKU-10432,SUP-242,646,408,1871,0,11
2024-01-20,SKU-10433,SUP-206,359,247,1769,0,9
2024-01-20,SKU-10434,SUP-208,561,325,718,0,7
2024-01-20,SKU-10435,SUP-216,391,700,1750,1750,4
2024-01-20,SKU-10436,SUP-207,2822,654,1077,0,4
2024-01-20,SKU-10437,SUP-206,513,602,1350,1350,3
2024-01-20,SKU-10438,SUP-247,1475,295,1000,0,10
2024-01-20,SKU-10439,SUP-235,1875,419,1224,0,8
2024-01-20,SKU-10440,SUP-209,1776,201,1194,0,5
2024-01-20,SKU-10441,SUP-217,893,549,601,0,10
2024-01-20,SKU-10442,SUP-218,1348,571,696,0,14
2024-01-20,SKU-10443,SUP-238,1069,498,1656,0,6
2024-01-20,SKU-10444,SUP-213,1393,240,1463,0,10
2024-01-20,SKU-10445,SUP-245,999,658,1013,0,9
2024-01-20,SKU-10446,SUP-221,60,462,1817,1817,4
2024-01-20,SKU-10447,SUP-213,2799,252,1522,0,5
2024-01-20,SKU-10448,SUP-243,1935,724,1256,0,4
2024-01-20,SKU-10449,SUP-240,923,287,1265,0,6
2024-01-20,SKU-10450,SUP-216,1743,400,1485,0,6
2024-01-20,SKU-10451,SUP-232,2354,376,1575,0,4
2024-01-20,SKU-10452,SUP-231,48,367,1561,1561,11
2024-01-20,SKU-10453,SUP-216,1807,572,1131,0,4
2024-01-20,SKU-10454,SUP-203,2885,365,1221,0,8
2024-01-20,SKU-10455,SUP-205,393,464,1929,1929,5
2024-01-20,SKU-10456,SUP-240,2694,476,1049,0,6
2024-01-20,SKU-10457,SUP-227,352,629,1496,1496,14
2024-01-20,SKU-10458,SUP-217,2385,237,817,0,10
2024-01-20,SKU-10459,SUP-202,1168,528,1937,0,3
2024-01-20,SKU-10460,SUP-200,2006,351,1037,0,9
2024-01-20,SKU-10461,SUP-221,1740,366,1995,0,14
2024-01-20,SKU-10462,SUP-249,2156,435,1482,0,10
2024-01-20,SKU-10463,SUP-208,146,605,1214,1214,13
2024-01-20,SKU-10464,SUP-240,1361,784,926,0,12
2024-01-20,SKU-10465,SUP-216,2867,509,1093,0,10
2024-01-20,SKU-10466,SUP-210,416,246,955,0,13
2024-01-20,SKU-10467,SUP-247,403,325,1530,0,4
2024-01-20,SKU-10468,SUP-228,1400,561,1178,0,9
2024-01-20,SKU-10469,SUP-235,2880,463,1299,0,5
2024-01-20,SKU-10470,SUP-245,1595,512,1405,0,13
2024-01-20,SKU-10471,SUP-227,558,603,876,876,6
2024-01-20,SKU-10472,SUP-235,716,519,724,0,10
2024-01-20,SKU-10473,SUP-200,704,480,916,0,6
2024-01-20,SKU-10474,SUP-207,878,512,1108,0,12
2024-01-20,SKU-10475,SUP-204,2067,256,1646,0,9
2024-01-20,SKU-10476,SUP-244,1310,509,1751,0,8
2024-01-20,SKU-10477,SUP-209,380,201,1273,0,4
2024-01-20,SKU-10478,SUP-234,1402,503,557,0,3
2024-01-20,SKU-10479,SUP-202,1526,229,650,0,6
2024-01-20,SKU-10480,SUP-223,2115,440,1553,0,4
2024-01-20,SKU-10481,SUP-237,2474,348,873,0,10
2024-01-20,SKU-10482,SUP-235,2589,735,1569,0,6
2024-01-20,SKU-10483,SUP-209,582,634,1110,1110,6
2024-01-20,SKU-10484,SUP-227,2321,707,1618,0,9
2024-01-20,SKU-10485,SUP-208,739,601,1332,0,10
2024-01-20,SKU-10486,SUP-202,2331,455,1056,0,3
2024-01-20,SKU-10487,SUP-219,2301,255,1411,0,4
2024-01-20,SKU-10488,SUP-223,1604,358,1993,0,6
2024-01-20,SKU-10489,SUP-202,2605,200,1412,0,7
2024-01-20,SKU-10490,SUP-222,783,318,726,0,10
2024-01-20,SKU-10491,SUP-213,735,506,1461,0,11
2024-01-20,SKU-10492,SUP-243,1544,288,1798,0,8
2024-01-20,SKU-10493,SUP-215,1731,785,1878,0,8
2024-01-20,SKU-10494,SUP-242,1207,522,1194,0,4
2024-01-20,SKU-10495,SUP-206,2383,416,689,0,4
2024-01-20,SKU-10496,SUP-222,723,442,1949,0,7
2024-01-20,SKU-10497,SUP-249,1247,761,1271,0,5
2024-01-20,SKU-10498,SUP-235,1419,376,1999,0,8
2024-01-20,SKU-10499,SUP-226,1998,560,788,0,5
2024-01-21,SKU-10000,SUP-240,2020,750,1979,0,3
2024-01-21,SKU-10001,SUP-207,569,679,1396,1396,5
2024-01-21,SKU-10002,SUP-201,936,259,1140,0,6
2024-01-21,SKU-10003,SUP-247,419,780,513,513,5
2024-01-21,SKU-10004,SUP-217,2423,395,1043,0,11
2024-01-21,SKU-10005,SUP-215,222,768,1128,1128,7
2024-01-21,SKU-10006,SUP-214,2153,684,1100,0,10
2024-01-21,SKU-10007,SUP-208,1808,620,1080,0,3
2024-01-21,SKU-10008,SUP-247,1461,442,1129,0,11
2024-01-21,SKU-10009,SUP-206,2154,659,1888,0,11
2024-01-21,SKU-10010,SUP-243,1522,725,1729,0,7
2024-01-21,SKU-10011,SUP-247,282,753,927,927,9
2024-01-21,SKU-10012,SUP-234,511,454,1220,0,12
2024-01-21,SKU-10013,SUP-205,2572,299,963,0,5
2024-01-21,SKU-10014,SUP-237,275,671,1921,1921,12
2024-01-21,SKU-10015,SUP-227,2028,274,1314,0,10
2024-01-21,SKU-10016,SUP-202,421,525,1857,1857,11
2024-01-21,SKU-10017,SUP-201,1676,288,514,0,12
2024-01-21,SKU-10018,SUP-205,1885,304,838,0,10
2024-01-21,SKU-10019,SUP-213,2174,743,504,0,11
2024-01-21,SKU-10020,SUP-214,680,662,1961,0,4
2024-01-21,SKU-10021,SUP-232,1193,675,964,0,13
2024-01-21,SKU-10022,SUP-238,2451,481,1330,0,7
2024-01-21,SKU-10023,SUP-201,777,452,1062,0,13
2024-01-21,SKU-10024,SUP-235,1537,469,1884,0,10
2024-01-21,SKU-10025,SUP-212,947,674,1382,0,10
2024-01-21,SKU-10026,SUP-245,845,244,1298,0,8
2024-01-21,SKU-10027,SUP-241,2147,703,1435,0,12
2024-01-21,SKU-10028,SUP-244,2215,423,1164,0,9
2024-01-21,SKU-10029,SUP-234,1320,385,725,0,10
2024-01-21,SKU-10030,SUP-226,560,697,1478,1478,7
2024-01-21,SKU-10031,SUP-214,2754,204,1020,0,12
2024-01-21,SKU-10032,SUP-228,294,326,803,803,13
2024-01-21,SKU-10033,SUP-237,519,682,1491,1491,13
2024-01-21,SKU-10034,SUP-217,1439,216,1439,0,6
2024-01-21,SKU-10035,SUP-200,493,651,1165,1165,4
2024-01-21,SKU-10036,SUP-248,1060,300,1152,0,9
2024-01-21,SKU-10037,SUP-210,493,405,1605,0,6
2024-01-21,SKU-10038,SUP-244,108,335,1287,1287,11
2024-01-21,SKU-10039,SUP-227,2409,603,742,0,11
2024-01-21,SKU-10040,SUP-221,1303,623,515,0,6
2024-01-21,SKU-10041,SUP-217,2264,219,1327,0,13
2024-01-21,SKU-10042,SUP-209,1067,532,1924,0,12
2024-01-21,SKU-10043,SUP-213,2733,282,531,0,10
2024-01-21,SKU-10044,SUP-248,738,736,1409,0,14
2024-01-21,SKU-10045,SUP-221,2624,324,843,0,11
2024-01-21,SKU-10046,SUP-206,2450,393,1429,0,14
2024-01-21,SKU-10047,SUP-205,1014,258,949,0,6
2024-01-21,SKU-10048,SUP-224,225,681,743,743,9
2024-01-21,SKU-10049,SUP-206,540,463,740,0,7
2024-01-21,SKU-10050,SUP-222,1473,573,1547,0,4
2024-01-21,SKU-10051,SUP-222,317,311,992,0,8
2024-01-21,SKU-10052,SUP-238,2380,269,925,0,4
2024-01-21,SKU-10053,SUP-216,1976,411,601,0,7
2024-01-21,SKU-10054,SUP-202,1675,537,832,0,9
2024-01-21,SKU-10055,SUP-246,207,610,1453,1453,12
2024-01-21,SKU-10056,SUP-229,485,219,1430,0,9
2024-01-21,SKU-10057,SUP-234,2794,757,1495,0,12
2024-01-21,SKU-10058,SUP-207,307,671,1622,1622,4
2024-01-21,SKU-10059,SUP-224,112,512,1644,1644,5
2024-01-21,SKU-10060,SUP-205,451,683,629,629,10
2024-01-21,SKU-10061,SUP-235,571,409,860,0,12
2024-01-21,SKU-10062,SUP-218,563,559,809,0,12
2024-01-21,SKU-10063,SUP-240,2640,499,840,0,6
2024-01-21,SKU-10064,SUP-239,655,368,919,0,10
2024-01-21,SKU-10065,SUP-223,662,384,1846,0,13
2024-01-21,SKU-10066,SUP-236,1634,477,1662,0,12
2024-01-21,SKU-10067,SUP-212,1798,730,1861,0,14
2024-01-21,SKU-10068,SUP-245,653,460,1683,0,7
2024-01-21,SKU-10069,SUP-204,2048,558,705,0,7
2024-01-21,SKU-10070,SUP-202,1695,442,1376,0,13
2024-01-21,SKU-10071,SUP-242,2476,536,1298,0,4
2024-01-21,SKU-10072,SUP-214,814,448,1332,0,6
2024-01-21,SKU-10073,SUP-249,1053,330,1023,0,14
2024-01-21,SKU-10074,SUP-218,2420,612,616,0,7
2024-01-21,SKU-10075,SUP-205,2103,626,1509,0,7
2024-01-21,SKU-10076,SUP-214,1163,595,1476,0,3
2024-01-21,SKU-10077,SUP-206,2044,486,989,0,4
2024-01-21,SKU-10078,SUP-224,636,230,1463,0,6
2024-01-21,SKU-10079,SUP-217,180,600,1224,1224,8
2024-01-21,SKU-10080,SUP-229,139,262,514,514,5
2024-01-21,SKU-10081,SUP-240,1561,687,810,0,11
2024-01-21,SKU-10082,SUP-223,733,329,1467,0,4
2024-01-21,SKU-10083,SUP-210,1979,370,1426,0,8
2024-01-21,SKU-10084,SUP-223,1718,224,1511,0,3
2024-01-21,SKU-10085,SUP-222,2130,689,779,0,3
2024-01-21,SKU-10086,SUP-213,2149,789,1613,0,14
2024-01-21,SKU-10087,SUP-242,802,363,914,0,13
2024-01-21,SKU-10088,SUP-217,2198,220,1322,0,4
2024-01-21,SKU-10089,SUP-244,186,626,1550,1550,11
2024-01-21,SKU-10090,SUP-243,325,494,695,695,14
2024-01-21,SKU-10091,SUP-241,2378,699,1808,0,7
2024-01-21,SKU-10092,SUP-204,1690,651,637,0,10
2024-01-21,SKU-10093,SUP-238,2047,709,1898,0,9
2024-01-21,SKU-10094,SUP-240,1133,681,1430,0,3
2024-01-21,SKU-10095,SUP-210,980,457,772,0,10
2024-01-21,SKU-10096,SUP-234,2778,794,899,0,3
2024-01-21,SKU-10097,SUP-246,2784,209,1566,0,5
2024-01-21,SKU-10098,SUP-215,2640,434,989,0,5
2024-01-21,SKU-10099,SUP-210,474,491,959,959,12
2024-01-21,SKU-10100,SUP-229,2391,384,1266,0,12
2024-01-21,SKU-10101,SUP-224,2646,292,1510,0,12
2024-01-21,SKU-10102,SUP-217,2175,504,974,0,5
2024-01-21,SKU-10103,SUP-240,479,614,920,920,13
2024-01-21,SKU-10104,SUP-244,1809,722,828,0,10
2024-01-21,SKU-10105,SUP-235,192,581,1188,1188,12
2024-01-21,SKU-10106,SUP-214,91,569,1856,1856,7
2024-01-21,SKU-10107,SUP-243,2115,351,1984,0,10
2024-01-21,SKU-10108,SUP-220,2628,624,1571,0,11
2024-01-21,SKU-10109,SUP-249,2579,668,1768,0,10
2024-01-21,SKU-10110,SUP-249,2234,449,1575,0,11
2024-01-21,SKU-10111,SUP-203,1371,424,1579,0,5
2024-01-21,SKU-10112,SUP-214,2647,280,849,0,9
2024-01-21,SKU-10113,SUP-202,163,693,701,701,8
2024-01-21,SKU-10114,SUP-220,2595,707,1472,0,3
2024-01-21,SKU-10115,SUP-225,1731,332,1081,0,6
2024-01-21,SKU-10116,SUP-217,2031,685,1706,0,12
2024-01-21,SKU-10117,SUP-204,2328,430,810,0,14
2024-01-21,SKU-10118,SUP-213,0,280,1798,1798,6
2024-01-21,SKU-10119,SUP-236,792,418,1151,0,10
2024-01-21,SKU-10120,SUP-245,2612,447,1677,0,4
2024-01-21,SKU-10121,SUP-220,988,799,1952,0,7
2024-01-21,SKU-10122,SUP-213,2443,537,1794,0,7
2024-01-21,SKU-10123,SUP-241,830,779,1447,0,11
2024-01-21,SKU-10124,SUP-231,1605,257,875,0,13
2024-01-21,SKU-10125,SUP-225,2318,255,1982,0,13
2024-01-21,SKU-10126,SUP-241,1538,216,932,0,5
2024-01-21,SKU-10127,SUP-229,263,632,523,523,6
2024-01-21,SKU-10128,SUP-209,1243,437,1513,0,11
2024-01-21,SKU-10129,SUP-216,1832,614,1252,0,14
2024-01-21,SKU-10130,SUP-208,2713,682,1774,0,7
2024-01-21,SKU-10131,SUP-215,2355,340,877,0,10
2024-01-21,SKU-10132,SUP-247,1276,360,1628,0,4
2024-01-21,SKU-10133,SUP-235,134,253,1100,1100,9
2024-01-21,SKU-10134,SUP-234,1468,767,684,0,3
2024-01-21,SKU-10135,SUP-216,1399,533,1787,0,6
2024-01-21,SKU-10136,SUP-247,2157,420,698,0,10
2024-01-21,SKU-10137,SUP-237,186,572,673,673,5
2024-01-21,SKU-10138,SUP-227,2482,636,698,0,12
2024-01-21,SKU-10139,SUP-237,1202,724,1462,0,6
2024-01-21,SKU-10140,SUP-225,1774,379,1876,0,9
2024-01-21,SKU-10141,SUP-223,843,772,1067,0,14
2024-01-21,SKU-10142,SUP-214,629,536,818,0,11
2024-01-21,SKU-10143,SUP-208,2372,353,850,0,14
2024-01-21,SKU-10144,SUP-232,990,491,1583,0,11
2024-01-21,SKU-10145,SUP-231,674,438,915,0,7
2024-01-21,SKU-10146,SUP-205,2161,792,576,0,10
2024-01-21,SKU-10147,SUP-248,698,767,1622,1622,14
2024-01-21,SKU-10148,SUP-203,831,744,1280,0,12
2024-01-21,SKU-10149,SUP-207,767,523,1646,0,3
2024-01-21,SKU-10150,SUP-209,710,716,809,809,10
2024-01-21,SKU-10151,SUP-240,940,394,1998,0,14
2024-01-21,SKU-10152,SUP-210,792,312,1799,0,14
2024-01-21,SKU-10153,SUP-243,1648,633,1986,0,3
2024-01-21,SKU-10154,SUP-227,1736,688,1308,0,10
2024-01-21,SKU-10155,SUP-238,2169,576,1853,0,13
2024-01-21,SKU-10156,SUP-204,1233,621,1779,0,10
2024-01-21,SKU-10157,SUP-224,1917,218,1307,0,7
2024-01-21,SKU-10158,SUP-224,256,541,844,844,6
2024-01-21,SKU-10159,SUP-238,2342,307,1176,0,11
2024-01-21,SKU-10160,SUP-229,962,501,1630,0,13
2024-01-21,SKU-10161,SUP-233,567,659,812,812,12
2024-01-21,SKU-10162,SUP-216,1744,548,1289,0,4
2024-01-21,SKU-10163,SUP-235,2322,435,1464,0,3
2024-01-21,SKU-10164,SUP-200,259,622,993,993,12
2024-01-21,SKU-10165,SUP-243,2772,722,1318,0,8
2024-01-21,SKU-10166,SUP-246,1602,407,685,0,3
2024-01-21,SKU-10167,SUP-207,2038,453,1470,0,5
2024-01-21,SKU-10168,SUP-243,2369,313,1620,0,10
2024-01-21,SKU-10169,SUP-234,506,527,848,848,12
2024-01-21,SKU-10170,SUP-248,2227,356,1106,0,5
2024-01-21,SKU-10171,SUP-217,861,434,1817,0,3
2024-01-21,SKU-10172,SUP-249,2737,217,1458,0,5
2024-01-21,SKU-10173,SUP-241,2372,319,1267,0,8
2024-01-21,SKU-10174,SUP-221,1988,669,1204,0,11
2024-01-21,SKU-10175,SUP-207,1080,435,836,0,4
2024-01-21,SKU-10176,SUP-218,2196,738,759,0,9
2024-01-21,SKU-10177,SUP-227,2497,466,1521,0,6
2024-01-21,SKU-10178,SUP-210,408,545,1422,1422,3
2024-01-21,SKU-10179,SUP-229,2597,765,1313,0,6
2024-01-21,SKU-10180,SUP-200,914,577,1610,0,4
2024-01-21,SKU-10181,SUP-246,2575,289,987,0,6
2024-01-21,SKU-10182,SUP-246,1738,792,1362,0,9
2024-01-21,SKU-10183,SUP-216,1351,594,1363,0,3
2024-01-21,SKU-10184,SUP-232,1897,441,1185,0,5
2024-01-21,SKU-10185,SUP-248,1050,732,1994,0,11
2024-01-21,SKU-10186,SUP-211,1678,341,1161,0,5
2024-01-21,SKU-10187,SUP-232,2245,707,1793,0,9
2024-01-21,SKU-10188,SUP-206,728,420,580,0,11
2024-01-21,SKU-10189,SUP-240,900,285,603,0,14
2024-01-21,SKU-10190,SUP-219,407,551,939,939,11
2024-01-21,SKU-10191,SUP-240,1790,749,728,0,4
2024-01-21,SKU-10192,SUP-232,1123,234,1724,0,10
2024-01-21,SKU-10193,SUP-238,1435,710,1769,0,7
2024-01-21,SKU-10194,SUP-212,2570,736,1963,0,7
2024-01-21,SKU-10195,SUP-209,1088,555,1244,0,14
2024-01-21,SKU-10196,SUP-223,481,611,1775,1775,5
2024-01-21,SKU-10197,SUP-248,1049,414,1035,0,6
2024-01-21,SKU-10198,SUP-210,913,251,856,0,12
2024-01-21,SKU-10199,SUP-234,2643,547,1277,0,8
2024-01-21,SKU-10200,SUP-249,2553,604,1542,0,6
2024-01-21,SKU-10201,SUP-233,783,493,514,0,8
2024-01-21,SKU-10202,SUP-200,976,357,1627,0,10
2024-01-21,SKU-10203,SUP-238,1552,481,646,0,4
2024-01-21,SKU-10204,SUP-220,502,758,912,912,14
2024-01-21,SKU-10205,SUP-231,1941,338,1839,0,12
2024-01-21,SKU-10206,SUP-201,1346,425,1996,0,5
2024-01-21,SKU-10207,SUP-207,73,538,918,918,5
2024-01-21,SKU-10208,SUP-223,1158,303,613,0,14
2024-01-21,SKU-10209,SUP-219,2547,254,1023,0,4
2024-01-21,SKU-10210,SUP-215,135,534,845,845,11
2024-01-21,SKU-10211,SUP-203,1676,438,1953,0,3
2024-01-21,SKU-10212,SUP-215,1046,660,1469,0,7
2024-01-21,SKU-10213,SUP-236,2652,210,677,0,11
2024-01-21,SKU-10214,SUP-205,898,736,1137,0,12
2024-01-21,SKU-10215,SUP-205,1177,753,1484,0,7
2024-01-21,SKU-10216,SUP-246,2416,476,638,0,7
2024-01-21,SKU-10217,SUP-231,2713,744,800,0,6
2024-01-21,SKU-10218,SUP-204,1578,598,1666,0,7
2024-01-21,SKU-10219,SUP-248,1903,772,555,0,7
2024-01-21,SKU-10220,SUP-234,2297,234,1789,0,13
2024-01-21,SKU-10221,SUP-249,1004,339,764,0,11
2024-01-21,SKU-10222,SUP-208,431,238,1483,0,8
2024-01-21,SKU-10223,SUP-208,1542,246,1245,0,13
2024-01-21,SKU-10224,SUP-242,1392,280,544,0,5
2024-01-21,SKU-10225,SUP-230,223,304,676,676,12
2024-01-21,SKU-10226,SUP-235,1512,388,1583,0,14
2024-01-21,SKU-10227,SUP-210,560,315,1993,0,9
2024-01-21,SKU-10228,SUP-216,2555,707,1111,0,9
2024-01-21,SKU-10229,SUP-233,533,548,1474,1474,9
2024-01-21,SKU-10230,SUP-238,2033,552,1534,0,12
2024-01-21,SKU-10231,SUP-227,2642,352,1685,0,8
2024-01-21,SKU-10232,SUP-213,2288,405,595,0,8
2024-01-21,SKU-10233,SUP-234,1530,670,817,0,5
2024-01-21,SKU-10234,SUP-248,1408,601,1362,0,7
2024-01-21,SKU-10235,SUP-246,638,354,628,0,13
2024-01-21,SKU-10236,SUP-244,319,575,831,831,11
2024-01-21,SKU-10237,SUP-212,942,745,1071,0,14
2024-01-21,SKU-10238,SUP-245,601,288,672,0,10
2024-01-21,SKU-10239,SUP-219,1962,442,587,0,4
2024-01-21,SKU-10240,SUP-225,1923,350,1623,0,9
2024-01-21,SKU-10241,SUP-242,2569,736,1484,0,3
2024-01-21,SKU-10242,SUP-241,2352,278,1908,0,8
2024-01-21,SKU-10243,SUP-223,2479,258,1205,0,5
2024-01-21,SKU-10244,SUP-228,498,418,1623,0,5
2024-01-21,SKU-10245,SUP-233,1887,318,506,0,6
2024-01-21,SKU-10246,SUP-228,1513,480,541,0,10
2024-01-21,SKU-10247,SUP-207,2178,743,829,0,9
2024-01-21,SKU-10248,SUP-215,1263,599,1873,0,8
2024-01-21,SKU-10249,SUP-214,2300,463,1300,0,12
2024-01-21,SKU-10250,SUP-204,2081,347,1970,0,8
2024-01-21,SKU-10251,SUP-221,134,750,747,747,11
2024-01-21,SKU-10252,SUP-201,1894,453,1446,0,7
2024-01-21,SKU-10253,SUP-237,2170,743,731,0,5
2024-01-21,SKU-10254,SUP-235,28,732,1968,1968,9
2024-01-21,SKU-10255,SUP-214,1488,605,787,0,12
2024-01-21,SKU-10256,SUP-237,424,687,1705,1705,8
2024-01-21,SKU-10257,SUP-214,2646,365,964,0,9
2024-01-21,SKU-10258,SUP-200,231,724,1575,1575,11
2024-01-21,SKU-10259,SUP-204,1918,754,506,0,8
2024-01-21,SKU-10260,SUP-245,1996,779,1088,0,14
2024-01-21,SKU-10261,SUP-240,1969,404,990,0,13
2024-01-21,SKU-10262,SUP-203,246,392,832,832,11
2024-01-21,SKU-10263,SUP-214,1972,222,715,0,13
2024-01-21,SKU-10264,SUP-204,1562,515,1953,0,5
2024-01-21,SKU-10265,SUP-202,346,432,1412,1412,6
2024-01-21,SKU-10266,SUP-221,2566,461,1969,0,6
2024-01-21,SKU-10267,SUP-204,1670,769,1284,0,7
2024-01-21,SKU-10268,SUP-232,2249,442,647,0,5
2024-01-21,SKU-10269,SUP-215,1664,586,1916,0,13
2024-01-21,SKU-10270,SUP-217,1867,646,1545,0,8
2024-01-21,SKU-10271,SUP-242,578,478,1643,0,9
2024-01-21,SKU-10272,SUP-231,2449,785,1826,0,6
2024-01-21,SKU-10273,SUP-213,1292,272,1602,0,14
2024-01-21,SKU-10274,SUP-234,799,642,578,0,11
2024-01-21,SKU-10275,SUP-208,2055,206,1382,0,6
2024-01-21,SKU-10276,SUP-246,2752,276,1566,0,14
2024-01-21,SKU-10277,SUP-236,2478,419,1512,0,13
2024-01-21,SKU-10278,SUP-236,209,477,1313,1313,9
2024-01-21,SKU-10279,SUP-230,2223,749,1679,0,14
2024-01-21,SKU-10280,SUP-215,2347,515,1137,0,11
2024-01-21,SKU-10281,SUP-230,2034,462,1318,0,3
2024-01-21,SKU-10282,SUP-226,1638,462,1435,0,13
2024-01-21,SKU-10283,SUP-212,1341,451,1856,0,10
2024-01-21,SKU-10284,SUP-206,2276,484,1840,0,6
2024-01-21,SKU-10285,SUP-206,492,414,1687,0,12
2024-01-21,SKU-10286,SUP-242,2264,460,1523,0,11
2024-01-21,SKU-10287,SUP-227,522,671,1300,1300,8
2024-01-21,SKU-10288,SUP-222,683,632,1491,0,7
2024-01-21,SKU-10289,SUP-227,1667,573,1052,0,12
2024-01-21,SKU-10290,SUP-226,1292,291,876,0,3
2024-01-21,SKU-10291,SUP-229,1597,299,1646,0,14
2024-01-21,SKU-10292,SUP-246,106,718,1800,1800,12
2024-01-21,SKU-10293,SUP-203,844,576,1548,0,5
2024-01-21,SKU-10294,SUP-243,1154,652,1811,0,7
2024-01-21,SKU-10295,SUP-241,2283,532,1909,0,8
2024-01-21,SKU-10296,SUP-241,2224,506,1696,0,10
2024-01-21,SKU-10297,SUP-206,1828,796,716,0,11
2024-01-21,SKU-10298,SUP-203,590,592,1909,1909,7
2024-01-21,SKU-10299,SUP-225,1152,653,1710,0,7
2024-01-21,SKU-10300,SUP-246,2776,593,878,0,3
2024-01-21,SKU-10301,SUP-221,2801,348,1057,0,14
2024-01-21,SKU-10302,SUP-206,2656,359,1476,0,9
2024-01-21,SKU-10303,SUP-215,2591,746,579,0,8
2024-01-21,SKU-10304,SUP-212,1617,443,508,0,9
2024-01-21,SKU-10305,SUP-212,2368,499,1843,0,11
2024-01-21,SKU-10306,SUP-234,2322,661,1921,0,11
2024-01-21,SKU-10307,SUP-228,1233,443,1580,0,9
2024-01-21,SKU-10308,SUP-208,200,682,524,524,8
2024-01-21,SKU-10309,SUP-227,712,361,786,0,8
2024-01-21,SKU-10310,SUP-211,824,446,673,0,14
2024-01-21,SKU-10311,SUP-217,1059,770,1096,0,8
2024-01-21,SKU-10312,SUP-229,1319,324,540,0,3
2024-01-21,SKU-10313,SUP-215,2286,293,1418,0,10
2024-01-21,SKU-10314,SUP-204,2753,408,1732,0,10
2024-01-21,SKU-10315,SUP-228,76,360,949,949,6
2024-01-21,SKU-10316,SUP-235,362,791,1530,1530,7
2024-01-21,SKU-10317,SUP-206,1329,747,1262,0,6
2024-01-21,SKU-10318,SUP-203,2102,420,1935,0,12
2024-01-21,SKU-10319,SUP-241,1031,592,967,0,8
2024-01-21,SKU-10320,SUP-234,1995,261,662,0,10
2024-01-21,SKU-10321,SUP-200,2104,259,1751,0,10
2024-01-21,SKU-10322,SUP-205,2689,240,937,0,3
2024-01-21,SKU-10323,SUP-248,162,581,1616,1616,9
2024-01-21,SKU-10324,SUP-215,2146,648,921,0,8
2024-01-21,SKU-10325,SUP-210,1972,676,1087,0,6
2024-01-21,SKU-10326,SUP-226,209,586,605,605,14
2024-01-21,SKU-10327,SUP-231,527,386,1031,0,5
2024-01-21,SKU-10328,SUP-230,2438,217,784,0,5
2024-01-21,SKU-10329,SUP-213,924,456,1742,0,6
2024-01-21,SKU-10330,SUP-225,1878,455,1107,0,4
2024-01-21,SKU-10331,SUP-203,2332,567,514,0,5
2024-01-21,SKU-10332,SUP-210,1370,293,1344,0,13
2024-01-21,SKU-10333,SUP-224,38,253,820,820,10
2024-01-21,SKU-10334,SUP-200,2658,429,831,0,8
2024-01-21,SKU-10335,SUP-224,290,447,1360,1360,8
2024-01-21,SKU-10336,SUP-216,215,347,1512,1512,5
2024-01-21,SKU-10337,SUP-229,1684,677,1547,0,3
2024-01-21,SKU-10338,SUP-218,1215,743,937,0,11
2024-01-21,SKU-10339,SUP-227,267,376,643,643,13
2024-01-21,SKU-10340,SUP-244,1446,684,1321,0,7
2024-01-21,SKU-10341,SUP-246,197,359,989,989,6
2024-01-21,SKU-10342,SUP-235,73,794,1323,1323,6
2024-01-21,SKU-10343,SUP-242,1170,610,1475,0,14
2024-01-21,SKU-10344,SUP-245,2630,745,874,0,14
2024-01-21,SKU-10345,SUP-231,349,495,614,614,11
2024-01-21,SKU-10346,SUP-209,2607,608,1601,0,4
2024-01-21,SKU-10347,SUP-212,807,594,1741,0,5
2024-01-21,SKU-10348,SUP-218,395,525,1726,1726,3
2024-01-21,SKU-10349,SUP-213,938,496,1445,0,7
2024-01-21,SKU-10350,SUP-203,2809,331,1848,0,6
2024-01-21,SKU-10351,SUP-237,1390,535,1461,0,5
2024-01-21,SKU-10352,SUP-247,1937,244,1624,0,4
2024-01-21,SKU-10353,SUP-234,2355,461,1264,0,7
2024-01-21,SKU-10354,SUP-203,2315,268,1769,0,13
2024-01-21,SKU-10355,SUP-247,2386,664,1752,0,8
2024-01-21,SKU-10356,SUP-220,1434,326,1157,0,4
2024-01-21,SKU-10357,SUP-203,1766,442,1668,0,11
2024-01-21,SKU-10358,SUP-203,1636,607,1088,0,10
2024-01-21,SKU-10359,SUP-237,2711,366,1688,0,4
2024-01-21,SKU-10360,SUP-230,2593,374,1310,0,7
2024-01-21,SKU-10361,SUP-232,2372,341,1269,0,9
2024-01-21,SKU-10362,SUP-233,1259,534,1488,0,12
2024-01-21,SKU-10363,SUP-210,1001,323,666,0,4
2024-01-21,SKU-10364,SUP-203,1679,475,907,0,4
2024-01-21,SKU-10365,SUP-232,2322,521,614,0,10
2024-01-21,SKU-10366,SUP-205,1389,463,749,0,9
2024-01-21,SKU-10367,SUP-211,1461,204,1362,0,11
2024-01-21,SKU-10368,SUP-204,1215,656,1240,0,8
2024-01-21,SKU-10369,SUP-238,174,401,1576,1576,3
2024-01-21,SKU-10370,SUP-204,1211,751,1803,0,14
2024-01-21,SKU-10371,SUP-243,830,612,742,0,14
2024-01-21,SKU-10372,SUP-215,1873,263,1354,0,13
2024-01-21,SKU-10373,SUP-225,2198,374,1471,0,10
2024-01-21,SKU-10374,SUP-207,2594,298,1749,0,5
2024-01-21,SKU-10375,SUP-236,2567,385,1439,0,6
2024-01-21,SKU-10376,SUP-215,2501,506,1016,0,3
2024-01-21,SKU-10377,SUP-237,930,344,1407,0,10
2024-01-21,SKU-10378,SUP-238,1988,443,1393,0,14
2024-01-21,SKU-10379,SUP-202,0,798,965,965,8
2024-01-21,SKU-10380,SUP-239,1820,754,578,0,7
2024-01-21,SKU-10381,SUP-205,722,463,804,0,10
2024-01-21,SKU-10382,SUP-226,2642,280,1371,0,6
2024-01-21,SKU-10383,SUP-242,299,566,1938,1938,13
2024-01-21,SKU-10384,SUP-237,2512,768,733,0,8
2024-01-21,SKU-10385,SUP-236,1096,523,1490,0,13
2024-01-21,SKU-10386,SUP-233,2430,618,629,0,10
2024-01-21,SKU-10387,SUP-220,2502,721,959,0,3
2024-01-21,SKU-10388,SUP-216,1817,694,1038,0,7
2024-01-21,SKU-10389,SUP-213,2620,427,1260,0,4
2024-01-21,SKU-10390,SUP-242,1411,419,1759,0,6
2024-01-21,SKU-10391,SUP-245,2331,544,1149,0,5
2024-01-21,SKU-10392,SUP-220,163,567,1908,1908,4
2024-01-21,SKU-10393,SUP-215,2294,471,1213,0,14
2024-01-21,SKU-10394,SUP-216,434,795,1084,1084,14
2024-01-21,SKU-10395,SUP-225,1857,422,1459,0,10
2024-01-21,SKU-10396,SUP-208,835,550,818,0,9
2024-01-21,SKU-10397,SUP-242,2237,498,1591,0,12
2024-01-21,SKU-10398,SUP-241,2595,795,1564,0,10
2024-01-21,SKU-10399,SUP-219,1503,574,1929,0,12
2024-01-21,SKU-10400,SUP-229,1476,219,1393,0,13
2024-01-21,SKU-10401,SUP-220,1833,215,1806,0,7
2024-01-21,SKU-10402,SUP-248,2805,787,852,0,9
2024-01-21,SKU-10403,SUP-204,1054,208,1986,0,10
2024-01-21,SKU-10404,SUP-200,1324,630,1288,0,12
2024-01-21,SKU-10405,SUP-229,1223,310,1612,0,4
2024-01-21,SKU-10406,SUP-239,1906,470,1797,0,4
2024-01-21,SKU-10407,SUP-236,93,685,1987,1987,10
2024-01-21,SKU-10408,SUP-206,1921,599,1091,0,10
2024-01-21,SKU-10409,SUP-204,838,309,547,0,10
2024-01-21,SKU-10410,SUP-234,1037,477,880,0,8
2024-01-21,SKU-10411,SUP-213,2557,439,1706,0,10
2024-01-21,SKU-10412,SUP-232,1865,636,1093,0,11
2024-01-21,SKU-10413,SUP-216,1859,704,1507,0,12
2024-01-21,SKU-10414,SUP-208,750,728,1330,0,11
2024-01-21,SKU-10415,SUP-222,1128,640,1138,0,8
2024-01-21,SKU-10416,SUP-204,420,491,1437,1437,9
2024-01-21,SKU-10417,SUP-215,1943,483,1056,0,14
2024-01-21,SKU-10418,SUP-223,242,358,1790,1790,6
2024-01-21,SKU-10419,SUP-218,1716,350,1808,0,9
2024-01-21,SKU-10420,SUP-210,189,539,1158,1158,12
2024-01-21,SKU-10421,SUP-228,2590,656,1054,0,5
2024-01-21,SKU-10422,SUP-234,765,725,563,0,11
2024-01-21,SKU-10423,SUP-245,1718,698,1017,0,5
2024-01-21,SKU-10424,SUP-219,267,774,911,911,4
2024-01-21,SKU-10425,SUP-239,884,676,1007,0,9
2024-01-21,SKU-10426,SUP-241,1683,518,1918,0,3
2024-01-21,SKU-10427,SUP-233,1586,749,1227,0,10
2024-01-21,SKU-10428,SUP-200,2486,396,610,0,8
2024-01-21,SKU-10429,SUP-242,1072,683,1266,0,8
2024-01-21,SKU-10430,SUP-235,2150,519,674,0,8
2024-01-21,SKU-10431,SUP-219,1140,666,753,0,14
2024-01-21,SKU-10432,SUP-242,2761,491,1675,0,13
2024-01-21,SKU-10433,SUP-206,231,652,1281,1281,6
2024-01-21,SKU-10434,SUP-208,2147,519,522,0,6
2024-01-21,SKU-10435,SUP-216,700,528,1853,0,8
2024-01-21,SKU-10436,SUP-207,2696,787,1193,0,9
2024-01-21,SKU-10437,SUP-206,1105,205,810,0,4
2024-01-21,SKU-10438,SUP-247,2730,793,1403,0,8
2024-01-21,SKU-10439,SUP-235,347,794,1461,1461,11
2024-01-21,SKU-10440,SUP-209,2047,270,1612,0,3
2024-01-21,SKU-10441,SUP-217,2049,774,1499,0,5
2024-01-21,SKU-10442,SUP-218,538,545,1761,1761,11
2024-01-21,SKU-10443,SUP-238,1156,492,1551,0,11
2024-01-21,SKU-10444,SUP-213,1785,763,900,0,14
2024-01-21,SKU-10445,SUP-245,779,332,1520,0,14
2024-01-21,SKU-10446,SUP-221,1376,602,1494,0,4
2024-01-21,SKU-10447,SUP-213,2274,413,1373,0,3
2024-01-21,SKU-10448,SUP-243,365,370,843,843,10
2024-01-21,SKU-10449,SUP-240,870,695,1814,0,3
2024-01-21,SKU-10450,SUP-216,2374,209,1564,0,4
2024-01-21,SKU-10451,SUP-232,190,582,826,826,4
2024-01-21,SKU-10452,SUP-231,526,731,1482,1482,3
2024-01-21,SKU-10453,SUP-216,1924,540,771,0,9
2024-01-21,SKU-10454,SUP-203,2312,394,1696,0,5
2024-01-21,SKU-10455,SUP-205,1057,250,1391,0,9
2024-01-21,SKU-10456,SUP-240,600,332,595,0,10
2024-01-21,SKU-10457,SUP-227,829,514,1415,0,10
2024-01-21,SKU-10458,SUP-217,1603,565,865,0,9
2024-01-21,SKU-10459,SUP-202,329,390,713,713,12
2024-01-21,SKU-10460,SUP-200,2122,426,1920,0,11
2024-01-21,SKU-10461,SUP-221,1749,615,1425,0,7
2024-01-21,SKU-10462,SUP-249,140,431,1119,1119,10
2024-01-21,SKU-10463,SUP-208,1160,236,1270,0,4
2024-01-21,SKU-10464,SUP-240,934,625,907,0,9
2024-01-21,SKU-10465,SUP-216,196,557,685,685,7
2024-01-21,SKU-10466,SUP-210,867,360,783,0,10
2024-01-21,SKU-10467,SUP-247,2108,430,1991,0,9
2024-01-21,SKU-10468,SUP-228,2367,384,1944,0,9
2024-01-21,SKU-10469,SUP-235,2559,202,576,0,9
2024-01-21,SKU-10470,SUP-245,1807,215,729,0,10
2024-01-21,SKU-10471,SUP-227,930,505,1529,0,13
2024-01-21,SKU-10472,SUP-235,1708,593,620,0,8
2024-01-21,SKU-10473,SUP-200,343,367,1607,1607,7
2024-01-21,SKU-10474,SUP-207,1730,467,537,0,4
2024-01-21,SKU-10475,SUP-204,1722,398,1309,0,7
2024-01-21,SKU-10476,SUP-244,1371,302,934,0,14
2024-01-21,SKU-10477,SUP-209,674,580,565,0,5
2024-01-21,SKU-10478,SUP-234,2268,564,1703,0,6
2024-01-21,SKU-10479,SUP-202,2182,458,1909,0,9
2024-01-21,SKU-10480,SUP-223,2082,720,1020,0,10
2024-01-21,SKU-10481,SUP-237,391,473,1995,1995,9
2024-01-21,SKU-10482,SUP-235,1402,547,570,0,4
2024-01-21,SKU-10483,SUP-209,1740,455,1626,0,5
2024-01-21,SKU-10484,SUP-227,861,339,1154,0,9
2024-01-21,SKU-10485,SUP-208,132,712,1530,1530,11
2024-01-21,SKU-10486,SUP-202,2001,201,1034,0,9
2024-01-21,SKU-10487,SUP-219,1483,795,703,0,13
2024-01-21,SKU-10488,SUP-223,255,350,1770,1770,4
2024-01-21,SKU-10489,SUP-202,2024,713,1720,0,7
2024-01-21,SKU-10490,SUP-222,2746,466,1620,0,13
2024-01-21,SKU-10491,SUP-213,1273,668,567,0,11
2024-01-21,SKU-10492,SUP-243,532,266,1446,0,6
2024-01-21,SKU-10493,SUP-215,836,483,1047,0,14
2024-01-21,SKU-10494,SUP-242,1246,683,1087,0,10
2024-01-21,SKU-10495,SUP-206,1325,677,1621,0,12
2024-01-21,SKU-10496,SUP-222,612,612,1916,0,11
2024-01-21,SKU-10497,SUP-249,1384,402,757,0,13
2024-01-21,SKU-10498,SUP-235,769,640,954,0,9
2024-01-21,SKU-10499,SUP-226,1809,632,1952,0,14
2024-01-22,SKU-10000,SUP-240,1937,761,1406,0,9
2024-01-22,SKU-10001,SUP-207,2477,348,1059,0,12
2024-01-22,SKU-10002,SUP-201,2033,217,1279,0,9
2024-01-22,SKU-10003,SUP-247,658,598,732,0,11
2024-01-22,SKU-10004,SUP-217,1396,564,1437,0,9
2024-01-22,SKU-10005,SUP-215,2006,224,1897,0,3
2024-01-22,SKU-10006,SUP-214,479,238,1783,0,7
2024-01-22,SKU-10007,SUP-208,1941,419,1405,0,14
2024-01-22,SKU-10008,SUP-247,1376,265,1910,0,3
2024-01-22,SKU-10009,SUP-206,2038,507,1863,0,9
2024-01-22,SKU-10010,SUP-243,1799,385,1610,0,5
2024-01-22,SKU-10011,SUP-247,1129,554,1968,0,13
2024-01-22,SKU-10012,SUP-234,2438,483,535,0,7
2024-01-22,SKU-10013,SUP-205,1613,381,970,0,14
2024-01-22,SKU-10014,SUP-237,2254,349,903,0,4
2024-01-22,SKU-10015,SUP-227,2380,445,1491,0,13
2024-01-22,SKU-10016,SUP-202,1170,208,1013,0,14
2024-01-22,SKU-10017,SUP-201,293,465,582,582,4
2024-01-22,SKU-10018,SUP-205,1421,398,1815,0,10
2024-01-22,SKU-10019,SUP-213,228,218,870,0,5
2024-01-22,SKU-10020,SUP-214,1697,721,878,0,9
2024-01-22,SKU-10021,SUP-232,786,289,643,0,9
2024-01-22,SKU-10022,SUP-238,2468,403,1915,0,13
2024-01-22,SKU-10023,SUP-201,1407,352,1028,0,5
2024-01-22,SKU-10024,SUP-235,2604,708,1579,0,14
2024-01-22,SKU-10025,SUP-212,2648,329,597,0,11
2024-01-22,SKU-10026,SUP-245,2299,487,1346,0,12
2024-01-22,SKU-10027,SUP-241,2065,270,762,0,10
2024-01-22,SKU-10028,SUP-244,2641,409,616,0,10
2024-01-22,SKU-10029,SUP-234,364,250,1530,0,13
2024-01-22,SKU-10030,SUP-226,934,460,699,0,12
2024-01-22,SKU-10031,SUP-214,87,254,1744,1744,14
2024-01-22,SKU-10032,SUP-228,1978,316,1089,0,14
2024-01-22,SKU-10033,SUP-237,1963,442,1285,0,14
2024-01-22,SKU-10034,SUP-217,1083,353,1777,0,7
2024-01-22,SKU-10035,SUP-200,322,690,1272,1272,14
2024-01-22,SKU-10036,SUP-248,467,261,1357,0,12
2024-01-22,SKU-10037,SUP-210,1260,580,1559,0,10
2024-01-22,SKU-10038,SUP-244,959,780,1755,0,8
2024-01-22,SKU-10039,SUP-227,1949,551,754,0,4
2024-01-22,SKU-10040,SUP-221,1949,453,1917,0,6
2024-01-22,SKU-10041,SUP-217,245,449,1760,1760,10
2024-01-22,SKU-10042,SUP-209,176,441,633,633,9
2024-01-22,SKU-10043,SUP-213,1012,418,1196,0,5
2024-01-22,SKU-10044,SUP-248,1907,602,1422,0,11
2024-01-22,SKU-10045,SUP-221,1649,480,1850,0,5
2024-01-22,SKU-10046,SUP-206,1948,607,1079,0,9
2024-01-22,SKU-10047,SUP-205,518,280,1961,0,12
2024-01-22,SKU-10048,SUP-224,1926,336,1322,0,5
2024-01-22,SKU-10049,SUP-206,734,504,728,0,9
2024-01-22,SKU-10050,SUP-222,447,403,1474,0,5
2024-01-22,SKU-10051,SUP-222,997,749,1828,0,14
2024-01-22,SKU-10052,SUP-238,1640,294,1769,0,3
2024-01-22,SKU-10053,SUP-216,403,550,1749,1749,14
2024-01-22,SKU-10054,SUP-202,1831,272,1017,0,3
2024-01-22,SKU-10055,SUP-246,0,571,1979,1979,9
2024-01-22,SKU-10056,SUP-229,1229,563,924,0,10
2024-01-22,SKU-10057,SUP-234,1062,229,1512,0,5
2024-01-22,SKU-10058,SUP-207,2008,454,1202,0,8
2024-01-22,SKU-10059,SUP-224,145,648,1609,1609,3
2024-01-22,SKU-10060,SUP-205,779,257,1541,0,9
2024-01-22,SKU-10061,SUP-235,2283,411,985,0,14
2024-01-22,SKU-10062,SUP-218,1547,428,1752,0,12
2024-01-22,SKU-10063,SUP-240,911,340,1580,0,10
2024-01-22,SKU-10064,SUP-239,1519,493,527,0,12
2024-01-22,SKU-10065,SUP-223,1498,520,1072,0,11
2024-01-22,SKU-10066,SUP-236,913,610,896,0,3
2024-01-22,SKU-10067,SUP-212,2494,569,663,0,4
2024-01-22,SKU-10068,SUP-245,2398,578,1962,0,11
2024-01-22,SKU-10069,SUP-204,2328,495,1551,0,3
2024-01-22,SKU-10070,SUP-202,230,542,1554,1554,12
2024-01-22,SKU-10071,SUP-242,1646,450,1886,0,13
2024-01-22,SKU-10072,SUP-214,2340,444,578,0,7
2024-01-22,SKU-10073,SUP-249,0,626,716,716,9
2024-01-22,SKU-10074,SUP-218,1538,395,1066,0,4
2024-01-22,SKU-10075,SUP-205,2341,456,1138,0,12
2024-01-22,SKU-10076,SUP-214,625,698,1401,1401,13
2024-01-22,SKU-10077,SUP-206,1540,557,1760,0,13
2024-01-22,SKU-10078,SUP-224,299,776,716,716,12
2024-01-22,SKU-10079,SUP-217,1872,607,647,0,8
2024-01-22,SKU-10080,SUP-229,430,697,922,922,5
2024-01-22,SKU-10081,SUP-240,2103,712,604,0,12
2024-01-22,SKU-10082,SUP-223,1460,674,1503,0,14
2024-01-22,SKU-10083,SUP-210,1186,393,611,0,9
2024-01-22,SKU-10084,SUP-223,2174,224,1156,0,14
2024-01-22,SKU-10085,SUP-222,1356,793,545,0,5
2024-01-22,SKU-10086,SUP-213,2152,564,969,0,14
2024-01-22,SKU-10087,SUP-242,2619,548,1198,0,12
2024-01-22,SKU-10088,SUP-217,2071,572,1814,0,14
2024-01-22,SKU-10089,SUP-244,887,754,1824,0,8
2024-01-22,SKU-10090,SUP-243,1036,301,696,0,9
2024-01-22,SKU-10091,SUP-241,2019,562,972,0,11
2024-01-22,SKU-10092,SUP-204,2576,505,1957,0,7
2024-01-22,SKU-10093,SUP-238,1361,256,1323,0,6
2024-01-22,SKU-10094,SUP-240,2049,247,1940,0,10
2024-01-22,SKU-10095,SUP-210,903,247,854,0,12
2024-01-22,SKU-10096,SUP-234,363,289,868,0,13
2024-01-22,SKU-10097,SUP-246,1085,376,999,0,7
2024-01-22,SKU-10098,SUP-215,2129,640,1484,0,11
2024-01-22,SKU-10099,SUP-210,970,568,1697,0,12
2024-01-22,SKU-10100,SUP-229,354,395,1705,1705,3
2024-01-22,SKU-10101,SUP-224,1713,312,1758,0,11
2024-01-22,SKU-10102,SUP-217,1841,418,664,0,3
2024-01-22,SKU-10103,SUP-240,2206,568,1971,0,10
2024-01-22,SKU-10104,SUP-244,1264,647,1677,0,4
2024-01-22,SKU-10105,SUP-235,449,221,1903,0,6
2024-01-22,SKU-10106,SUP-214,2536,789,1176,0,5
2024-01-22,SKU-10107,SUP-243,1963,470,500,0,7
2024-01-22,SKU-10108,SUP-220,870,249,1116,0,13
2024-01-22,SKU-10109,SUP-249,2628,595,1774,0,11
2024-01-22,SKU-10110,SUP-249,186,777,1340,1340,12
2024-01-22,SKU-10111,SUP-203,624,218,544,0,8
2024-01-22,SKU-10112,SUP-214,1112,429,1292,0,5
2024-01-22,SKU-10113,SUP-202,2337,337,1696,0,9
2024-01-22,SKU-10114,SUP-220,2608,358,1659,0,13
2024-01-22,SKU-10115,SUP-225,1917,722,1422,0,8
2024-01-22,SKU-10116,SUP-217,169,384,931,931,10
2024-01-22,SKU-10117,SUP-204,0,650,1638,1638,4
2024-01-22,SKU-10118,SUP-213,2312,508,1626,0,9
2024-01-22,SKU-10119,SUP-236,38,289,1641,1641,13
2024-01-22,SKU-10120,SUP-245,1180,716,1732,0,9
2024-01-22,SKU-10121,SUP-220,1838,518,1466,0,9
2024-01-22,SKU-10122,SUP-213,569,289,1151,0,13
2024-01-22,SKU-10123,SUP-241,828,439,1795,0,12
2024-01-22,SKU-10124,SUP-231,1584,795,1774,0,8
2024-01-22,SKU-10125,SUP-225,140,230,957,957,8
2024-01-22,SKU-10126,SUP-241,1943,747,1469,0,10
2024-01-22,SKU-10127,SUP-229,443,436,1512,0,3
2024-01-22,SKU-10128,SUP-209,1001,668,887,0,9
2024-01-22,SKU-10129,SUP-216,726,685,1452,0,8
2024-01-22,SKU-10130,SUP-208,1646,756,881,0,5
2024-01-22,SKU-10131,SUP-215,270,737,1873,1873,10
2024-01-22,SKU-10132,SUP-247,850,340,1358,0,9
2024-01-22,SKU-10133,SUP-235,1765,222,1261,0,14
2024-01-22,SKU-10134,SUP-234,2454,750,1004,0,3
2024-01-22,SKU-10135,SUP-216,2099,681,1939,0,11
2024-01-22,SKU-10136,SUP-247,2614,688,1931,0,5
2024-01-22,SKU-10137,SUP-237,2603,426,871,0,9
2024-01-22,SKU-10138,SUP-227,917,599,808,0,10
2024-01-22,SKU-10139,SUP-237,54,425,838,838,8
2024-01-22,SKU-10140,SUP-225,2028,349,1775,0,14
2024-01-22,SKU-10141,SUP-223,1527,690,1025,0,6
2024-01-22,SKU-10142,SUP-214,0,586,1958,1958,4
2024-01-22,SKU-10143,SUP-208,233,547,1610,1610,4
2024-01-22,SKU-10144,SUP-232,718,201,728,0,12
2024-01-22,SKU-10145,SUP-231,2661,412,885,0,14
2024-01-22,SKU-10146,SUP-205,442,478,1489,1489,8
2024-01-22,SKU-10147,SUP-248,1448,401,1915,0,11
2024-01-22,SKU-10148,SUP-203,1283,434,613,0,8
2024-01-22,SKU-10149,SUP-207,1860,239,602,0,13
2024-01-22,SKU-10150,SUP-209,1256,763,1560,0,5
2024-01-22,SKU-10151,SUP-240,2277,251,925,0,14
2024-01-22,SKU-10152,SUP-210,275,377,1175,1175,3
2024-01-22,SKU-10153,SUP-243,344,363,876,876,5
2024-01-22,SKU-10154,SUP-227,601,594,765,0,5
2024-01-22,SKU-10155,SUP-238,2596,426,875,0,8
2024-01-22,SKU-10156,SUP-204,2319,240,1780,0,5
2024-01-22,SKU-10157,SUP-224,2409,418,743,0,13
2024-01-22,SKU-10158,SUP-224,250,474,569,569,7
2024-01-22,SKU-10159,SUP-238,2404,372,1459,0,6
2024-01-22,SKU-10160,SUP-229,913,520,1596,0,11
2024-01-22,SKU-10161,SUP-233,1440,612,623,0,3
2024-01-22,SKU-10162,SUP-216,948,632,990,0,9
2024-01-22,SKU-10163,SUP-235,2037,399,1374,0,14
2024-01-22,SKU-10164,SUP-200,2561,731,651,0,10
2024-01-22,SKU-10165,SUP-243,169,561,1651,1651,13
2024-01-22,SKU-10166,SUP-246,1338,394,599,0,6
2024-01-22,SKU-10167,SUP-207,799,627,1086,0,10
2024-01-22,SKU-10168,SUP-243,253,253,906,0,3
2024-01-22,SKU-10169,SUP-234,1860,314,1516,0,6
2024-01-22,SKU-10170,SUP-248,702,756,1678,1678,4
2024-01-22,SKU-10171,SUP-217,1878,281,1464,0,11
2024-01-22,SKU-10172,SUP-249,1163,240,944,0,7
2024-01-22,SKU-10173,SUP-241,1254,461,556,0,8
2024-01-22,SKU-10174,SUP-221,1502,361,1820,0,11
2024-01-22,SKU-10175,SUP-207,746,727,1582,0,8
2024-01-22,SKU-10176,SUP-218,544,246,1913,0,14
2024-01-22,SKU-10177,SUP-227,2029,578,1840,0,6
2024-01-22,SKU-10178,SUP-210,1326,771,847,0,12
2024-01-22,SKU-10179,SUP-229,463,710,951,951,10
2024-01-22,SKU-10180,SUP-200,2339,503,797,0,12
2024-01-22,SKU-10181,SUP-246,231,325,550,550,5
2024-01-22,SKU-10182,SUP-246,1636,670,1899,0,10
2024-01-22,SKU-10183,SUP-216,2560,637,1774,0,5
2024-01-22,SKU-10184,SUP-232,2173,723,1154,0,12
2024-01-22,SKU-10185,SUP-248,316,317,560,560,5
2024-01-22,SKU-10186,SUP-211,1146,464,1552,0,9
2024-01-22,SKU-10187,SUP-232,640,790,838,838,8
2024-01-22,SKU-10188,SUP-206,1994,630,651,0,4
2024-01-22,SKU-10189,SUP-240,615,242,920,0,12
2024-01-22,SKU-10190,SUP-219,275,683,792,792,11
2024-01-22,SKU-10191,SUP-240,112,584,515,515,7
2024-01-22,SKU-10192,SUP-232,1291,495,934,0,3
2024-01-22,SKU-10193,SUP-238,2440,773,1422,0,7
2024-01-22,SKU-10194,SUP-212,2333,482,1498,0,8
2024-01-22,SKU-10195,SUP-209,168,762,976,976,9
2024-01-22,SKU-10196,SUP-223,2406,599,635,0,12
2024-01-22,SKU-10197,SUP-248,2097,693,602,0,6
2024-01-22,SKU-10198,SUP-210,76,302,1198,1198,3
2024-01-22,SKU-10199,SUP-234,1587,638,1870,0,9
2024-01-22,SKU-10200,SUP-249,1417,799,925,0,5
2024-01-22,SKU-10201,SUP-233,119,762,917,917,12
2024-01-22,SKU-10202,SUP-200,208,772,1961,1961,12
2024-01-22,SKU-10203,SUP-238,1425,217,1834,0,6
2024-01-22,SKU-10204,SUP-220,1024,729,999,0,3
2024-01-22,SKU-10205,SUP-231,2017,205,737,0,6
2024-01-22,SKU-10206,SUP-201,2589,606,1315,0,4
2024-01-22,SKU-10207,SUP-207,2005,576,539,0,3
2024-01-22,SKU-10208,SUP-223,418,754,735,735,3
2024-01-22,SKU-10209,SUP-219,1792,555,1143,0,10
2024-01-22,SKU-10210,SUP-215,2518,428,860,0,6
2024-01-22,SKU-10211,SUP-203,720,573,560,0,12
2024-01-22,SKU-10212,SUP-215,1499,613,615,0,10
2024-01-22,SKU-10213,SUP-236,1149,525,1197,0,14
2024-01-22,SKU-10214,SUP-205,1188,532,1989,0,12
2024-01-22,SKU-10215,SUP-205,2324,722,1947,0,10
2024-01-22,SKU-10216,SUP-246,2020,573,1131,0,4
2024-01-22,SKU-10217,SUP-231,1681,642,1561,0,10
2024-01-22,SKU-10218,SUP-204,912,738,1341,0,13
2024-01-22,SKU-10219,SUP-248,2087,360,1139,0,14
2024-01-22,SKU-10220,SUP-234,1638,438,1564,0,12
2024-01-22,SKU-10221,SUP-249,2283,460,1929,0,4
2024-01-22,SKU-10222,SUP-208,1401,336,1725,0,7
2024-01-22,SKU-10223,SUP-208,2282,227,1370,0,6
2024-01-22,SKU-10224,SUP-242,1481,398,568,0,12
2024-01-22,SKU-10225,SUP-230,1922,745,559,0,10
2024-01-22,SKU-10226,SUP-235,761,564,1521,0,8
2024-01-22,SKU-10227,SUP-210,1787,629,1642,0,12
2024-01-22,SKU-10228,SUP-216,1052,519,1528,0,4
2024-01-22,SKU-10229,SUP-233,629,253,787,0,14
2024-01-22,SKU-10230,SUP-238,1049,781,541,0,3
2024-01-22,SKU-10231,SUP-227,276,246,1690,0,10
2024-01-22,SKU-10232,SUP-213,728,569,1270,0,14
2024-01-22,SKU-10233,SUP-234,1973,790,564,0,5
2024-01-22,SKU-10234,SUP-248,172,416,1490,1490,12
2024-01-22,SKU-10235,SUP-246,1173,461,783,0,8
2024-01-22,SKU-10236,SUP-244,420,322,509,0,9
2024-01-22,SKU-10237,SUP-212,1566,673,1967,0,8
2024-01-22,SKU-10238,SUP-245,917,425,1647,0,5
2024-01-22,SKU-10239,SUP-219,802,436,1991,0,5
2024-01-22,SKU-10240,SUP-225,504,516,802,802,8
2024-01-22,SKU-10241,SUP-242,1243,392,723,0,7
2024-01-22,SKU-10242,SUP-241,937,284,1486,0,13
2024-01-22,SKU-10243,SUP-223,583,382,1795,0,12
2024-01-22,SKU-10244,SUP-228,1798,292,829,0,8
2024-01-22,SKU-10245,SUP-233,2254,522,509,0,7
2024-01-22,SKU-10246,SUP-228,80,517,1746,1746,3
2024-01-22,SKU-10247,SUP-207,1056,462,1729,0,11
2024-01-22,SKU-10248,SUP-215,2487,219,1067,0,12
2024-01-22,SKU-10249,SUP-214,995,290,770,0,11
2024-01-22,SKU-10250,SUP-204,1540,565,983,0,5
2024-01-22,SKU-10251,SUP-221,680,208,1515,0,14
2024-01-22,SKU-10252,SUP-201,107,307,1414,1414,12
2024-01-22,SKU-10253,SUP-237,1378,291,1371,0,8
2024-01-22,SKU-10254,SUP-235,1012,564,652,0,11
2024-01-22,SKU-10255,SUP-214,1119,255,1975,0,10
2024-01-22,SKU-10256,SUP-237,2553,754,799,0,8
2024-01-22,SKU-10257,SUP-214,1800,343,1727,0,7
2024-01-22,SKU-10258,SUP-200,2283,439,948,0,13
2024-01-22,SKU-10259,SUP-204,154,602,1302,1302,3
2024-01-22,SKU-10260,SUP-245,1809,665,1563,0,6
2024-01-22,SKU-10261,SUP-240,1368,706,552,0,11
2024-01-22,SKU-10262,SUP-203,2274,539,1644,0,3
2024-01-22,SKU-10263,SUP-214,1404,404,1146,0,8
2024-01-22,SKU-10264,SUP-204,1990,251,1367,0,6
2024-01-22,SKU-10265,SUP-202,676,202,1974,0,6
2024-01-22,SKU-10266,SUP-221,1433,727,601,0,6
2024-01-22,SKU-10267,SUP-204,1410,220,886,0,7
2024-01-22,SKU-10268,SUP-232,140,332,1338,1338,11
2024-01-22,SKU-10269,SUP-215,1383,347,1433,0,10
2024-01-22,SKU-10270,SUP-217,847,497,722,0,3
2024-01-22,SKU-10271,SUP-242,407,575,1098,1098,7
2024-01-22,SKU-10272,SUP-231,1138,547,1845,0,12
2024-01-22,SKU-10273,SUP-213,2329,529,1986,0,4
2024-01-22,SKU-10274,SUP-234,1821,421,689,0,14
2024-01-22,SKU-10275,SUP-208,271,288,1454,1454,13
2024-01-22,SKU-10276,SUP-246,315,654,1194,1194,8
2024-01-22,SKU-10277,SUP-236,664,603,1684,0,10
2024-01-22,SKU-10278,SUP-236,360,312,1062,0,10
2024-01-22,SKU-10279,SUP-230,134,773,1936,1936,12
2024-01-22,SKU-10280,SUP-215,2183,656,652,0,13
2024-01-22,SKU-10281,SUP-230,287,766,1053,1053,5
2024-01-22,SKU-10282,SUP-226,1355,251,510,0,9
2024-01-22,SKU-10283,SUP-212,1479,736,1103,0,14
2024-01-22,SKU-10284,SUP-206,625,747,1580,1580,4
2024-01-22,SKU-10285,SUP-206,1720,731,1258,0,8
2024-01-22,SKU-10286,SUP-242,520,710,1296,1296,6
2024-01-22,SKU-10287,SUP-227,2080,760,863,0,8
2024-01-22,SKU-10288,SUP-222,1277,376,1822,0,14
2024-01-22,SKU-10289,SUP-227,1254,776,1317,0,8
2024-01-22,SKU-10290,SUP-226,2705,519,978,0,8
2024-01-22,SKU-10291,SUP-229,667,413,1845,0,7
2024-01-22,SKU-10292,SUP-246,761,679,1377,0,8
2024-01-22,SKU-10293,SUP-203,726,576,1665,0,14
2024-01-22,SKU-10294,SUP-243,1375,321,1823,0,7
2024-01-22,SKU-10295,SUP-241,1187,755,1598,0,14
2024-01-22,SKU-10296,SUP-241,2154,750,1098,0,13
2024-01-22,SKU-10297,SUP-206,1464,545,1669,0,14
2024-01-22,SKU-10298,SUP-203,2044,258,1506,0,14
2024-01-22,SKU-10299,SUP-225,784,786,675,675,4
2024-01-22,SKU-10300,SUP-246,1327,627,1430,0,10
2024-01-22,SKU-10301,SUP-221,2206,712,670,0,14
2024-01-22,SKU-10302,SUP-206,142,316,972,972,4
2024-01-22,SKU-10303,SUP-215,416,796,1741,1741,12
2024-01-22,SKU-10304,SUP-212,1816,275,1592,0,12
2024-01-22,SKU-10305,SUP-212,1345,207,1321,0,10
2024-01-22,SKU-10306,SUP-234,2040,724,1325,0,9
2024-01-22,SKU-10307,SUP-228,634,273,1305,0,7
2024-01-22,SKU-10308,SUP-208,161,585,1808,1808,12
2024-01-22,SKU-10309,SUP-227,1700,656,663,0,9
2024-01-22,SKU-10310,SUP-211,2062,535,1085,0,9
2024-01-22,SKU-10311,SUP-217,285,665,1924,1924,3
2024-01-22,SKU-10312,SUP-229,2303,476,565,0,13
2024-01-22,SKU-10313,SUP-215,1694,251,1975,0,4
2024-01-22,SKU-10314,SUP-204,798,515,635,0,13
2024-01-22,SKU-10315,SUP-228,431,760,1725,1725,9
2024-01-22,SKU-10316,SUP-235,1069,296,876,0,13
2024-01-22,SKU-10317,SUP-206,1841,208,1504,0,13
2024-01-22,SKU-10318,SUP-203,212,548,623,623,12
2024-01-22,SKU-10319,SUP-241,207,610,1903,1903,8
2024-01-22,SKU-10320,SUP-234,1093,291,1095,0,7
2024-01-22,SKU-10321,SUP-200,2392,525,1376,0,13
2024-01-22,SKU-10322,SUP-205,2617,628,1306,0,10
2024-01-22,SKU-10323,SUP-248,1509,707,548,0,10
2024-01-22,SKU-10324,SUP-215,1584,774,727,0,10
2024-01-22,SKU-10325,SUP-210,152,353,1107,1107,9
2024-01-22,SKU-10326,SUP-226,2666,666,843,0,6
2024-01-22,SKU-10327,SUP-231,1203,693,1361,0,3
2024-01-22,SKU-10328,SUP-230,2537,582,1832,0,3
2024-01-22,SKU-10329,SUP-213,86,263,1398,1398,14
2024-01-22,SKU-10330,SUP-225,854,265,1702,0,11
2024-01-22,SKU-10331,SUP-203,1074,543,1710,0,5
2024-01-22,SKU-10332,SUP-210,167,325,1455,1455,12
2024-01-22,SKU-10333,SUP-224,87,442,519,519,7
2024-01-22,SKU-10334,SUP-200,2222,686,829,0,13
2024-01-22,SKU-10335,SUP-224,2080,705,962,0,7
2024-01-22,SKU-10336,SUP-216,1910,780,1499,0,12
2024-01-22,SKU-10337,SUP-229,2076,405,1658,0,13
2024-01-22,SKU-10338,SUP-218,1960,456,1904,0,8
2024-01-22,SKU-10339,SUP-227,165,774,1962,1962,8
2024-01-22,SKU-10340,SUP-244,1460,610,882,0,3
2024-01-22,SKU-10341,SUP-246,2706,350,868,0,13
2024-01-22,SKU-10342,SUP-235,1140,271,1122,0,11
2024-01-22,SKU-10343,SUP-242,1615,700,658,0,8
2024-01-22,SKU-10344,SUP-245,91,472,1861,1861,5
2024-01-22,SKU-10345,SUP-231,2201,665,1602,0,12
2024-01-22,SKU-10346,SUP-209,2086,331,1276,0,6
2024-01-22,SKU-10347,SUP-212,2286,576,984,0,4
2024-01-22,SKU-10348,SUP-218,1471,495,1077,0,11
2024-01-22,SKU-10349,SUP-213,1391,773,545,0,7
2024-01-22,SKU-10350,SUP-203,1410,266,1125,0,5
2024-01-22,SKU-10351,SUP-237,2112,761,757,0,14
2024-01-22,SKU-10352,SUP-247,1918,452,1712,0,11
2024-01-22,SKU-10353,SUP-234,1623,739,1224,0,3
2024-01-22,SKU-10354,SUP-203,499,353,654,0,12
2024-01-22,SKU-10355,SUP-247,285,708,1913,1913,6
2024-01-22,SKU-10356,SUP-220,2033,464,719,0,10
2024-01-22,SKU-10357,SUP-203,885,278,1250,0,14
2024-01-22,SKU-10358,SUP-203,2222,686,1914,0,14
2024-01-22,SKU-10359,SUP-237,1756,398,1442,0,11
2024-01-22,SKU-10360,SUP-230,1550,706,1069,0,11
2024-01-22,SKU-10361,SUP-232,1625,421,1155,0,13
2024-01-22,SKU-10362,SUP-233,2513,221,1309,0,3
2024-01-22,SKU-10363,SUP-210,522,246,1648,0,9
2024-01-22,SKU-10364,SUP-203,1720,736,1069,0,13
2024-01-22,SKU-10365,SUP-232,2446,243,1096,0,8
2024-01-22,SKU-10366,SUP-205,256,573,1112,1112,6
2024-01-22,SKU-10367,SUP-211,1944,521,1038,0,6
2024-01-22,SKU-10368,SUP-204,1465,564,1412,0,7
2024-01-22,SKU-10369,SUP-238,1254,445,1257,0,14
2024-01-22,SKU-10370,SUP-204,1085,727,1513,0,10
2024-01-22,SKU-10371,SUP-243,2626,371,801,0,12
2024-01-22,SKU-10372,SUP-215,1644,203,1784,0,7
2024-01-22,SKU-10373,SUP-225,844,748,909,0,13
2024-01-22,SKU-10374,SUP-207,2218,287,598,0,11
2024-01-22,SKU-10375,SUP-236,179,226,1705,1705,5
2024-01-22,SKU-10376,SUP-215,2169,585,1029,0,14
2024-01-22,SKU-10377,SUP-237,32,299,1099,1099,14
2024-01-22,SKU-10378,SUP-238,1614,376,1655,0,6
2024-01-22,SKU-10379,SUP-202,2508,256,1536,0,3
2024-01-22,SKU-10380,SUP-239,936,709,1676,0,9
2024-01-22,SKU-10381,SUP-205,0,590,809,809,3
2024-01-22,SKU-10382,SUP-226,1303,265,665,0,14
2024-01-22,SKU-10383,SUP-242,575,216,625,0,4
2024-01-22,SKU-10384,SUP-237,1479,637,1467,0,4
2024-01-22,SKU-10385,SUP-236,2474,756,1710,0,4
2024-01-22,SKU-10386,SUP-233,1391,247,1634,0,11
2024-01-22,SKU-10387,SUP-220,439,766,816,816,4
2024-01-22,SKU-10388,SUP-216,2331,668,1533,0,14
2024-01-22,SKU-10389,SUP-213,474,675,744,744,3
2024-01-22,SKU-10390,SUP-242,2545,272,1252,0,12
2024-01-22,SKU-10391,SUP-245,940,661,1889,0,11
2024-01-22,SKU-10392,SUP-220,1165,509,537,0,11
2024-01-22,SKU-10393,SUP-215,996,432,1012,0,8
2024-01-22,SKU-10394,SUP-216,2141,776,1529,0,10
2024-01-22,SKU-10395,SUP-225,2135,334,804,0,6
2024-01-22,SKU-10396,SUP-208,2335,798,1418,0,14
2024-01-22,SKU-10397,SUP-242,2125,465,1843,0,12
2024-01-22,SKU-10398,SUP-241,2166,606,1961,0,11
2024-01-22,SKU-10399,SUP-219,1387,685,1352,0,13
2024-01-22,SKU-10400,SUP-229,201,636,642,642,8
2024-01-22,SKU-10401,SUP-220,1758,727,1833,0,3
2024-01-22,SKU-10402,SUP-248,1219,721,808,0,10
2024-01-22,SKU-10403,SUP-204,1305,748,1399,0,6
2024-01-22,SKU-10404,SUP-200,687,424,778,0,11
2024-01-22,SKU-10405,SUP-229,1620,628,901,0,4
2024-01-22,SKU-10406,SUP-239,1654,372,803,0,10
2024-01-22,SKU-10407,SUP-236,2221,360,605,0,7
2024-01-22,SKU-10408,SUP-206,998,488,957,0,5
2024-01-22,SKU-10409,SUP-204,1770,448,691,0,11
2024-01-22,SKU-10410,SUP-234,177,370,1739,1739,10
2024-01-22,SKU-10411,SUP-213,2347,298,1335,0,11
2024-01-22,SKU-10412,SUP-232,2142,306,1571,0,13
2024-01-22,SKU-10413,SUP-216,0,319,1583,1583,5
2024-01-22,SKU-10414,SUP-208,2492,696,1173,0,9
2024-01-22,SKU-10415,SUP-222,1020,462,669,0,6
2024-01-22,SKU-10416,SUP-204,2614,349,1769,0,7
2024-01-22,SKU-10417,SUP-215,1656,792,671,0,6
2024-01-22,SKU-10418,SUP-223,724,537,1934,0,8
2024-01-22,SKU-10419,SUP-218,1393,211,1932,0,4
2024-01-22,SKU-10420,SUP-210,2271,314,1380,0,4
2024-01-22,SKU-10421,SUP-228,435,593,1234,1234,11
2024-01-22,SKU-10422,SUP-234,1175,392,1312,0,4
2024-01-22,SKU-10423,SUP-245,1162,623,1205,0,14
2024-01-22,SKU-10424,SUP-219,1935,344,951,0,14
2024-01-22,SKU-10425,SUP-239,277,259,975,0,5
2024-01-22,SKU-10426,SUP-241,134,788,772,772,4
2024-01-22,SKU-10427,SUP-233,1917,704,886,0,5
2024-01-22,SKU-10428,SUP-200,1228,445,739,0,12
2024-01-22,SKU-10429,SUP-242,299,564,1332,1332,12
2024-01-22,SKU-10430,SUP-235,545,295,924,0,6
2024-01-22,SKU-10431,SUP-219,589,467,543,0,12
2024-01-22,SKU-10432,SUP-242,2450,671,508,0,7
2024-01-22,SKU-10433,SUP-206,1709,314,887,0,9
2024-01-22,SKU-10434,SUP-208,827,518,1434,0,14
2024-01-22,SKU-10435,SUP-216,0,597,576,576,13
2024-01-22,SKU-10436,SUP-207,1169,433,1771,0,12
2024-01-22,SKU-10437,SUP-206,257,204,847,0,12
2024-01-22,SKU-10438,SUP-247,1141,789,614,0,6
2024-01-22,SKU-10439,SUP-235,2457,208,1847,0,8
2024-01-22,SKU-10440,SUP-209,2499,662,1431,0,10
2024-01-22,SKU-10441,SUP-217,978,458,566,0,7
2024-01-22,SKU-10442,SUP-218,972,478,1646,0,3
2024-01-22,SKU-10443,SUP-238,536,767,717,717,10
2024-01-22,SKU-10444,SUP-213,2031,664,1043,0,10
2024-01-22,SKU-10445,SUP-245,1596,235,1478,0,14
2024-01-22,SKU-10446,SUP-221,2019,626,656,0,13
2024-01-22,SKU-10447,SUP-213,2001,742,856,0,5
2024-01-22,SKU-10448,SUP-243,500,272,1914,0,12
2024-01-22,SKU-10449,SUP-240,1023,675,1829,0,7
2024-01-22,SKU-10450,SUP-216,652,246,523,0,14
2024-01-22,SKU-10451,SUP-232,2098,429,1202,0,8
2024-01-22,SKU-10452,SUP-231,1976,722,1271,0,3
2024-01-22,SKU-10453,SUP-216,1192,722,598,0,11
2024-01-22,SKU-10454,SUP-203,947,462,1848,0,14
2024-01-22,SKU-10455,SUP-205,348,321,1823,0,7
2024-01-22,SKU-10456,SUP-240,545,219,1041,0,11
2024-01-22,SKU-10457,SUP-227,1228,604,1477,0,7
2024-01-22,SKU-10458,SUP-217,1952,209,1814,0,12
2024-01-22,SKU-10459,SUP-202,2225,437,1143,0,12
2024-01-22,SKU-10460,SUP-200,216,624,1846,1846,4
2024-01-22,SKU-10461,SUP-221,2444,561,1559,0,6
2024-01-22,SKU-10462,SUP-249,1654,468,1593,0,9
2024-01-22,SKU-10463,SUP-208,849,492,1809,0,10
2024-01-22,SKU-10464,SUP-240,1568,536,1123,0,3
2024-01-22,SKU-10465,SUP-216,1365,543,1753,0,7
2024-01-22,SKU-10466,SUP-210,625,774,896,896,7
2024-01-22,SKU-10467,SUP-247,1506,353,760,0,7
2024-01-22,SKU-10468,SUP-228,2177,530,1138,0,3
2024-01-22,SKU-10469,SUP-235,1163,356,1113,0,7
2024-01-22,SKU-10470,SUP-245,912,451,766,0,5
2024-01-22,SKU-10471,SUP-227,53,758,670,670,10
2024-01-22,SKU-10472,SUP-235,1611,597,1538,0,11
2024-01-22,SKU-10473,SUP-200,374,349,1362,0,3
2024-01-22,SKU-10474,SUP-207,1527,622,1942,0,9
2024-01-22,SKU-10475,SUP-204,2399,477,1301,0,11
2024-01-22,SKU-10476,SUP-244,2693,385,1747,0,8
2024-01-22,SKU-10477,SUP-209,610,580,1843,0,5
2024-01-22,SKU-10478,SUP-234,2570,479,784,0,7
2024-01-22,SKU-10479,SUP-202,760,474,1591,0,11
2024-01-22,SKU-10480,SUP-223,2431,503,1435,0,8
2024-01-22,SKU-10481,SUP-237,1324,564,1912,0,8
2024-01-22,SKU-10482,SUP-235,1193,504,1004,0,10
2024-01-22,SKU-10483,SUP-209,835,519,1235,0,14
2024-01-22,SKU-10484,SUP-227,2393,643,1966,0,10
2024-01-22,SKU-10485,SUP-208,517,726,1319,1319,5
2024-01-22,SKU-10486,SUP-202,461,607,1928,1928,4
2024-01-22,SKU-10487,SUP-219,832,353,1925,0,9
2024-01-22,SKU-10488,SUP-223,2460,452,1304,0,6
2024-01-22,SKU-10489,SUP-202,1874,539,862,0,6
2024-01-22,SKU-10490,SUP-222,585,551,520,0,3
2024-01-22,SKU-10491,SUP-213,495,277,1522,0,9
2024-01-22,SKU-10492,SUP-243,329,713,1002,1002,8
2024-01-22,SKU-10493,SUP-215,43,577,951,951,9
2024-01-22,SKU-10494,SUP-242,2257,688,856,0,5
2024-01-22,SKU-10495,SUP-206,971,425,1629,0,7
2024-01-22,SKU-10496,SUP-222,2250,300,1671,0,8
2024-01-22,SKU-10497,SUP-249,2057,292,1303,0,11
2024-01-22,SKU-10498,SUP-235,301,773,1482,1482,7
2024-01-22,SKU-10499,SUP-226,2280,410,882,0,5
2024-01-23,SKU-10000,SUP-240,1369,352,1528,0,14
2024-01-23,SKU-10001,SUP-207,2288,571,1606,0,10
2024-01-23,SKU-10002,SUP-201,2258,441,1407,0,13
2024-01-23,SKU-10003,SUP-247,2624,437,836,0,5
2024-01-23,SKU-10004,SUP-217,1801,766,582,0,6
2024-01-23,SKU-10005,SUP-215,2101,496,1199,0,8
2024-01-23,SKU-10006,SUP-214,2576,623,1486,0,5
2024-01-23,SKU-10007,SUP-208,1629,203,966,0,11
2024-01-23,SKU-10008,SUP-247,25,453,1525,1525,5
2024-01-23,SKU-10009,SUP-206,840,331,1571,0,13
2024-01-23,SKU-10010,SUP-243,2420,430,783,0,7
2024-01-23,SKU-10011,SUP-247,1237,421,1899,0,11
2024-01-23,SKU-10012,SUP-234,821,541,565,0,7
2024-01-23,SKU-10013,SUP-205,2588,731,1919,0,8
2024-01-23,SKU-10014,SUP-237,266,575,1709,1709,3
2024-01-23,SKU-10015,SUP-227,1883,239,1810,0,5
2024-01-23,SKU-10016,SUP-202,1145,741,850,0,8
2024-01-23,SKU-10017,SUP-201,1432,229,808,0,8
2024-01-23,SKU-10018,SUP-205,1861,336,1274,0,14
2024-01-23,SKU-10019,SUP-213,2233,406,945,0,13
2024-01-23,SKU-10020,SUP-214,1111,795,1024,0,10
2024-01-23,SKU-10021,SUP-232,2161,564,1054,0,5
2024-01-23,SKU-10022,SUP-238,2236,748,1876,0,12
2024-01-23,SKU-10023,SUP-201,1208,391,1306,0,10
2024-01-23,SKU-10024,SUP-235,1151,251,812,0,7
2024-01-23,SKU-10025,SUP-212,1120,401,638,0,6
2024-01-23,SKU-10026,SUP-245,1874,294,629,0,11
2024-01-23,SKU-10027,SUP-241,1834,238,1316,0,5
2024-01-23,SKU-10028,SUP-244,2020,520,621,0,6
2024-01-23,SKU-10029,SUP-234,726,410,899,0,3
2024-01-23,SKU-10030,SUP-226,384,563,1479,1479,10
2024-01-23,SKU-10031,SUP-214,1831,330,1619,0,11
2024-01-23,SKU-10032,SUP-228,679,633,1110,0,6
2024-01-23,SKU-10033,SUP-237,1215,407,847,0,13
2024-01-23,SKU-10034,SUP-217,650,568,1033,0,8
2024-01-23,SKU-10035,SUP-200,2231,259,797,0,13
2024-01-23,SKU-10036,SUP-248,258,647,1112,1112,4
2024-01-23,SKU-10037,SUP-210,2211,228,1487,0,7
2024-01-23,SKU-10038,SUP-244,2347,237,1730,0,4
2024-01-23,SKU-10039,SUP-227,339,424,951,951,14
2024-01-23,SKU-10040,SUP-221,633,572,1060,0,14
2024-01-23,SKU-10041,SUP-217,2129,314,1543,0,7
2024-01-23,SKU-10042,SUP-209,2227,385,852,0,4
2024-01-23,SKU-10043,SUP-213,2351,481,1172,0,12
2024-01-23,SKU-10044,SUP-248,2402,565,1019,0,3
2024-01-23,SKU-10045,SUP-221,41,743,1452,1452,10
2024-01-23,SKU-10046,SUP-206,1490,523,511,0,11
2024-01-23,SKU-10047,SUP-205,1138,579,579,0,11
2024-01-23,SKU-10048,SUP-224,556,723,1294,1294,6
2024-01-23,SKU-10049,SUP-206,260,550,1207,1207,6
2024-01-23,SKU-10050,SUP-222,1060,585,1084,0,8
2024-01-23,SKU-10051,SUP-222,1950,366,642,0,10
2024-01-23,SKU-10052,SUP-238,2270,700,1861,0,7
2024-01-23,SKU-10053,SUP-216,1613,342,1390,0,9
2024-01-23,SKU-10054,SUP-202,1592,640,566,0,8
2024-01-23,SKU-10055,SUP-246,812,540,601,0,12
2024-01-23,SKU-10056,SUP-229,826,631,841,0,14
2024-01-23,SKU-10057,SUP-234,1028,229,1374,0,11
2024-01-23,SKU-10058,SUP-207,847,797,508,0,10
2024-01-23,SKU-10059,SUP-224,1126,242,1628,0,10
2024-01-23,SKU-10060,SUP-205,2517,459,511,0,9
2024-01-23,SKU-10061,SUP-235,1203,445,1773,0,12
2024-01-23,SKU-10062,SUP-218,2332,712,1884,0,13
2024-01-23,SKU-10063,SUP-240,1899,688,1817,0,11
2024-01-23,SKU-10064,SUP-239,1627,452,807,0,5
2024-01-23,SKU-10065,SUP-223,1449,235,1210,0,5
2024-01-23,SKU-10066,SUP-236,1416,560,1779,0,6
2024-01-23,SKU-10067,SUP-212,1293,224,1314,0,10
2024-01-23,SKU-10068,SUP-245,964,557,617,0,7
2024-01-23,SKU-10069,SUP-204,2222,394,1543,0,12
2024-01-23,SKU-10070,SUP-202,2413,775,1797,0,5
2024-01-23,SKU-10071,SUP-242,213,564,1168,1168,10
2024-01-23,SKU-10072,SUP-214,1291,321,1478,0,11
2024-01-23,SKU-10073,SUP-249,2476,742,1018,0,14
2024-01-23,SKU-10074,SUP-218,0,336,1190,1190,10
2024-01-23,SKU-10075,SUP-205,1350,712,776,0,14
2024-01-23,SKU-10076,SUP-214,1315,292,1140,0,10
2024-01-23,SKU-10077,SUP-206,1978,410,842,0,9
2024-01-23,SKU-10078,SUP-224,2172,610,1258,0,14
2024-01-23,SKU-10079,SUP-217,252,369,1927,1927,12
2024-01-23,SKU-10080,SUP-229,2344,299,752,0,6
2024-01-23,SKU-10081,SUP-240,2602,586,1646,0,6
2024-01-23,SKU-10082,SUP-223,2059,602,670,0,14
2024-01-23,SKU-10083,SUP-210,1521,469,1577,0,5
2024-01-23,SKU-10084,SUP-223,2460,716,1128,0,13
2024-01-23,SKU-10085,SUP-222,348,435,512,512,12
2024-01-23,SKU-10086,SUP-213,1229,590,1615,0,10
2024-01-23,SKU-10087,SUP-242,1784,503,878,0,4
2024-01-23,SKU-10088,SUP-217,1266,448,865,0,11
2024-01-23,SKU-10089,SUP-244,2530,710,1698,0,9
2024-01-23,SKU-10090,SUP-243,151,512,870,870,11
2024-01-23,SKU-10091,SUP-241,2559,465,1743,0,9
2024-01-23,SKU-10092,SUP-204,1502,316,1929,0,11
2024-01-23,SKU-10093,SUP-238,392,421,1899,1899,12
2024-01-23,SKU-10094,SUP-240,1041,367,1935,0,7
2024-01-23,SKU-10095,SUP-210,1598,466,1673,0,11
2024-01-23,SKU-10096,SUP-234,1347,573,1184,0,12
2024-01-23,SKU-10097,SUP-246,2060,524,1773,0,8
2024-01-23,SKU-10098,SUP-215,1349,415,1231,0,7
2024-01-23,SKU-10099,SUP-210,257,644,765,765,7
2024-01-23,SKU-10100,SUP-229,1094,523,1789,0,7
2024-01-23,SKU-10101,SUP-224,968,615,1181,0,14
2024-01-23,SKU-10102,SUP-217,2178,584,508,0,5
2024-01-23,SKU-10103,SUP-240,2194,279,1303,0,6
2024-01-23,SKU-10104,SUP-244,1567,754,1256,0,14
2024-01-23,SKU-10105,SUP-235,1468,329,1688,0,7
2024-01-23,SKU-10106,SUP-214,2308,706,568,0,14
2024-01-23,SKU-10107,SUP-243,1462,701,1473,0,11
2024-01-23,SKU-10108,SUP-220,603,253,831,0,6
2024-01-23,SKU-10109,SUP-249,1605,337,854,0,8
2024-01-23,SKU-10110,SUP-249,2023,298,806,0,13
2024-01-23,SKU-10111,SUP-203,2183,573,703,0,3
2024-01-23,SKU-10112,SUP-214,2375,265,630,0,13
2024-01-23,SKU-10113,SUP-202,830,585,591,0,14
2024-01-23,SKU-10114,SUP-220,640,519,1152,0,8
2024-01-23,SKU-10115,SUP-225,654,344,1178,0,8
2024-01-23,SKU-10116,SUP-217,1835,316,646,0,10
2024-01-23,SKU-10117,SUP-204,2494,735,1681,0,14
2024-01-23,SKU-10118,SUP-213,934,770,1497,0,3
2024-01-23,SKU-10119,SUP-236,2301,336,1600,0,12
2024-01-23,SKU-10120,SUP-245,617,667,741,741,5
2024-01-23,SKU-10121,SUP-220,963,597,1387,0,3
2024-01-23,SKU-10122,SUP-213,1405,502,927,0,3
2024-01-23,SKU-10123,SUP-241,125,270,589,589,7
2024-01-23,SKU-10124,SUP-231,2420,564,702,0,9
2024-01-23,SKU-10125,SUP-225,613,556,1972,0,3
2024-01-23,SKU-10126,SUP-241,1905,346,1085,0,6
2024-01-23,SKU-10127,SUP-229,646,690,1353,1353,10
2024-01-23,SKU-10128,SUP-209,2028,269,848,0,12
2024-01-23,SKU-10129,SUP-216,2023,704,915,0,14
2024-01-23,SKU-10130,SUP-208,893,331,1667,0,9
2024-01-23,SKU-10131,SUP-215,1773,702,1759,0,3
2024-01-23,SKU-10132,SUP-247,176,207,1229,1229,8
2024-01-23,SKU-10133,SUP-235,571,514,1327,0,3
2024-01-23,SKU-10134,SUP-234,289,455,615,615,9
2024-01-23,SKU-10135,SUP-216,1757,363,1671,0,13
2024-01-23,SKU-10136,SUP-247,510,571,733,733,9
2024-01-23,SKU-10137,SUP-237,1731,723,1320,0,9
2024-01-23,SKU-10138,SUP-227,1462,663,932,0,6
2024-01-23,SKU-10139,SUP-237,2228,483,1122,0,14
2024-01-23,SKU-10140,SUP-225,1508,567,1520,0,10
2024-01-23,SKU-10141,SUP-223,1386,698,1859,0,12
2024-01-23,SKU-10142,SUP-214,1647,636,1258,0,13
2024-01-23,SKU-10143,SUP-208,2401,512,1524,0,13
2024-01-23,SKU-10144,SUP-232,1516,441,1508,0,6
2024-01-23,SKU-10145,SUP-231,508,527,610,610,3
2024-01-23,SKU-10146,SUP-205,1923,307,1300,0,3
2024-01-23,SKU-10147,SUP-248,1460,402,1350,0,7
2024-01-23,SKU-10148,SUP-203,1186,571,1728,0,14
2024-01-23,SKU-10149,SUP-207,1174,411,552,0,10
2024-01-23,SKU-10150,SUP-209,675,282,1548,0,3
2024-01-23,SKU-10151,SUP-240,2191,277,1675,0,10
2024-01-23,SKU-10152,SUP-210,2240,734,1173,0,11
2024-01-23,SKU-10153,SUP-243,527,605,614,614,5
2024-01-23,SKU-10154,SUP-227,2271,508,830,0,7
2024-01-23,SKU-10155,SUP-238,876,773,502,0,8
2024-01-23,SKU-10156,SUP-204,498,347,1005,0,8
2024-01-23,SKU-10157,SUP-224,106,307,692,692,6
2024-01-23,SKU-10158,SUP-224,1230,742,1679,0,14
2024-01-23,SKU-10159,SUP-238,280,379,1746,1746,6
2024-01-23,SKU-10160,SUP-229,939,265,1026,0,3
2024-01-23,SKU-10161,SUP-233,2002,753,565,0,14
2024-01-23,SKU-10162,SUP-216,55,486,1571,1571,11
2024-01-23,SKU-10163,SUP-235,1596,354,1861,0,7
2024-01-23,SKU-10164,SUP-200,1360,639,1689,0,13
2024-01-23,SKU-10165,SUP-243,74,221,1798,1798,3
2024-01-23,SKU-10166,SUP-246,1653,744,1468,0,13
2024-01-23,SKU-10167,SUP-207,650,226,955,0,13
2024-01-23,SKU-10168,SUP-243,1356,790,1013,0,6
2024-01-23,SKU-10169,SUP-234,322,529,637,637,10
2024-01-23,SKU-10170,SUP-248,2466,231,956,0,3
2024-01-23,SKU-10171,SUP-217,1664,243,1046,0,10
2024-01-23,SKU-10172,SUP-249,2259,579,996,0,6
2024-01-23,SKU-10173,SUP-241,1665,758,907,0,11
2024-01-23,SKU-10174,SUP-221,502,271,1134,0,13
2024-01-23,SKU-10175,SUP-207,430,400,738,0,13
2024-01-23,SKU-10176,SUP-218,329,721,1027,1027,7
2024-01-23,SKU-10177,SUP-227,1378,433,1055,0,7
2024-01-23,SKU-10178,SUP-210,1815,403,1242,0,14
2024-01-23,SKU-10179,SUP-229,752,709,1819,0,8
2024-01-23,SKU-10180,SUP-200,1544,777,1917,0,13
2024-01-23,SKU-10181,SUP-246,393,412,1764,1764,3
2024-01-23,SKU-10182,SUP-246,2180,758,1371,0,14
2024-01-23,SKU-10183,SUP-216,2410,436,1222,0,14
2024-01-23,SKU-10184,SUP-232,1571,649,1249,0,12
2024-01-23,SKU-10185,SUP-248,1735,697,1706,0,14
2024-01-23,SKU-10186,SUP-211,305,565,1083,1083,6
2024-01-23,SKU-10187,SUP-232,852,538,1670,0,14
2024-01-23,SKU-10188,SUP-206,1552,610,1144,0,12
2024-01-23,SKU-10189,SUP-240,374,296,662,0,13
2024-01-23,SKU-10190,SUP-219,1278,360,754,0,8
2024-01-23,SKU-10191,SUP-240,2257,504,1229,0,8
2024-01-23,SKU-10192,SUP-232,228,680,1859,1859,9
2024-01-23,SKU-10193,SUP-238,2535,490,929,0,8
2024-01-23,SKU-10194,SUP-212,446,709,1004,1004,10
2024-01-23,SKU-10195,SUP-209,646,754,1932,1932,4
2024-01-23,SKU-10196,SUP-223,0,490,682,682,14
2024-01-23,SKU-10197,SUP-248,1745,798,1748,0,12
2024-01-23,SKU-10198,SUP-210,243,673,987,987,7
2024-01-23,SKU-10199,SUP-234,1420,608,1608,0,5
2024-01-23,SKU-10200,SUP-249,918,288,1612,0,13
2024-01-23,SKU-10201,SUP-233,2586,604,1684,0,13
2024-01-23,SKU-10202,SUP-200,1681,358,1655,0,6
2024-01-23,SKU-10203,SUP-238,976,393,1786,0,5
2024-01-23,SKU-10204,SUP-220,437,496,568,568,11
2024-01-23,SKU-10205,SUP-231,2432,382,553,0,3
2024-01-23,SKU-10206,SUP-201,94,648,1237,1237,10
2024-01-23,SKU-10207,SUP-207,2428,243,700,0,14
2024-01-23,SKU-10208,SUP-223,2020,408,1371,0,4
2024-01-23,SKU-10209,SUP-219,277,485,522,522,6
2024-01-23,SKU-10210,SUP-215,1861,405,1955,0,13
2024-01-23,SKU-10211,SUP-203,1202,350,1202,0,12
2024-01-23,SKU-10212,SUP-215,841,273,1845,0,7
2024-01-23,SKU-10213,SUP-236,2494,537,790,0,9
2024-01-23,SKU-10214,SUP-205,91,380,1548,1548,12
2024-01-23,SKU-10215,SUP-205,1188,674,1743,0,11
2024-01-23,SKU-10216,SUP-246,1062,382,679,0,14
2024-01-23,SKU-10217,SUP-231,2349,244,1031,0,8
2024-01-23,SKU-10218,SUP-204,526,258,1474,0,12
2024-01-23,SKU-10219,SUP-248,191,207,1324,1324,8
2024-01-23,SKU-10220,SUP-234,548,671,1544,1544,14
2024-01-23,SKU-10221,SUP-249,1774,430,735,0,9
2024-01-23,SKU-10222,SUP-208,1477,421,1251,0,14
2024-01-23,SKU-10223,SUP-208,733,444,1074,0,12
2024-01-23,SKU-10224,SUP-242,1932,485,714,0,6
2024-01-23,SKU-10225,SUP-230,1692,407,1662,0,8
2024-01-23,SKU-10226,SUP-235,1478,722,839,0,12
2024-01-23,SKU-10227,SUP-210,687,556,877,0,14
2024-01-23,SKU-10228,SUP-216,1719,298,764,0,8
2024-01-23,SKU-10229,SUP-233,1597,781,727,0,14
2024-01-23,SKU-10230,SUP-238,1738,209,1044,0,6
2024-01-23,SKU-10231,SUP-227,1101,660,1435,0,3
2024-01-23,SKU-10232,SUP-213,296,721,1341,1341,4
2024-01-23,SKU-10233,SUP-234,1686,746,1005,0,7
2024-01-23,SKU-10234,SUP-248,118,221,566,566,8
2024-01-23,SKU-10235,SUP-246,2393,786,1387,0,3
2024-01-23,SKU-10236,SUP-244,2443,579,845,0,11
2024-01-23,SKU-10237,SUP-212,2141,743,834,0,13
2024-01-23,SKU-10238,SUP-245,2646,532,1663,0,9
2024-01-23,SKU-10239,SUP-219,2126,385,609,0,5
2024-01-23,SKU-10240,SUP-225,1091,713,1297,0,5
2024-01-23,SKU-10241,SUP-242,2480,784,708,0,14
2024-01-23,SKU-10242,SUP-241,20,432,1386,1386,5
2024-01-23,SKU-10243,SUP-223,2537,441,1181,0,4
2024-01-23,SKU-10244,SUP-228,568,340,702,0,10
2024-01-23,SKU-10245,SUP-233,1859,505,1445,0,11
2024-01-23,SKU-10246,SUP-228,640,329,1124,0,4
2024-01-23,SKU-10247,SUP-207,967,614,1684,0,14
2024-01-23,SKU-10248,SUP-215,192,333,1025,1025,3
2024-01-23,SKU-10249,SUP-214,1089,647,1852,0,14
2024-01-23,SKU-10250,SUP-204,262,387,1123,1123,3
2024-01-23,SKU-10251,SUP-221,1334,587,1179,0,9
2024-01-23,SKU-10252,SUP-201,1003,268,1245,0,5
2024-01-23,SKU-10253,SUP-237,1975,600,1923,0,13
2024-01-23,SKU-10254,SUP-235,883,745,968,0,12
2024-01-23,SKU-10255,SUP-214,1024,505,1841,0,4
2024-01-23,SKU-10256,SUP-237,769,654,1353,0,3
2024-01-23,SKU-10257,SUP-214,821,760,1315,0,9
2024-01-23,SKU-10258,SUP-200,1697,311,1170,0,13
2024-01-23,SKU-10259,SUP-204,0,265,1937,1937,7
2024-01-23,SKU-10260,SUP-245,1646,781,958,0,3
2024-01-23,SKU-10261,SUP-240,2522,341,513,0,6
2024-01-23,SKU-10262,SUP-203,2543,609,1326,0,8
2024-01-23,SKU-10263,SUP-214,2593,273,937,0,5
2024-01-23,SKU-10264,SUP-204,1203,604,1520,0,8
2024-01-23,SKU-10265,SUP-202,1516,508,1226,0,3
2024-01-23,SKU-10266,SUP-221,1354,534,1978,0,11
2024-01-23,SKU-10267,SUP-204,932,764,1437,0,4
2024-01-23,SKU-10268,SUP-232,1896,455,1073,0,7
2024-01-23,SKU-10269,SUP-215,1904,653,1057,0,4
2024-01-23,SKU-10270,SUP-217,2084,491,713,0,13
2024-01-23,SKU-10271,SUP-242,1072,633,573,0,12
2024-01-23,SKU-10272,SUP-231,635,285,557,0,7
2024-01-23,SKU-10273,SUP-213,2531,480,707,0,6
2024-01-23,SKU-10274,SUP-234,1047,251,1540,0,12
2024-01-23,SKU-10275,SUP-208,709,618,1947,0,9
2024-01-23,SKU-10276,SUP-246,2021,279,688,0,14
2024-01-23,SKU-10277,SUP-236,767,793,1567,1567,4
2024-01-23,SKU-10278,SUP-236,1536,709,1194,0,3
2024-01-23,SKU-10279,SUP-230,1067,554,1927,0,7
2024-01-23,SKU-10280,SUP-215,2394,688,787,0,7
2024-01-23,SKU-10281,SUP-230,1213,640,1289,0,7
2024-01-23,SKU-10282,SUP-226,1169,429,964,0,12
2024-01-23,SKU-10283,SUP-212,202,744,912,912,5
2024-01-23,SKU-10284,SUP-206,1041,492,1134,0,12
2024-01-23,SKU-10285,SUP-206,1199,732,1149,0,12
2024-01-23,SKU-10286,SUP-242,1805,595,1069,0,14
2024-01-23,SKU-10287,SUP-227,2527,234,1993,0,13
2024-01-23,SKU-10288,SUP-222,2549,687,1899,0,13
2024-01-23,SKU-10289,SUP-227,1173,553,1478,0,6
2024-01-23,SKU-10290,SUP-226,1343,593,1082,0,10
2024-01-23,SKU-10291,SUP-229,162,424,1840,1840,8
2024-01-23,SKU-10292,SUP-246,2114,372,746,0,11
2024-01-23,SKU-10293,SUP-203,530,494,775,0,11
2024-01-23,SKU-10294,SUP-243,125,510,1119,1119,9
2024-01-23,SKU-10295,SUP-241,2363,495,737,0,14
2024-01-23,SKU-10296,SUP-241,775,736,755,0,11
2024-01-23,SKU-10297,SUP-206,989,290,671,0,5
2024-01-23,SKU-10298,SUP-203,2549,733,848,0,9
2024-01-23,SKU-10299,SUP-225,400,788,1645,1645,14
2024-01-23,SKU-10300,SUP-246,1622,697,869,0,11
2024-01-23,SKU-10301,SUP-221,642,400,1684,0,12
2024-01-23,SKU-10302,SUP-206,468,263,711,0,10
2024-01-23,SKU-10303,SUP-215,1860,576,1819,0,8
2024-01-23,SKU-10304,SUP-212,2377,267,1793,0,7
2024-01-23,SKU-10305,SUP-212,1031,485,1969,0,3
2024-01-23,SKU-10306,SUP-234,2585,235,1530,0,12
2024-01-23,SKU-10307,SUP-228,1213,752,1043,0,3
2024-01-23,SKU-10308,SUP-208,1406,209,1214,0,9
2024-01-23,SKU-10309,SUP-227,1160,323,1129,0,14
2024-01-23,SKU-10310,SUP-211,254,725,1117,1117,8
2024-01-23,SKU-10311,SUP-217,1807,469,501,0,4
2024-01-23,SKU-10312,SUP-229,2331,306,1657,0,11
2024-01-23,SKU-10313,SUP-215,1384,784,850,0,14
2024-01-23,SKU-10314,SUP-204,464,264,1717,0,13
2024-01-23,SKU-10315,SUP-228,1014,327,1786,0,7
2024-01-23,SKU-10316,SUP-235,1853,281,1840,0,5
2024-01-23,SKU-10317,SUP-206,2110,708,567,0,11
2024-01-23,SKU-10318,SUP-203,1204,340,684,0,12
2024-01-23,SKU-10319,SUP-241,1109,218,580,0,4
2024-01-23,SKU-10320,SUP-234,1362,417,1024,0,3
2024-01-23,SKU-10321,SUP-200,1184,668,1895,0,4
2024-01-23,SKU-10322,SUP-205,1972,208,721,0,5
2024-01-23,SKU-10323,SUP-248,2091,652,1445,0,5
2024-01-23,SKU-10324,SUP-215,2059,208,1739,0,7
2024-01-23,SKU-10325,SUP-210,797,539,546,0,11
2024-01-23,SKU-10326,SUP-226,1268,297,1968,0,13
2024-01-23,SKU-10327,SUP-231,1161,337,1907,0,10
2024-01-23,SKU-10328,SUP-230,2118,397,1202,0,3
2024-01-23,SKU-10329,SUP-213,1457,316,1391,0,9
2024-01-23,SKU-10330,SUP-225,410,225,1283,0,6
2024-01-23,SKU-10331,SUP-203,547,692,1880,1880,14
2024-01-23,SKU-10332,SUP-210,1303,321,1984,0,11
2024-01-23,SKU-10333,SUP-224,453,451,1598,0,9
2024-01-23,SKU-10334,SUP-200,685,559,1266,0,9
2024-01-23,SKU-10335,SUP-224,167,412,1966,1966,6
2024-01-23,SKU-10336,SUP-216,1758,245,1541,0,8
2024-01-23,SKU-10337,SUP-229,1218,204,658,0,5
2024-01-23,SKU-10338,SUP-218,38,642,671,671,12
2024-01-23,SKU-10339,SUP-227,2013,696,1111,0,8
2024-01-23,SKU-10340,SUP-244,142,268,697,697,3
2024-01-23,SKU-10341,SUP-246,0,329,1234,1234,13
2024-01-23,SKU-10342,SUP-235,1199,215,1596,0,6
2024-01-23,SKU-10343,SUP-242,1433,363,506,0,7
2024-01-23,SKU-10344,SUP-245,617,759,590,590,8
2024-01-23,SKU-10345,SUP-231,452,592,1449,1449,6
2024-01-23,SKU-10346,SUP-209,1655,529,1656,0,9
2024-01-23,SKU-10347,SUP-212,1815,729,1544,0,13
2024-01-23,SKU-10348,SUP-218,2347,735,724,0,14
2024-01-23,SKU-10349,SUP-213,1643,757,867,0,7
2024-01-23,SKU-10350,SUP-203,1065,235,965,0,14
2024-01-23,SKU-10351,SUP-237,395,390,596,0,10
2024-01-23,SKU-10352,SUP-247,836,496,1412,0,12
2024-01-23,SKU-10353,SUP-234,2289,458,1065,0,9
2024-01-23,SKU-10354,SUP-203,1095,424,1393,0,7
2024-01-23,SKU-10355,SUP-247,2599,444,675,0,5
2024-01-23,SKU-10356,SUP-220,466,338,618,0,5
2024-01-23,SKU-10357,SUP-203,1518,770,1715,0,14
2024-01-23,SKU-10358,SUP-203,1113,589,1144,0,8
2024-01-23,SKU-10359,SUP-237,172,766,1267,1267,13
2024-01-23,SKU-10360,SUP-230,1840,364,767,0,7
2024-01-23,SKU-10361,SUP-232,557,232,735,0,8
2024-01-23,SKU-10362,SUP-233,460,644,985,985,10
2024-01-23,SKU-10363,SUP-210,185,343,1140,1140,7
2024-01-23,SKU-10364,SUP-203,982,778,1253,0,13
2024-01-23,SKU-10365,SUP-232,1189,308,1921,0,8
2024-01-23,SKU-10366,SUP-205,1825,537,931,0,11
2024-01-23,SKU-10367,SUP-211,1314,488,601,0,13
2024-01-23,SKU-10368,SUP-204,316,520,923,923,11
2024-01-23,SKU-10369,SUP-238,2388,299,1911,0,9
2024-01-23,SKU-10370,SUP-204,1517,530,1161,0,9
2024-01-23,SKU-10371,SUP-243,299,639,1074,1074,7
2024-01-23,SKU-10372,SUP-215,1094,304,812,0,8
2024-01-23,SKU-10373,SUP-225,1759,450,981,0,4
2024-01-23,SKU-10374,SUP-207,2176,355,1957,0,7
2024-01-23,SKU-10375,SUP-236,1435,457,1889,0,13
2024-01-23,SKU-10376,SUP-215,964,407,744,0,5
2024-01-23,SKU-10377,SUP-237,2327,422,1544,0,5
2024-01-23,SKU-10378,SUP-238,284,515,902,902,5
2024-01-23,SKU-10379,SUP-202,1369,325,1334,0,7
2024-01-23,SKU-10380,SUP-239,662,244,1854,0,6
2024-01-23,SKU-10381,SUP-205,855,271,1227,0,4
2024-01-23,SKU-10382,SUP-226,1154,316,1494,0,13
2024-01-23,SKU-10383,SUP-242,57,306,885,885,10
2024-01-23,SKU-10384,SUP-237,739,375,1630,0,8
2024-01-23,SKU-10385,SUP-236,1123,528,1764,0,4
2024-01-23,SKU-10386,SUP-233,1185,625,580,0,10
2024-01-23,SKU-10387,SUP-220,898,594,1208,0,10
2024-01-23,SKU-10388,SUP-216,1258,747,1114,0,5
2024-01-23,SKU-10389,SUP-213,2558,344,1293,0,7
2024-01-23,SKU-10390,SUP-242,1989,778,1902,0,5
2024-01-23,SKU-10391,SUP-245,754,441,1082,0,6
2024-01-23,SKU-10392,SUP-220,57,674,1078,1078,4
2024-01-23,SKU-10393,SUP-215,796,501,1323,0,9
2024-01-23,SKU-10394,SUP-216,519,229,1875,0,13
2024-01-23,SKU-10395,SUP-225,712,531,1230,0,12
2024-01-23,SKU-10396,SUP-208,1885,568,1881,0,5
2024-01-23,SKU-10397,SUP-242,2135,475,1010,0,12
2024-01-23,SKU-10398,SUP-241,855,586,1294,0,13
2024-01-23,SKU-10399,SUP-219,2254,607,1909,0,8
2024-01-23,SKU-10400,SUP-229,229,356,512,512,9
2024-01-23,SKU-10401,SUP-220,1989,302,1693,0,10
2024-01-23,SKU-10402,SUP-248,1907,347,1182,0,3
2024-01-23,SKU-10403,SUP-204,2412,362,935,0,4
2024-01-23,SKU-10404,SUP-200,1322,356,1637,0,13
2024-01-23,SKU-10405,SUP-229,1409,272,1453,0,3
2024-01-23,SKU-10406,SUP-239,1411,293,1218,0,12
2024-01-23,SKU-10407,SUP-236,678,419,1528,0,4
2024-01-23,SKU-10408,SUP-206,1927,408,1978,0,10
2024-01-23,SKU-10409,SUP-204,1873,290,845,0,4
2024-01-23,SKU-10410,SUP-234,2113,503,1764,0,12
2024-01-23,SKU-10411,SUP-213,1384,444,1285,0,11
2024-01-23,SKU-10412,SUP-232,2074,734,610,0,4
2024-01-23,SKU-10413,SUP-216,2137,760,1737,0,7
2024-01-23,SKU-10414,SUP-208,762,690,643,0,10
2024-01-23,SKU-10415,SUP-222,1156,267,1372,0,14
2024-01-23,SKU-10416,SUP-204,2011,674,1258,0,8
2024-01-23,SKU-10417,SUP-215,1515,587,1179,0,11
2024-01-23,SKU-10418,SUP-223,934,287,1645,0,4
2024-01-23,SKU-10419,SUP-218,1153,493,1653,0,9
2024-01-23,SKU-10420,SUP-210,1902,490,1316,0,13
2024-01-23,SKU-10421,SUP-228,620,321,1618,0,14
2024-01-23,SKU-10422,SUP-234,673,648,1343,0,4
2024-01-23,SKU-10423,SUP-245,353,202,1553,0,3
2024-01-23,SKU-10424,SUP-219,1850,321,774,0,7
2024-01-23,SKU-10425,SUP-239,287,302,1187,1187,14
2024-01-23,SKU-10426,SUP-241,2043,540,521,0,8
2024-01-23,SKU-10427,SUP-233,1827,366,844,0,4
2024-01-23,SKU-10428,SUP-200,1325,459,699,0,7
2024-01-23,SKU-10429,SUP-242,2101,735,1759,0,13
2024-01-23,SKU-10430,SUP-235,2558,351,1395,0,8
2024-01-23,SKU-10431,SUP-219,1879,664,785,0,8
2024-01-23,SKU-10432,SUP-242,2114,537,589,0,9
2024-01-23,SKU-10433,SUP-206,1399,739,1991,0,6
2024-01-23,SKU-10434,SUP-208,1422,745,958,0,9
2024-01-23,SKU-10435,SUP-216,1583,390,1525,0,8
2024-01-23,SKU-10436,SUP-207,305,214,923,0,14
2024-01-23,SKU-10437,SUP-206,989,254,1801,0,7
2024-01-23,SKU-10438,SUP-247,1387,339,682,0,7
2024-01-23,SKU-10439,SUP-235,53,678,1986,1986,13
2024-01-23,SKU-10440,SUP-209,9,793,1118,1118,7
2024-01-23,SKU-10441,SUP-217,2068,487,712,0,9
2024-01-23,SKU-10442,SUP-218,2261,488,1468,0,14
2024-01-23,SKU-10443,SUP-238,237,535,694,694,10
2024-01-23,SKU-10444,SUP-213,2570,666,1867,0,5
2024-01-23,SKU-10445,SUP-245,1713,200,1285,0,9
2024-01-23,SKU-10446,SUP-221,1597,522,523,0,11
2024-01-23,SKU-10447,SUP-213,764,292,620,0,6
2024-01-23,SKU-10448,SUP-243,2332,786,1845,0,10
2024-01-23,SKU-10449,SUP-240,2469,328,952,0,9
2024-01-23,SKU-10450,SUP-216,2220,706,1151,0,10
2024-01-23,SKU-10451,SUP-232,164,674,1449,1449,10
2024-01-23,SKU-10452,SUP-231,2396,312,1809,0,6
2024-01-23,SKU-10453,SUP-216,534,460,1217,0,5
2024-01-23,SKU-10454,SUP-203,864,368,1868,0,9
2024-01-23,SKU-10455,SUP-205,2294,737,1769,0,7
2024-01-23,SKU-10456,SUP-240,873,280,1188,0,3
2024-01-23,SKU-10457,SUP-227,2067,688,1558,0,8
2024-01-23,SKU-10458,SUP-217,2605,369,1506,0,11
2024-01-23,SKU-10459,SUP-202,807,593,1711,0,10
2024-01-23,SKU-10460,SUP-200,306,797,1587,1587,3
2024-01-23,SKU-10461,SUP-221,2535,737,737,0,10
2024-01-23,SKU-10462,SUP-249,2119,289,1963,0,3
2024-01-23,SKU-10463,SUP-208,135,531,1581,1581,12
2024-01-23,SKU-10464,SUP-240,153,250,1611,1611,10
2024-01-23,SKU-10465,SUP-216,1816,366,600,0,12
2024-01-23,SKU-10466,SUP-210,546,345,987,0,11
2024-01-23,SKU-10467,SUP-247,1927,325,1662,0,9
2024-01-23,SKU-10468,SUP-228,1525,338,571,0,7
2024-01-23,SKU-10469,SUP-235,471,409,693,0,12
2024-01-23,SKU-10470,SUP-245,341,235,1601,0,4
2024-01-23,SKU-10471,SUP-227,1444,253,1616,0,11
2024-01-23,SKU-10472,SUP-235,1707,575,675,0,8
2024-01-23,SKU-10473,SUP-200,2544,267,823,0,13
2024-01-23,SKU-10474,SUP-207,384,665,927,927,3
2024-01-23,SKU-10475,SUP-204,2194,235,1761,0,4
2024-01-23,SKU-10476,SUP-244,75,426,1926,1926,14
2024-01-23,SKU-10477,SUP-209,1920,699,1150,0,7
2024-01-23,SKU-10478,SUP-234,2328,283,526,0,9
2024-01-23,SKU-10479,SUP-202,288,529,892,892,11
2024-01-23,SKU-10480,SUP-223,297,707,782,782,8
2024-01-23,SKU-10481,SUP-237,1123,358,540,0,4
2024-01-23,SKU-10482,SUP-235,542,220,1145,0,10
2024-01-23,SKU-10483,SUP-209,191,542,916,916,8
2024-01-23,SKU-10484,SUP-227,269,450,1411,1411,11
2024-01-23,SKU-10485,SUP-208,186,780,883,883,5
2024-01-23,SKU-10486,SUP-202,1267,761,972,0,8
2024-01-23,SKU-10487,SUP-219,1290,669,1874,0,12
2024-01-23,SKU-10488,SUP-223,649,278,1659,0,5
2024-01-23,SKU-10489,SUP-202,351,741,1807,1807,11
2024-01-23,SKU-10490,SUP-222,2297,686,1094,0,10
2024-01-23,SKU-10491,SUP-213,618,390,551,0,5
2024-01-23,SKU-10492,SUP-243,2216,216,741,0,6
2024-01-23,SKU-10493,SUP-215,1465,610,793,0,14
2024-01-23,SKU-10494,SUP-242,1267,615,681,0,11
2024-01-23,SKU-10495,SUP-206,746,539,852,0,7
2024-01-23,SKU-10496,SUP-222,440,693,1818,1818,3
2024-01-23,SKU-10497,SUP-249,1067,486,1754,0,3
2024-01-23,SKU-10498,SUP-235,80,464,768,768,10
2024-01-23,SKU-10499,SUP-226,260,559,1823,1823,4
2024-01-24,SKU-10000,SUP-240,1206,778,1701,0,13
2024-01-24,SKU-10001,SUP-207,36,316,1513,1513,8
2024-01-24,SKU-10002,SUP-201,1192,426,952,0,5
2024-01-24,SKU-10003,SUP-247,1770,738,1628,0,8
2024-01-24,SKU-10004,SUP-217,2185,355,995,0,4
2024-01-24,SKU-10005,SUP-215,277,662,1175,1175,3
2024-01-24,SKU-10006,SUP-214,1717,645,786,0,13
2024-01-24,SKU-10007,SUP-208,1599,578,1012,0,5
2024-01-24,SKU-10008,SUP-247,1071,556,1764,0,12
2024-01-24,SKU-10009,SUP-206,1029,698,1588,0,3
2024-01-24,SKU-10010,SUP-243,258,658,894,894,6
2024-01-24,SKU-10011,SUP-247,1336,238,648,0,10
2024-01-24,SKU-10012,SUP-234,2163,754,1761,0,7
2024-01-24,SKU-10013,SUP-205,155,268,1632,1632,6
2024-01-24,SKU-10014,SUP-237,1972,654,1511,0,10
2024-01-24,SKU-10015,SUP-227,1513,444,1283,0,8
2024-01-24,SKU-10016,SUP-202,990,658,1642,0,6
2024-01-24,SKU-10017,SUP-201,6,249,1888,1888,7
2024-01-24,SKU-10018,SUP-205,1681,281,1381,0,3
2024-01-24,SKU-10019,SUP-213,1771,437,1491,0,7
2024-01-24,SKU-10020,SUP-214,562,386,1643,0,10
2024-01-24,SKU-10021,SUP-232,2101,362,507,0,5
2024-01-24,SKU-10022,SUP-238,1768,475,1324,0,8
2024-01-24,SKU-10023,SUP-201,2454,676,1701,0,10
2024-01-24,SKU-10024,SUP-235,2145,740,1044,0,6
2024-01-24,SKU-10025,SUP-212,2363,264,621,0,13
2024-01-24,SKU-10026,SUP-245,1615,385,590,0,13
2024-01-24,SKU-10027,SUP-241,1738,224,848,0,5
2024-01-24,SKU-10028,SUP-244,2429,634,1853,0,7
2024-01-24,SKU-10029,SUP-234,2119,551,1289,0,12
2024-01-24,SKU-10030,SUP-226,663,233,1218,0,14
2024-01-24,SKU-10031,SUP-214,1289,522,613,0,6
2024-01-24,SKU-10032,SUP-228,478,228,897,0,4
2024-01-24,SKU-10033,SUP-237,2096,650,842,0,10
2024-01-24,SKU-10034,SUP-217,669,206,1796,0,10
2024-01-24,SKU-10035,SUP-200,1636,385,1142,0,11
2024-01-24,SKU-10036,SUP-248,2202,456,1003,0,5
2024-01-24,SKU-10037,SUP-210,653,767,1500,1500,7
2024-01-24,SKU-10038,SUP-244,2504,628,1346,0,4
2024-01-24,SKU-10039,SUP-227,974,477,1475,0,13
2024-01-24,SKU-10040,SUP-221,1964,323,699,0,13
2024-01-24,SKU-10041,SUP-217,1678,511,1643,0,14
2024-01-24,SKU-10042,SUP-209,1326,282,1192,0,6
2024-01-24,SKU-10043,SUP-213,1941,410,542,0,11
2024-01-24,SKU-10044,SUP-248,1696,364,766,0,10
2024-01-24,SKU-10045,SUP-221,983,652,1824,0,4
2024-01-24,SKU-10046,SUP-206,1889,519,1209,0,5
2024-01-24,SKU-10047,SUP-205,1152,604,1115,0,7
2024-01-24,SKU-10048,SUP-224,1584,388,1333,0,9
2024-01-24,SKU-10049,SUP-206,1339,342,1745,0,10
2024-01-24,SKU-10050,SUP-222,517,447,615,0,7
2024-01-24,SKU-10051,SUP-222,1800,724,1400,0,4
2024-01-24,SKU-10052,SUP-238,973,250,515,0,10
2024-01-24,SKU-10053,SUP-216,0,369,1488,1488,6
2024-01-24,SKU-10054,SUP-202,2369,527,1431,0,13
2024-01-24,SKU-10055,SUP-246,523,290,693,0,11
2024-01-24,SKU-10056,SUP-229,988,425,944,0,12
2024-01-24,SKU-10057,SUP-234,1666,731,1982,0,9
2024-01-24,SKU-10058,SUP-207,227,465,661,661,11
2024-01-24,SKU-10059,SUP-224,1707,424,573,0,6
2024-01-24,SKU-10060,SUP-205,140,290,1812,1812,14
2024-01-24,SKU-10061,SUP-235,2384,614,1327,0,14
2024-01-24,SKU-10062,SUP-218,558,697,1759,1759,12
2024-01-24,SKU-10063,SUP-240,1068,677,619,0,3
2024-01-24,SKU-10064,SUP-239,2288,585,1300,0,8
2024-01-24,SKU-10065,SUP-223,1437,672,1656,0,9
2024-01-24,SKU-10066,SUP-236,308,335,1927,1927,9
2024-01-24,SKU-10067,SUP-212,1941,747,1016,0,10
2024-01-24,SKU-10068,SUP-245,1478,349,980,0,11
2024-01-24,SKU-10069,SUP-204,265,465,1982,1982,4
2024-01-24,SKU-10070,SUP-202,612,607,968,0,6
2024-01-24,SKU-10071,SUP-242,2526,368,1074,0,3
2024-01-24,SKU-10072,SUP-214,564,777,1808,1808,8
2024-01-24,SKU-10073,SUP-249,201,722,1191,1191,9
2024-01-24,SKU-10074,SUP-218,2310,656,1971,0,4
2024-01-24,SKU-10075,SUP-205,2059,555,731,0,13
2024-01-24,SKU-10076,SUP-214,723,483,1313,0,9
2024-01-24,SKU-10077,SUP-206,1965,423,1247,0,13
2024-01-24,SKU-10078,SUP-224,1532,458,797,0,7
2024-01-24,SKU-10079,SUP-217,1420,352,1899,0,8
2024-01-24,SKU-10080,SUP-229,795,266,1161,0,11
2024-01-24,SKU-10081,SUP-240,642,679,1425,1425,9
2024-01-24,SKU-10082,SUP-223,2370,262,1454,0,3
2024-01-24,SKU-10083,SUP-210,1256,729,1969,0,7
2024-01-24,SKU-10084,SUP-223,1479,435,1608,0,7
2024-01-24,SKU-10085,SUP-222,2062,609,1583,0,6
2024-01-24,SKU-10086,SUP-213,1057,793,1680,0,12
2024-01-24,SKU-10087,SUP-242,780,573,1765,0,9
2024-01-24,SKU-10088,SUP-217,180,317,1138,1138,3
2024-01-24,SKU-10089,SUP-244,295,498,1956,1956,8
2024-01-24,SKU-10090,SUP-243,2281,218,1543,0,3
2024-01-24,SKU-10091,SUP-241,701,705,653,653,5
2024-01-24,SKU-10092,SUP-204,2451,397,678,0,9
2024-01-24,SKU-10093,SUP-238,1592,246,1057,0,6
2024-01-24,SKU-10094,SUP-240,1925,686,715,0,14
2024-01-24,SKU-10095,SUP-210,1205,208,1508,0,7
2024-01-24,SKU-10096,SUP-234,891,290,814,0,3
2024-01-24,SKU-10097,SUP-246,396,567,877,877,11
2024-01-24,SKU-10098,SUP-215,581,756,1568,1568,11
2024-01-24,SKU-10099,SUP-210,2457,501,1681,0,13
2024-01-24,SKU-10100,SUP-229,817,581,923,0,8
2024-01-24,SKU-10101,SUP-224,1456,494,1192,0,5
2024-01-24,SKU-10102,SUP-217,2120,518,1548,0,8
2024-01-24,SKU-10103,SUP-240,1290,376,1568,0,6
2024-01-24,SKU-10104,SUP-244,306,339,1268,1268,8
2024-01-24,SKU-10105,SUP-235,277,232,1894,0,4
2024-01-24,SKU-10106,SUP-214,1403,205,1190,0,13
2024-01-24,SKU-10107,SUP-243,1440,430,1924,0,9
2024-01-24,SKU-10108,SUP-220,657,222,1306,0,3
2024-01-24,SKU-10109,SUP-249,1129,282,667,0,11
2024-01-24,SKU-10110,SUP-249,2392,543,511,0,8
2024-01-24,SKU-10111,SUP-203,1371,790,989,0,9
2024-01-24,SKU-10112,SUP-214,2336,206,1506,0,5
2024-01-24,SKU-10113,SUP-202,2500,329,608,0,13
2024-01-24,SKU-10114,SUP-220,2242,443,937,0,5
2024-01-24,SKU-10115,SUP-225,1543,796,1778,0,9
2024-01-24,SKU-10116,SUP-217,2219,393,1462,0,14
2024-01-24,SKU-10117,SUP-204,1606,563,1527,0,7
2024-01-24,SKU-10118,SUP-213,2439,437,1661,0,12
2024-01-24,SKU-10119,SUP-236,394,786,1570,1570,10
2024-01-24,SKU-10120,SUP-245,1146,322,1471,0,8
2024-01-24,SKU-10121,SUP-220,1138,480,566,0,7
2024-01-24,SKU-10122,SUP-213,1407,504,1374,0,11
2024-01-24,SKU-10123,SUP-241,356,504,1418,1418,7
2024-01-24,SKU-10124,SUP-231,2442,750,1494,0,5
2024-01-24,SKU-10125,SUP-225,1234,639,757,0,5
2024-01-24,SKU-10126,SUP-241,1634,722,883,0,10
2024-01-24,SKU-10127,SUP-229,349,337,1236,0,3
2024-01-24,SKU-10128,SUP-209,101,405,1594,1594,4
2024-01-24,SKU-10129,SUP-216,148,582,1244,1244,13
2024-01-24,SKU-10130,SUP-208,392,513,727,727,4
2024-01-24,SKU-10131,SUP-215,1076,499,1426,0,11
2024-01-24,SKU-10132,SUP-247,2392,260,1542,0,6
2024-01-24,SKU-10133,SUP-235,1663,406,1848,0,13
2024-01-24,SKU-10134,SUP-234,1468,480,1598,0,4
2024-01-24,SKU-10135,SUP-216,508,440,504,0,9
2024-01-24,SKU-10136,SUP-247,1374,593,1678,0,10
2024-01-24,SKU-10137,SUP-237,1198,228,1946,0,8
2024-01-24,SKU-10138,SUP-227,7,429,892,892,14
2024-01-24,SKU-10139,SUP-237,1118,530,1278,0,10
2024-01-24,SKU-10140,SUP-225,1484,382,886,0,5
2024-01-24,SKU-10141,SUP-223,2303,636,1332,0,7
2024-01-24,SKU-10142,SUP-214,230,228,1426,0,12
2024-01-24,SKU-10143,SUP-208,1545,247,1326,0,10
2024-01-24,SKU-10144,SUP-232,690,656,1572,0,10
2024-01-24,SKU-10145,SUP-231,1125,489,1034,0,5
2024-01-24,SKU-10146,SUP-205,2184,582,1619,0,13
2024-01-24,SKU-10147,SUP-248,1984,504,1056,0,14
2024-01-24,SKU-10148,SUP-203,1450,639,631,0,4
2024-01-24,SKU-10149,SUP-207,350,742,870,870,14
2024-01-24,SKU-10150,SUP-209,182,760,1181,1181,13
2024-01-24,SKU-10151,SUP-240,1600,627,1370,0,7
2024-01-24,SKU-10152,SUP-210,2363,705,1691,0,4
2024-01-24,SKU-10153,SUP-243,0,356,1704,1704,6
2024-01-24,SKU-10154,SUP-227,1397,676,1339,0,14
2024-01-24,SKU-10155,SUP-238,1220,597,555,0,11
2024-01-24,SKU-10156,SUP-204,832,393,1296,0,10
2024-01-24,SKU-10157,SUP-224,1143,465,1293,0,9
2024-01-24,SKU-10158,SUP-224,62,275,944,944,7
2024-01-24,SKU-10159,SUP-238,103,587,821,821,7
2024-01-24,SKU-10160,SUP-229,2218,505,845,0,13
2024-01-24,SKU-10161,SUP-233,1495,460,1869,0,14
2024-01-24,SKU-10162,SUP-216,2318,617,1552,0,8
2024-01-24,SKU-10163,SUP-235,1334,760,1712,0,3
2024-01-24,SKU-10164,SUP-200,1301,718,1715,0,10
2024-01-24,SKU-10165,SUP-243,1923,531,781,0,3
2024-01-24,SKU-10166,SUP-246,1898,500,830,0,12
2024-01-24,SKU-10167,SUP-207,2113,219,1735,0,10
2024-01-24,SKU-10168,SUP-243,2447,419,1477,0,12
2024-01-24,SKU-10169,SUP-234,227,667,1548,1548,14
2024-01-24,SKU-10170,SUP-248,1593,390,1372,0,11
2024-01-24,SKU-10171,SUP-217,2447,735,581,0,13
2024-01-24,SKU-10172,SUP-249,1766,745,1785,0,3
2024-01-24,SKU-10173,SUP-241,2424,338,1570,0,14
2024-01-24,SKU-10174,SUP-221,2301,260,1618,0,10
2024-01-24,SKU-10175,SUP-207,2461,545,1850,0,13
2024-01-24,SKU-10176,SUP-218,2184,605,1243,0,5
2024-01-24,SKU-10177,SUP-227,49,410,1606,1606,6
2024-01-24,SKU-10178,SUP-210,579,738,708,708,4
2024-01-24,SKU-10179,SUP-229,1506,691,797,0,11
2024-01-24,SKU-10180,SUP-200,528,495,1982,0,9
2024-01-24,SKU-10181,SUP-246,1638,573,1585,0,9
2024-01-24,SKU-10182,SUP-246,1602,598,1647,0,8
2024-01-24,SKU-10183,SUP-216,613,713,1401,1401,4
2024-01-24,SKU-10184,SUP-232,2452,465,1789,0,7
2024-01-24,SKU-10185,SUP-248,1185,519,972,0,11
2024-01-24,SKU-10186,SUP-211,2219,282,673,0,12
2024-01-24,SKU-10187,SUP-232,1448,580,1062,0,13
2024-01-24,SKU-10188,SUP-206,234,461,678,678,14
2024-01-24,SKU-10189,SUP-240,2296,267,606,0,13
2024-01-24,SKU-10190,SUP-219,422,241,1710,0,7
2024-01-24,SKU-10191,SUP-240,1588,500,760,0,12
2024-01-24,SKU-10192,SUP-232,661,266,719,0,5
2024-01-24,SKU-10193,SUP-238,737,258,1701,0,4
2024-01-24,SKU-10194,SUP-212,1000,381,965,0,8
2024-01-24,SKU-10195,SUP-209,313,202,1092,0,6
2024-01-24,SKU-10196,SUP-223,576,514,1105,0,11
2024-01-24,SKU-10197,SUP-248,1757,604,767,0,8
2024-01-24,SKU-10198,SUP-210,2344,305,1155,0,3
2024-01-24,SKU-10199,SUP-234,1964,533,1541,0,14
2024-01-24,SKU-10200,SUP-249,2106,534,1678,0,8
2024-01-24,SKU-10201,SUP-233,2065,280,1409,0,4
2024-01-24,SKU-10202,SUP-200,1153,554,1847,0,12
2024-01-24,SKU-10203,SUP-238,1989,388,1716,0,3
2024-01-24,SKU-10204,SUP-220,903,342,986,0,4
2024-01-24,SKU-10205,SUP-231,2180,229,1802,0,8
2024-01-24,SKU-10206,SUP-201,978,679,916,0,9
2024-01-24,SKU-10207,SUP-207,1138,797,1059,0,7
2024-01-24,SKU-10208,SUP-223,2404,525,1322,0,14
2024-01-24,SKU-10209,SUP-219,1630,560,1027,0,11
2024-01-24,SKU-10210,SUP-215,582,520,803,0,9
2024-01-24,SKU-10211,SUP-203,830,391,521,0,14
2024-01-24,SKU-10212,SUP-215,2134,341,1509,0,7
2024-01-24,SKU-10213,SUP-236,2138,789,661,0,4
2024-01-24,SKU-10214,SUP-205,2001,450,1224,0,5
2024-01-24,SKU-10215,SUP-205,1680,587,584,0,5
2024-01-24,SKU-10216,SUP-246,0,474,1894,1894,3
2024-01-24,SKU-10217,SUP-231,1361,593,1160,0,11
2024-01-24,SKU-10218,SUP-204,621,733,905,905,13
2024-01-24,SKU-10219,SUP-248,2153,629,1423,0,13
2024-01-24,SKU-10220,SUP-234,1423,499,1577,0,4
2024-01-24,SKU-10221,SUP-249,2023,646,569,0,6
2024-01-24,SKU-10222,SUP-208,1637,353,961,0,14
2024-01-24,SKU-10223,SUP-208,1005,240,1184,0,7
2024-01-24,SKU-10224,SUP-242,1611,716,1653,0,3
2024-01-24,SKU-10225,SUP-230,655,240,652,0,11
2024-01-24,SKU-10226,SUP-235,1458,529,1252,0,5
2024-01-24,SKU-10227,SUP-210,718,442,1957,0,7
2024-01-24,SKU-10228,SUP-216,1197,738,1100,0,5
2024-01-24,SKU-10229,SUP-233,682,599,1407,0,11
2024-01-24,SKU-10230,SUP-238,853,201,828,0,13
2024-01-24,SKU-10231,SUP-227,1496,788,577,0,14
2024-01-24,SKU-10232,SUP-213,1958,704,1075,0,5
2024-01-24,SKU-10233,SUP-234,135,246,861,861,7
2024-01-24,SKU-10234,SUP-248,2187,294,1624,0,8
2024-01-24,SKU-10235,SUP-246,1407,612,502,0,6
2024-01-24,SKU-10236,SUP-244,526,365,1598,0,14
2024-01-24,SKU-10237,SUP-212,1494,272,1289,0,7
2024-01-24,SKU-10238,SUP-245,1045,715,980,0,14
2024-01-24,SKU-10239,SUP-219,1247,350,612,0,10
2024-01-24,SKU-10240,SUP-225,1644,573,1197,0,9
2024-01-24,SKU-10241,SUP-242,2283,555,738,0,3
2024-01-24,SKU-10242,SUP-241,2327,731,1796,0,3
2024-01-24,SKU-10243,SUP-223,1210,226,1941,0,9
2024-01-24,SKU-10244,SUP-228,538,446,816,0,4
2024-01-24,SKU-10245,SUP-233,1160,568,1691,0,6
2024-01-24,SKU-10246,SUP-228,2502,544,551,0,7
2024-01-24,SKU-10247,SUP-207,453,608,834,834,11
2024-01-24,SKU-10248,SUP-215,308,659,1188,1188,9
2024-01-24,SKU-10249,SUP-214,1832,760,716,0,8
2024-01-24,SKU-10250,SUP-204,629,718,795,795,4
2024-01-24,SKU-10251,SUP-221,1066,291,1289,0,7
2024-01-24,SKU-10252,SUP-201,1447,345,1790,0,9
2024-01-24,SKU-10253,SUP-237,1401,475,1582,0,13
2024-01-24,SKU-10254,SUP-235,2329,561,1498,0,14
2024-01-24,SKU-10255,SUP-214,1290,462,1574,0,3
2024-01-24,SKU-10256,SUP-237,2495,212,1917,0,3
2024-01-24,SKU-10257,SUP-214,1654,731,712,0,10
2024-01-24,SKU-10258,SUP-200,1806,380,1788,0,11
2024-01-24,SKU-10259,SUP-204,1891,686,903,0,8
2024-01-24,SKU-10260,SUP-245,568,322,1288,0,7
2024-01-24,SKU-10261,SUP-240,1636,796,591,0,6
2024-01-24,SKU-10262,SUP-203,566,797,893,893,4
2024-01-24,SKU-10263,SUP-214,2473,704,1640,0,9
2024-01-24,SKU-10264,SUP-204,1606,690,841,0,12
2024-01-24,SKU-10265,SUP-202,2140,379,1176,0,6
2024-01-24,SKU-10266,SUP-221,486,652,1958,1958,13
2024-01-24,SKU-10267,SUP-204,1506,736,920,0,9
2024-01-24,SKU-10268,SUP-232,1533,714,834,0,10
2024-01-24,SKU-10269,SUP-215,1296,776,1808,0,6
2024-01-24,SKU-10270,SUP-217,2362,431,1488,0,3
2024-01-24,SKU-10271,SUP-242,2315,406,860,0,7
2024-01-24,SKU-10272,SUP-231,1026,669,630,0,3
2024-01-24,SKU-10273,SUP-213,1267,595,577,0,10
2024-01-24,SKU-10274,SUP-234,111,380,789,789,10
2024-01-24,SKU-10275,SUP-208,2368,273,504,0,10
2024-01-24,SKU-10276,SUP-246,122,400,1248,1248,13
2024-01-24,SKU-10277,SUP-236,1483,358,1180,0,6
2024-01-24,SKU-10278,SUP-236,938,212,1798,0,3
2024-01-24,SKU-10279,SUP-230,976,248,1526,0,8
2024-01-24,SKU-10280,SUP-215,671,470,1676,0,8
2024-01-24,SKU-10281,SUP-230,701,689,1309,0,12
2024-01-24,SKU-10282,SUP-226,1104,688,1291,0,7
2024-01-24,SKU-10283,SUP-212,1102,603,1552,0,7
2024-01-24,SKU-10284,SUP-206,2286,459,1778,0,7
2024-01-24,SKU-10285,SUP-206,2285,599,921,0,9
2024-01-24,SKU-10286,SUP-242,1178,348,669,0,7
2024-01-24,SKU-10287,SUP-227,2476,204,651,0,4
2024-01-24,SKU-10288,SUP-222,2095,333,1970,0,9
2024-01-24,SKU-10289,SUP-227,855,315,1079,0,4
2024-01-24,SKU-10290,SUP-226,555,620,672,672,11
2024-01-24,SKU-10291,SUP-229,927,771,1734,0,3
2024-01-24,SKU-10292,SUP-246,399,625,1441,1441,12
2024-01-24,SKU-10293,SUP-203,261,600,1383,1383,13
2024-01-24,SKU-10294,SUP-243,1144,685,1530,0,3
2024-01-24,SKU-10295,SUP-241,1194,302,1237,0,7
2024-01-24,SKU-10296,SUP-241,911,743,1603,0,14
2024-01-24,SKU-10297,SUP-206,765,595,1391,0,7
2024-01-24,SKU-10298,SUP-203,1162,409,947,0,14
2024-01-24,SKU-10299,SUP-225,2163,426,848,0,3
2024-01-24,SKU-10300,SUP-246,1998,286,1959,0,6
2024-01-24,SKU-10301,SUP-221,1754,220,990,0,5
2024-01-24,SKU-10302,SUP-206,1363,420,1090,0,4
2024-01-24,SKU-10303,SUP-215,728,244,950,0,14
2024-01-24,SKU-10304,SUP-212,915,479,1940,0,5
2024-01-24,SKU-10305,SUP-212,699,670,1572,0,3
2024-01-24,SKU-10306,SUP-234,164,411,1515,1515,4
2024-01-24,SKU-10307,SUP-228,1405,686,979,0,3
2024-01-24,SKU-10308,SUP-208,1526,655,1374,0,5
2024-01-24,SKU-10309,SUP-227,1552,211,855,0,11
2024-01-24,SKU-10310,SUP-211,404,252,612,0,14
2024-01-24,SKU-10311,SUP-217,1308,616,1590,0,4
2024-01-24,SKU-10312,SUP-229,2021,453,900,0,14
2024-01-24,SKU-10313,SUP-215,0,645,1758,1758,5
2024-01-24,SKU-10314,SUP-204,2175,238,699,0,12
2024-01-24,SKU-10315,SUP-228,1808,348,1124,0,14
2024-01-24,SKU-10316,SUP-235,1837,730,562,0,6
2024-01-24,SKU-10317,SUP-206,643,607,1696,0,11
2024-01-24,SKU-10318,SUP-203,2305,294,795,0,12
2024-01-24,SKU-10319,SUP-241,1064,207,1387,0,11
2024-01-24,SKU-10320,SUP-234,2185,747,1929,0,7
2024-01-24,SKU-10321,SUP-200,2339,553,1932,0,12
2024-01-24,SKU-10322,SUP-205,149,544,1534,1534,6
2024-01-24,SKU-10323,SUP-248,1617,457,553,0,9
2024-01-24,SKU-10324,SUP-215,290,416,1200,1200,6
2024-01-24,SKU-10325,SUP-210,1662,743,1691,0,13
2024-01-24,SKU-10326,SUP-226,1764,430,682,0,6
2024-01-24,SKU-10327,SUP-231,1356,436,963,0,8
2024-01-24,SKU-10328,SUP-230,149,705,900,900,13
2024-01-24,SKU-10329,SUP-213,317,422,1257,1257,9
2024-01-24,SKU-10330,SUP-225,1296,652,1730,0,8
2024-01-24,SKU-10331,SUP-203,1192,205,1656,0,8
2024-01-24,SKU-10332,SUP-210,1291,712,1281,0,5
2024-01-24,SKU-10333,SUP-224,1220,301,1811,0,11
2024-01-24,SKU-10334,SUP-200,939,353,1059,0,13
2024-01-24,SKU-10335,SUP-224,1332,384,1979,0,6
2024-01-24,SKU-10336,SUP-216,1659,425,1718,0,11
2024-01-24,SKU-10337,SUP-229,974,736,1058,0,9
2024-01-24,SKU-10338,SUP-218,1198,670,738,0,3
2024-01-24,SKU-10339,SUP-227,376,553,919,919,13
2024-01-24,SKU-10340,SUP-244,686,669,1372,0,10
2024-01-24,SKU-10341,SUP-246,672,370,1248,0,14
2024-01-24,SKU-10342,SUP-235,1620,347,1120,0,13
2024-01-24,SKU-10343,SUP-242,857,510,1137,0,5
2024-01-24,SKU-10344,SUP-245,2341,555,1667,0,13
2024-01-24,SKU-10345,SUP-231,193,257,667,667,8
2024-01-24,SKU-10346,SUP-209,2107,333,863,0,7
2024-01-24,SKU-10347,SUP-212,1004,668,1745,0,14
2024-01-24,SKU-10348,SUP-218,1750,469,1076,0,13
2024-01-24,SKU-10349,SUP-213,1757,614,1770,0,9
2024-01-24,SKU-10350,SUP-203,1218,702,1918,0,4
2024-01-24,SKU-10351,SUP-237,1665,449,875,0,4
2024-01-24,SKU-10352,SUP-247,1282,545,1228,0,8
2024-01-24,SKU-10353,SUP-234,2079,575,682,0,14
2024-01-24,SKU-10354,SUP-203,2110,654,1491,0,11
2024-01-24,SKU-10355,SUP-247,1612,698,1129,0,14
2024-01-24,SKU-10356,SUP-220,1305,245,1375,0,6
2024-01-24,SKU-10357,SUP-203,1633,448,1444,0,12
2024-01-24,SKU-10358,SUP-203,1541,576,652,0,6
2024-01-24,SKU-10359,SUP-237,1982,439,1706,0,8
2024-01-24,SKU-10360,SUP-230,2060,275,796,0,12
2024-01-24,SKU-10361,SUP-232,1964,751,1929,0,14
2024-01-24,SKU-10362,SUP-233,1547,224,798,0,5
2024-01-24,SKU-10363,SUP-210,446,703,1730,1730,14
2024-01-24,SKU-10364,SUP-203,1218,697,736,0,7
2024-01-24,SKU-10365,SUP-232,719,234,1443,0,3
2024-01-24,SKU-10366,SUP-205,2206,688,903,0,8
2024-01-24,SKU-10367,SUP-211,1091,383,776,0,10
2024-01-24,SKU-10368,SUP-204,1337,692,1818,0,14
2024-01-24,SKU-10369,SUP-238,190,382,814,814,5
2024-01-24,SKU-10370,SUP-204,2472,235,1288,0,10
2024-01-24,SKU-10371,SUP-243,1783,582,668,0,13
2024-01-24,SKU-10372,SUP-215,636,690,1817,1817,4
2024-01-24,SKU-10373,SUP-225,1095,421,1157,0,14
2024-01-24,SKU-10374,SUP-207,1028,775,799,0,5
2024-01-24,SKU-10375,SUP-236,1622,423,1076,0,9
2024-01-24,SKU-10376,SUP-215,1173,307,1874,0,9
2024-01-24,SKU-10377,SUP-237,1245,275,749,0,3
2024-01-24,SKU-10378,SUP-238,2569,214,840,0,11
2024-01-24,SKU-10379,SUP-202,472,236,1268,0,6
2024-01-24,SKU-10380,SUP-239,2074,538,1478,0,14
2024-01-24,SKU-10381,SUP-205,896,265,1918,0,3
2024-01-24,SKU-10382,SUP-226,545,282,1999,0,5
2024-01-24,SKU-10383,SUP-242,503,314,1557,0,5
2024-01-24,SKU-10384,SUP-237,2083,271,1668,0,8
2024-01-24,SKU-10385,SUP-236,450,372,923,0,9
2024-01-24,SKU-10386,SUP-233,1627,649,1951,0,6
2024-01-24,SKU-10387,SUP-220,1228,631,821,0,13
2024-01-24,SKU-10388,SUP-216,941,611,1784,0,13
2024-01-24,SKU-10389,SUP-213,2357,502,1713,0,13
2024-01-24,SKU-10390,SUP-242,659,776,1363,1363,9
2024-01-24,SKU-10391,SUP-245,1593,318,1403,0,4
2024-01-24,SKU-10392,SUP-220,939,291,1249,0,10
2024-01-24,SKU-10393,SUP-215,2473,503,1367,0,5
2024-01-24,SKU-10394,SUP-216,1683,611,535,0,8
2024-01-24,SKU-10395,SUP-225,1326,781,1127,0,12
2024-01-24,SKU-10396,SUP-208,480,280,1909,0,6
2024-01-24,SKU-10397,SUP-242,1767,700,683,0,6
2024-01-24,SKU-10398,SUP-241,1851,688,781,0,9
2024-01-24,SKU-10399,SUP-219,1978,616,816,0,6
2024-01-24,SKU-10400,SUP-229,1001,679,1176,0,7
2024-01-24,SKU-10401,SUP-220,1986,799,626,0,13
2024-01-24,SKU-10402,SUP-248,758,693,1499,0,6
2024-01-24,SKU-10403,SUP-204,653,341,752,0,11
2024-01-24,SKU-10404,SUP-200,365,578,991,991,14
2024-01-24,SKU-10405,SUP-229,1753,697,1760,0,8
2024-01-24,SKU-10406,SUP-239,936,487,733,0,11
2024-01-24,SKU-10407,SUP-236,1483,566,728,0,11
2024-01-24,SKU-10408,SUP-206,1562,659,764,0,10
2024-01-24,SKU-10409,SUP-204,589,775,744,744,13
2024-01-24,SKU-10410,SUP-234,2157,653,848,0,8
2024-01-24,SKU-10411,SUP-213,2363,781,1114,0,11
2024-01-24,SKU-10412,SUP-232,207,503,818,818,8
2024-01-24,SKU-10413,SUP-216,1143,300,915,0,6
2024-01-24,SKU-10414,SUP-208,1153,585,1543,0,5
2024-01-24,SKU-10415,SUP-222,1981,644,791,0,12
2024-01-24,SKU-10416,SUP-204,371,243,574,0,7
2024-01-24,SKU-10417,SUP-215,1883,616,1210,0,14
2024-01-24,SKU-10418,SUP-223,1324,315,778,0,8
2024-01-24,SKU-10419,SUP-218,558,568,869,869,13
2024-01-24,SKU-10420,SUP-210,828,394,1828,0,12
2024-01-24,SKU-10421,SUP-228,199,258,1744,1744,14
2024-01-24,SKU-10422,SUP-234,1347,561,1441,0,7
2024-01-24,SKU-10423,SUP-245,714,728,997,997,13
2024-01-24,SKU-10424,SUP-219,1627,277,1697,0,12
2024-01-24,SKU-10425,SUP-239,324,491,1021,1021,13
2024-01-24,SKU-10426,SUP-241,495,466,1945,0,7
2024-01-24,SKU-10427,SUP-233,2288,635,1140,0,11
2024-01-24,SKU-10428,SUP-200,0,485,1170,1170,3
2024-01-24,SKU-10429,SUP-242,570,242,1410,0,8
2024-01-24,SKU-10430,SUP-235,1227,441,1578,0,9
2024-01-24,SKU-10431,SUP-219,1249,512,1707,0,4
2024-01-24,SKU-10432,SUP-242,2369,519,752,0,9
2024-01-24,SKU-10433,SUP-206,2218,576,1063,0,3
2024-01-24,SKU-10434,SUP-208,1322,383,792,0,14
2024-01-24,SKU-10435,SUP-216,734,701,1483,0,5
2024-01-24,SKU-10436,SUP-207,1529,285,1479,0,10
2024-01-24,SKU-10437,SUP-206,1258,451,1531,0,12
2024-01-24,SKU-10438,SUP-247,1156,575,1888,0,10
2024-01-24,SKU-10439,SUP-235,1907,219,511,0,11
2024-01-24,SKU-10440,SUP-209,2296,624,728,0,7
2024-01-24,SKU-10441,SUP-217,825,228,634,0,10
2024-01-24,SKU-10442,SUP-218,45,510,1963,1963,11
2024-01-24,SKU-10443,SUP-238,2380,324,970,0,3
2024-01-24,SKU-10444,SUP-213,939,759,565,0,4
2024-01-24,SKU-10445,SUP-245,2056,583,1037,0,3
2024-01-24,SKU-10446,SUP-221,334,632,1090,1090,11
2024-01-24,SKU-10447,SUP-213,1878,698,1578,0,11
2024-01-24,SKU-10448,SUP-243,2315,428,1770,0,12
2024-01-24,SKU-10449,SUP-240,2533,292,713,0,8
2024-01-24,SKU-10450,SUP-216,426,696,585,585,6
2024-01-24,SKU-10451,SUP-232,2423,746,748,0,13
2024-01-24,SKU-10452,SUP-231,1474,488,908,0,7
2024-01-24,SKU-10453,SUP-216,117,726,1834,1834,7
2024-01-24,SKU-10454,SUP-203,1991,552,1598,0,6
2024-01-24,SKU-10455,SUP-205,1186,235,697,0,11
2024-01-24,SKU-10456,SUP-240,1773,753,1454,0,4
2024-01-24,SKU-10457,SUP-227,1343,709,915,0,4
2024-01-24,SKU-10458,SUP-217,2180,402,1075,0,5
2024-01-24,SKU-10459,SUP-202,908,567,1949,0,4
2024-01-24,SKU-10460,SUP-200,1386,675,803,0,11
2024-01-24,SKU-10461,SUP-221,1985,282,1845,0,13
2024-01-24,SKU-10462,SUP-249,307,650,1307,1307,8
2024-01-24,SKU-10463,SUP-208,873,585,1632,0,4
2024-01-24,SKU-10464,SUP-240,1864,445,1569,0,4
2024-01-24,SKU-10465,SUP-216,2300,609,1213,0,8
2024-01-24,SKU-10466,SUP-210,1966,315,1375,0,4
2024-01-24,SKU-10467,SUP-247,67,451,1415,1415,6
2024-01-24,SKU-10468,SUP-228,228,480,1689,1689,4
2024-01-24,SKU-10469,SUP-235,832,487,1467,0,13
2024-01-24,SKU-10470,SUP-245,234,736,804,804,6
2024-01-24,SKU-10471,SUP-227,1820,424,1659,0,13
2024-01-24,SKU-10472,SUP-235,582,210,938,0,12
2024-01-24,SKU-10473,SUP-200,287,791,1991,1991,6
2024-01-24,SKU-10474,SUP-207,528,394,1937,0,9
2024-01-24,SKU-10475,SUP-204,1651,200,867,0,13
2024-01-24,SKU-10476,SUP-244,2294,390,789,0,6
2024-01-24,SKU-10477,SUP-209,260,356,1519,1519,4
2024-01-24,SKU-10478,SUP-234,341,732,904,904,14
2024-01-24,SKU-10479,SUP-202,2526,289,1905,0,9
2024-01-24,SKU-10480,SUP-223,1160,793,1908,0,13
2024-01-24,SKU-10481,SUP-237,1301,290,1252,0,14
2024-01-24,SKU-10482,SUP-235,1718,593,1881,0,7
2024-01-24,SKU-10483,SUP-209,485,641,507,507,7
2024-01-24,SKU-10484,SUP-227,1885,228,776,0,10
2024-01-24,SKU-10485,SUP-208,227,798,583,583,8
2024-01-24,SKU-10486,SUP-202,1567,308,1043,0,11
2024-01-24,SKU-10487,SUP-219,591,214,1224,0,14
2024-01-24,SKU-10488,SUP-223,1951,657,1224,0,3
2024-01-24,SKU-10489,SUP-202,507,314,1567,0,14
2024-01-24,SKU-10490,SUP-222,1710,604,860,0,10
2024-01-24,SKU-10491,SUP-213,207,510,1141,1141,3
2024-01-24,SKU-10492,SUP-243,265,386,1223,1223,11
2024-01-24,SKU-10493,SUP-215,2472,289,1256,0,4
2024-01-24,SKU-10494,SUP-242,2066,492,1989,0,9
2024-01-24,SKU-10495,SUP-206,171,625,1389,1389,5
2024-01-24,SKU-10496,SUP-222,1866,716,1067,0,9
2024-01-24,SKU-10497,SUP-249,2082,205,688,0,13
2024-01-24,SKU-10498,SUP-235,1486,362,1891,0,7
2024-01-24,SKU-10499,SUP-226,633,392,1888,0,4
2024-01-25,SKU-10000,SUP-240,2227,332,1353,0,12
2024-01-25,SKU-10001,SUP-207,361,375,1299,1299,5
2024-01-25,SKU-10002,SUP-201,837,727,505,0,10
2024-01-25,SKU-10003,SUP-247,2274,555,1437,0,13
2024-01-25,SKU-10004,SUP-217,894,745,1024,0,13
2024-01-25,SKU-10005,SUP-215,1492,206,1966,0,13
2024-01-25,SKU-10006,SUP-214,1791,506,1270,0,7
2024-01-25,SKU-10007,SUP-208,1456,293,1715,0,4
2024-01-25,SKU-10008,SUP-247,2233,216,1858,0,14
2024-01-25,SKU-10009,SUP-206,1096,327,1511,0,5
2024-01-25,SKU-10010,SUP-243,2351,609,1387,0,7
2024-01-25,SKU-10011,SUP-247,2046,518,1147,0,12
2024-01-25,SKU-10012,SUP-234,2471,290,1605,0,5
2024-01-25,SKU-10013,SUP-205,1132,568,957,0,5
2024-01-25,SKU-10014,SUP-237,1050,392,1801,0,3
2024-01-25,SKU-10015,SUP-227,578,272,1126,0,13
2024-01-25,SKU-10016,SUP-202,518,296,1399,0,11
2024-01-25,SKU-10017,SUP-201,552,263,595,0,4
2024-01-25,SKU-10018,SUP-205,2053,433,1680,0,10
2024-01-25,SKU-10019,SUP-213,719,671,1422,0,12
2024-01-25,SKU-10020,SUP-214,2447,621,874,0,11
2024-01-25,SKU-10021,SUP-232,561,224,1105,0,4
2024-01-25,SKU-10022,SUP-238,2152,590,777,0,12
2024-01-25,SKU-10023,SUP-201,1021,227,1623,0,13
2024-01-25,SKU-10024,SUP-235,2065,510,760,0,7
2024-01-25,SKU-10025,SUP-212,41,674,966,966,13
2024-01-25,SKU-10026,SUP-245,1019,298,803,0,11
2024-01-25,SKU-10027,SUP-241,829,613,844,0,10
2024-01-25,SKU-10028,SUP-244,1320,324,1340,0,10
2024-01-25,SKU-10029,SUP-234,1033,543,1275,0,8
2024-01-25,SKU-10030,SUP-226,1743,210,1106,0,10
2024-01-25,SKU-10031,SUP-214,394,445,593,593,13
2024-01-25,SKU-10032,SUP-228,1802,796,715,0,12
2024-01-25,SKU-10033,SUP-237,352,440,1480,1480,9
2024-01-25,SKU-10034,SUP-217,2040,785,1113,0,14
2024-01-25,SKU-10035,SUP-200,1633,752,1735,0,9
2024-01-25,SKU-10036,SUP-248,1261,498,897,0,6
2024-01-25,SKU-10037,SUP-210,605,546,1863,0,8
2024-01-25,SKU-10038,SUP-244,679,739,1809,1809,8
2024-01-25,SKU-10039,SUP-227,310,702,869,869,10
2024-01-25,SKU-10040,SUP-221,68,470,631,631,4
2024-01-25,SKU-10041,SUP-217,56,797,1965,1965,13
2024-01-25,SKU-10042,SUP-209,727,465,1351,0,6
2024-01-25,SKU-10043,SUP-213,1935,660,1200,0,3
2024-01-25,SKU-10044,SUP-248,2254,509,1429,0,6
2024-01-25,SKU-10045,SUP-221,1479,248,943,0,7
2024-01-25,SKU-10046,SUP-206,164,529,505,505,14
2024-01-25,SKU-10047,SUP-205,1004,747,1430,0,11
2024-01-25,SKU-10048,SUP-224,933,677,927,0,9
2024-01-25,SKU-10049,SUP-206,1749,202,1184,0,6
2024-01-25,SKU-10050,SUP-222,2032,789,1029,0,3
2024-01-25,SKU-10051,SUP-222,1735,230,1481,0,11
2024-01-25,SKU-10052,SUP-238,153,443,1780,1780,5
2024-01-25,SKU-10053,SUP-216,1986,652,1021,0,11
2024-01-25,SKU-10054,SUP-202,1921,323,686,0,11
2024-01-25,SKU-10055,SUP-246,988,234,1776,0,13
2024-01-25,SKU-10056,SUP-229,580,721,763,763,11
2024-01-25,SKU-10057,SUP-234,591,405,1135,0,10
2024-01-25,SKU-10058,SUP-207,1821,237,1259,0,11
2024-01-25,SKU-10059,SUP-224,1704,672,856,0,12
2024-01-25,SKU-10060,SUP-205,476,293,1360,0,9
2024-01-25,SKU-10061,SUP-235,1836,215,1898,0,14
2024-01-25,SKU-10062,SUP-218,605,385,1553,0,8
2024-01-25,SKU-10063,SUP-240,1210,277,1034,0,3
2024-01-25,SKU-10064,SUP-239,1777,752,514,0,8
2024-01-25,SKU-10065,SUP-223,534,515,556,0,3
2024-01-25,SKU-10066,SUP-236,2139,568,1847,0,7
2024-01-25,SKU-10067,SUP-212,2082,742,1173,0,8
2024-01-25,SKU-10068,SUP-245,1181,316,1266,0,14
2024-01-25,SKU-10069,SUP-204,1455,362,639,0,9
2024-01-25,SKU-10070,SUP-202,184,787,1129,1129,4
2024-01-25,SKU-10071,SUP-242,411,653,1590,1590,8
2024-01-25,SKU-10072,SUP-214,2067,649,979,0,8
2024-01-25,SKU-10073,SUP-249,415,591,1111,1111,6
2024-01-25,SKU-10074,SUP-218,2339,320,1238,0,11
2024-01-25,SKU-10075,SUP-205,1294,300,1394,0,13
2024-01-25,SKU-10076,SUP-214,1072,379,1954,0,6
2024-01-25,SKU-10077,SUP-206,1600,632,1143,0,4
2024-01-25,SKU-10078,SUP-224,2338,300,819,0,4
2024-01-25,SKU-10079,SUP-217,771,342,1868,0,6
2024-01-25,SKU-10080,SUP-229,1344,554,929,0,9
2024-01-25,SKU-10081,SUP-240,2081,628,1809,0,9
2024-01-25,SKU-10082,SUP-223,1211,552,1826,0,4
2024-01-25,SKU-10083,SUP-210,450,643,1656,1656,9
2024-01-25,SKU-10084,SUP-223,625,606,1103,0,10
2024-01-25,SKU-10085,SUP-222,732,623,1922,0,3
2024-01-25,SKU-10086,SUP-213,2183,474,1101,0,14
2024-01-25,SKU-10087,SUP-242,2405,206,687,0,10
2024-01-25,SKU-10088,SUP-217,979,640,1867,0,13
2024-01-25,SKU-10089,SUP-244,357,431,939,939,12
2024-01-25,SKU-10090,SUP-243,680,366,598,0,5
2024-01-25,SKU-10091,SUP-241,2104,525,1585,0,3
2024-01-25,SKU-10092,SUP-204,1451,429,1176,0,14
2024-01-25,SKU-10093,SUP-238,1631,537,745,0,11
2024-01-25,SKU-10094,SUP-240,411,392,1882,0,12
2024-01-25,SKU-10095,SUP-210,618,417,1072,0,10
2024-01-25,SKU-10096,SUP-234,170,422,707,707,9
2024-01-25,SKU-10097,SUP-246,949,402,753,0,8
2024-01-25,SKU-10098,SUP-215,434,595,925,925,12
2024-01-25,SKU-10099,SUP-210,1003,778,730,0,5
2024-01-25,SKU-10100,SUP-229,1934,253,1289,0,10
2024-01-25,SKU-10101,SUP-224,1622,469,888,0,9
2024-01-25,SKU-10102,SUP-217,1360,223,1558,0,6
2024-01-25,SKU-10103,SUP-240,1652,685,921,0,4
2024-01-25,SKU-10104,SUP-244,1171,491,877,0,12
2024-01-25,SKU-10105,SUP-235,1419,327,932,0,11
2024-01-25,SKU-10106,SUP-214,2489,714,1781,0,8
2024-01-25,SKU-10107,SUP-243,401,593,1378,1378,7
2024-01-25,SKU-10108,SUP-220,2093,733,1031,0,6
2024-01-25,SKU-10109,SUP-249,578,523,1363,0,10
2024-01-25,SKU-10110,SUP-249,719,445,1972,0,12
2024-01-25,SKU-10111,SUP-203,236,242,892,892,5
2024-01-25,SKU-10112,SUP-214,390,355,1014,0,4
2024-01-25,SKU-10113,SUP-202,2025,513,1068,0,10
2024-01-25,SKU-10114,SUP-220,2098,733,973,0,6
2024-01-25,SKU-10115,SUP-225,616,665,1689,1689,3
2024-01-25,SKU-10116,SUP-217,1176,787,708,0,7
2024-01-25,SKU-10117,SUP-204,13,333,911,911,10
2024-01-25,SKU-10118,SUP-213,619,443,1329,0,4
2024-01-25,SKU-10119,SUP-236,123,411,783,783,4
2024-01-25,SKU-10120,SUP-245,2007,622,1468,0,14
2024-01-25,SKU-10121,SUP-220,2231,660,952,0,13
2024-01-25,SKU-10122,SUP-213,1374,433,1433,0,13
2024-01-25,SKU-10123,SUP-241,1007,532,1168,0,14
2024-01-25,SKU-10124,SUP-231,1898,298,1560,0,8
2024-01-25,SKU-10125,SUP-225,1220,555,554,0,11
2024-01-25,SKU-10126,SUP-241,2379,513,1627,0,11
2024-01-25,SKU-10127,SUP-229,1829,555,1902,0,9
2024-01-25,SKU-10128,SUP-209,462,702,524,524,14
2024-01-25,SKU-10129,SUP-216,1971,737,1471,0,12
2024-01-25,SKU-10130,SUP-208,1441,647,895,0,10
2024-01-25,SKU-10131,SUP-215,520,701,1930,1930,4
2024-01-25,SKU-10132,SUP-247,1537,751,1719,0,11
2024-01-25,SKU-10133,SUP-235,700,270,1722,0,3
2024-01-25,SKU-10134,SUP-234,680,664,1613,0,7
2024-01-25,SKU-10135,SUP-216,2511,767,500,0,9
2024-01-25,SKU-10136,SUP-247,522,790,1765,1765,8
2024-01-25,SKU-10137,SUP-237,790,271,1020,0,5
2024-01-25,SKU-10138,SUP-227,1626,769,1295,0,7
2024-01-25,SKU-10139,SUP-237,1763,507,750,0,11
2024-01-25,SKU-10140,SUP-225,1447,307,1316,0,13
2024-01-25,SKU-10141,SUP-223,1130,382,1832,0,12
2024-01-25,SKU-10142,SUP-214,1003,426,1535,0,12
2024-01-25,SKU-10143,SUP-208,1854,647,536,0,7
2024-01-25,SKU-10144,SUP-232,1833,571,732,0,4
2024-01-25,SKU-10145,SUP-231,1263,485,1562,0,14
2024-01-25,SKU-10146,SUP-205,777,748,1502,0,12
2024-01-25,SKU-10147,SUP-248,1069,730,1111,0,13
2024-01-25,SKU-10148,SUP-203,438,224,1126,0,12
2024-01-25,SKU-10149,SUP-207,1604,540,711,0,4
2024-01-25,SKU-10150,SUP-209,1380,787,795,0,11
2024-01-25,SKU-10151,SUP-240,1186,626,1465,0,3
2024-01-25,SKU-10152,SUP-210,1634,719,1336,0,13
2024-01-25,SKU-10153,SUP-243,1411,203,863,0,6
2024-01-25,SKU-10154,SUP-227,1255,625,898,0,12
2024-01-25,SKU-10155,SUP-238,261,303,1854,1854,14
2024-01-25,SKU-10156,SUP-204,950,766,1299,0,14
2024-01-25,SKU-10157,SUP-224,2277,284,1742,0,12
2024-01-25,SKU-10158,SUP-224,633,441,1685,0,5
2024-01-25,SKU-10159,SUP-238,1670,699,1123,0,14
2024-01-25,SKU-10160,SUP-229,87,520,600,600,10
2024-01-25,SKU-10161,SUP-233,1874,485,1739,0,10
2024-01-25,SKU-10162,SUP-216,797,242,680,0,13
2024-01-25,SKU-10163,SUP-235,2014,755,1560,0,7
2024-01-25,SKU-10164,SUP-200,1455,282,1432,0,3
2024-01-25,SKU-10165,SUP-243,1118,225,1774,0,9
2024-01-25,SKU-10166,SUP-246,568,610,958,958,6
2024-01-25,SKU-10167,SUP-207,1990,633,1357,0,3
2024-01-25,SKU-10168,SUP-243,2223,261,1854,0,13
2024-01-25,SKU-10169,SUP-234,1275,704,1350,0,3
2024-01-25,SKU-10170,SUP-248,1040,513,1505,0,10
2024-01-25,SKU-10171,SUP-217,340,626,1915,1915,9
2024-01-25,SKU-10172,SUP-249,2074,736,1742,0,8
2024-01-25,SKU-10173,SUP-241,2383,271,1489,0,10
2024-01-25,SKU-10174,SUP-221,1069,796,1336,0,4
2024-01-25,SKU-10175,SUP-207,749,717,1722,0,13
2024-01-25,SKU-10176,SUP-218,1782,339,1771,0,8
2024-01-25,SKU-10177,SUP-227,1511,394,714,0,11
2024-01-25,SKU-10178,SUP-210,2331,588,1952,0,8
2024-01-25,SKU-10179,SUP-229,1839,604,1811,0,13
2024-01-25,SKU-10180,SUP-200,1890,791,1366,0,4
2024-01-25,SKU-10181,SUP-246,1971,720,887,0,3
2024-01-25,SKU-10182,SUP-246,2395,780,1661,0,5
2024-01-25,SKU-10183,SUP-216,1372,620,923,0,3
2024-01-25,SKU-10184,SUP-232,1452,361,594,0,4
2024-01-25,SKU-10185,SUP-248,755,560,1752,0,6
2024-01-25,SKU-10186,SUP-211,1941,529,1156,0,8
2024-01-25,SKU-10187,SUP-232,2489,236,942,0,13
2024-01-25,SKU-10188,SUP-206,28,320,1216,1216,6
2024-01-25,SKU-10189,SUP-240,2189,289,711,0,10
2024-01-25,SKU-10190,SUP-219,2498,566,526,0,6
2024-01-25,SKU-10191,SUP-240,1198,654,1304,0,6
2024-01-25,SKU-10192,SUP-232,396,568,1849,1849,12
2024-01-25,SKU-10193,SUP-238,1334,702,1548,0,3
2024-01-25,SKU-10194,SUP-212,1522,212,1930,0,5
2024-01-25,SKU-10195,SUP-209,1570,445,587,0,9
2024-01-25,SKU-10196,SUP-223,292,455,1799,1799,4
2024-01-25,SKU-10197,SUP-248,859,403,979,0,4
2024-01-25,SKU-10198,SUP-210,1199,629,669,0,9
2024-01-25,SKU-10199,SUP-234,590,262,1640,0,12
2024-01-25,SKU-10200,SUP-249,1274,616,1848,0,14
2024-01-25,SKU-10201,SUP-233,673,451,1709,0,4
2024-01-25,SKU-10202,SUP-200,1273,353,723,0,8
2024-01-25,SKU-10203,SUP-238,1335,617,1183,0,3
2024-01-25,SKU-10204,SUP-220,1463,479,671,0,7
2024-01-25,SKU-10205,SUP-231,2010,492,565,0,3
2024-01-25,SKU-10206,SUP-201,1769,260,1188,0,4
2024-01-25,SKU-10207,SUP-207,472,458,1779,0,13
2024-01-25,SKU-10208,SUP-223,2445,453,766,0,5
2024-01-25,SKU-10209,SUP-219,741,638,1050,0,6
2024-01-25,SKU-10210,SUP-215,1352,661,1874,0,5
2024-01-25,SKU-10211,SUP-203,1010,316,1839,0,5
2024-01-25,SKU-10212,SUP-215,1296,400,1870,0,14
2024-01-25,SKU-10213,SUP-236,203,476,1336,1336,14
2024-01-25,SKU-10214,SUP-205,2311,249,1224,0,12
2024-01-25,SKU-10215,SUP-205,130,219,1122,1122,7
2024-01-25,SKU-10216,SUP-246,2173,509,511,0,3
2024-01-25,SKU-10217,SUP-231,2334,332,1090,0,6
2024-01-25,SKU-10218,SUP-204,1096,351,1975,0,10
2024-01-25,SKU-10219,SUP-248,610,509,1756,0,7
2024-01-25,SKU-10220,SUP-234,2080,380,1505,0,4
2024-01-25,SKU-10221,SUP-249,1539,663,1473,0,9
2024-01-25,SKU-10222,SUP-208,180,234,1739,1739,3
2024-01-25,SKU-10223,SUP-208,2118,665,950,0,13
2024-01-25,SKU-10224,SUP-242,1740,456,1366,0,14
2024-01-25,SKU-10225,SUP-230,463,298,1009,0,7
2024-01-25,SKU-10226,SUP-235,1587,706,1468,0,9
2024-01-25,SKU-10227,SUP-210,858,671,778,0,8
2024-01-25,SKU-10228,SUP-216,793,454,1984,0,5
2024-01-25,SKU-10229,SUP-233,2034,644,722,0,12
2024-01-25,SKU-10230,SUP-238,1929,639,1306,0,11
2024-01-25,SKU-10231,SUP-227,2324,530,1698,0,3
2024-01-25,SKU-10232,SUP-213,689,479,1617,0,3
2024-01-25,SKU-10233,SUP-234,2045,459,1231,0,10
2024-01-25,SKU-10234,SUP-248,596,590,1801,0,6
2024-01-25,SKU-10235,SUP-246,800,304,1900,0,5
2024-01-25,SKU-10236,SUP-244,1311,217,758,0,13
2024-01-25,SKU-10237,SUP-212,2089,792,559,0,11
2024-01-25,SKU-10238,SUP-245,1196,460,1569,0,6
2024-01-25,SKU-10239,SUP-219,1337,733,1629,0,7
2024-01-25,SKU-10240,SUP-225,1392,348,779,0,12
2024-01-25,SKU-10241,SUP-242,2255,683,1297,0,11
2024-01-25,SKU-10242,SUP-241,296,639,1651,1651,8
2024-01-25,SKU-10243,SUP-223,999,339,1303,0,12
2024-01-25,SKU-10244,SUP-228,373,646,1466,1466,4
2024-01-25,SKU-10245,SUP-233,708,405,1138,0,4
2024-01-25,SKU-10246,SUP-228,112,634,1628,1628,10
2024-01-25,SKU-10247,SUP-207,1388,412,1232,0,6
2024-01-25,SKU-10248,SUP-215,1474,624,1520,0,11
2024-01-25,SKU-10249,SUP-214,2396,779,1052,0,6
2024-01-25,SKU-10250,SUP-204,1842,529,1409,0,11
2024-01-25,SKU-10251,SUP-221,1957,440,1083,0,3
2024-01-25,SKU-10252,SUP-201,565,514,972,0,7
2024-01-25,SKU-10253,SUP-237,1811,532,1186,0,4
2024-01-25,SKU-10254,SUP-235,1323,254,1574,0,12
2024-01-25,SKU-10255,SUP-214,1095,469,861,0,3
2024-01-25,SKU-10256,SUP-237,445,574,1524,1524,12
2024-01-25,SKU-10257,SUP-214,1463,233,817,0,10
2024-01-25,SKU-10258,SUP-200,520,410,1052,0,9
2024-01-25,SKU-10259,SUP-204,19,713,703,703,13
2024-01-25,SKU-10260,SUP-245,1456,675,1471,0,12
2024-01-25,SKU-10261,SUP-240,1683,559,667,0,8
2024-01-25,SKU-10262,SUP-203,1586,593,1879,0,7
2024-01-25,SKU-10263,SUP-214,1880,594,1550,0,13
2024-01-25,SKU-10264,SUP-204,962,256,949,0,12
2024-01-25,SKU-10265,SUP-202,363,539,1922,1922,4
2024-01-25,SKU-10266,SUP-221,1921,382,1618,0,14
2024-01-25,SKU-10267,SUP-204,1434,568,1288,0,9
2024-01-25,SKU-10268,SUP-232,1779,381,1678,0,10
2024-01-25,SKU-10269,SUP-215,587,376,1371,0,6
2024-01-25,SKU-10270,SUP-217,450,795,1380,1380,7
2024-01-25,SKU-10271,SUP-242,303,252,715,0,12
2024-01-25,SKU-10272,SUP-231,1840,573,530,0,11
2024-01-25,SKU-10273,SUP-213,748,253,1279,0,7
2024-01-25,SKU-10274,SUP-234,227,425,970,970,4
2024-01-25,SKU-10275,SUP-208,1467,209,1562,0,11
2024-01-25,SKU-10276,SUP-246,2295,396,798,0,3
2024-01-25,SKU-10277,SUP-236,1633,435,1014,0,10
2024-01-25,SKU-10278,SUP-236,271,543,1777,1777,6
2024-01-25,SKU-10279,SUP-230,499,529,1506,1506,10
2024-01-25,SKU-10280,SUP-215,745,636,1945,0,5
2024-01-25,SKU-10281,SUP-230,1034,215,1482,0,14
2024-01-25,SKU-10282,SUP-226,594,774,1319,1319,11
2024-01-25,SKU-10283,SUP-212,1926,728,694,0,13
2024-01-25,SKU-10284,SUP-206,2250,742,1454,0,8
2024-01-25,SKU-10285,SUP-206,1071,444,940,0,5
2024-01-25,SKU-10286,SUP-242,1023,738,1773,0,9
2024-01-25,SKU-10287,SUP-227,34,391,1197,1197,5
2024-01-25,SKU-10288,SUP-222,2097,778,525,0,8
2024-01-25,SKU-10289,SUP-227,1553,304,1283,0,9
2024-01-25,SKU-10290,SUP-226,2058,276,1541,0,12
2024-01-25,SKU-10291,SUP-229,2270,542,948,0,8
2024-01-25,SKU-10292,SUP-246,1228,638,1281,0,3
2024-01-25,SKU-10293,SUP-203,182,560,735,735,3
2024-01-25,SKU-10294,SUP-243,875,695,1734,0,6
2024-01-25,SKU-10295,SUP-241,1141,446,1048,0,7
2024-01-25,SKU-10296,SUP-241,119,298,1641,1641,4
2024-01-25,SKU-10297,SUP-206,1329,773,1562,0,12
2024-01-25,SKU-10298,SUP-203,2058,742,1839,0,9
2024-01-25,SKU-10299,SUP-225,456,398,1182,0,3
2024-01-25,SKU-10300,SUP-246,1837,330,1153,0,7
2024-01-25,SKU-10301,SUP-221,2404,754,1615,0,8
2024-01-25,SKU-10302,SUP-206,1504,664,1057,0,9
2024-01-25,SKU-10303,SUP-215,1407,462,1518,0,10
2024-01-25,SKU-10304,SUP-212,784,508,515,0,4
2024-01-25,SKU-10305,SUP-212,62,567,1958,1958,6
2024-01-25,SKU-10306,SUP-234,684,440,1848,0,9
2024-01-25,SKU-10307,SUP-228,731,322,1987,0,12
2024-01-25,SKU-10308,SUP-208,668,252,834,0,5
2024-01-25,SKU-10309,SUP-227,593,492,1763,0,13
2024-01-25,SKU-10310,SUP-211,1408,799,1265,0,5
2024-01-25,SKU-10311,SUP-217,777,207,1455,0,14
2024-01-25,SKU-10312,SUP-229,245,618,1824,1824,11
2024-01-25,SKU-10313,SUP-215,215,787,1005,1005,7
2024-01-25,SKU-10314,SUP-204,314,522,1454,1454,4
2024-01-25,SKU-10315,SUP-228,65,550,869,869,11
2024-01-25,SKU-10316,SUP-235,773,577,1578,0,6
2024-01-25,SKU-10317,SUP-206,1154,377,1765,0,4
2024-01-25,SKU-10318,SUP-203,1062,636,1462,0,12
2024-01-25,SKU-10319,SUP-241,638,270,553,0,10
2024-01-25,SKU-10320,SUP-234,1084,675,1583,0,12
2024-01-25,SKU-10321,SUP-200,2413,235,1779,0,11
2024-01-25,SKU-10322,SUP-205,848,427,670,0,3
2024-01-25,SKU-10323,SUP-248,1622,723,797,0,11
2024-01-25,SKU-10324,SUP-215,1224,677,1708,0,6
2024-01-25,SKU-10325,SUP-210,1944,633,1126,0,11
2024-01-25,SKU-10326,SUP-226,1112,595,1931,0,14
2024-01-25,SKU-10327,SUP-231,1574,733,1864,0,13
2024-01-25,SKU-10328,SUP-230,1678,791,865,0,10
2024-01-25,SKU-10329,SUP-213,1943,749,989,0,13
2024-01-25,SKU-10330,SUP-225,1371,270,1111,0,9
2024-01-25,SKU-10331,SUP-203,261,365,1379,1379,10
2024-01-25,SKU-10332,SUP-210,2043,385,863,0,8
2024-01-25,SKU-10333,SUP-224,1530,604,1396,0,12
2024-01-25,SKU-10334,SUP-200,1647,305,656,0,13
2024-01-25,SKU-10335,SUP-224,1058,401,608,0,4
2024-01-25,SKU-10336,SUP-216,45,614,871,871,13
2024-01-25,SKU-10337,SUP-229,2387,435,970,0,10
2024-01-25,SKU-10338,SUP-218,432,387,902,0,5
2024-01-25,SKU-10339,SUP-227,1123,511,1440,0,3
2024-01-25,SKU-10340,SUP-244,1281,557,625,0,4
2024-01-25,SKU-10341,SUP-246,247,581,1216,1216,5
2024-01-25,SKU-10342,SUP-235,2113,223,1940,0,3
2024-01-25,SKU-10343,SUP-242,1871,229,1157,0,4
2024-01-25,SKU-10344,SUP-245,1265,226,1879,0,11
2024-01-25,SKU-10345,SUP-231,583,727,1293,1293,4
2024-01-25,SKU-10346,SUP-209,1659,348,1706,0,3
2024-01-25,SKU-10347,SUP-212,174,293,1737,1737,14
2024-01-25,SKU-10348,SUP-218,1331,253,871,0,5
2024-01-25,SKU-10349,SUP-213,1621,236,618,0,11
2024-01-25,SKU-10350,SUP-203,270,352,822,822,8
2024-01-25,SKU-10351,SUP-237,325,541,1790,1790,9
2024-01-25,SKU-10352,SUP-247,443,371,1962,0,7
2024-01-25,SKU-10353,SUP-234,2364,294,1197,0,9
2024-01-25,SKU-10354,SUP-203,2165,714,1178,0,14
2024-01-25,SKU-10355,SUP-247,760,664,528,0,10
2024-01-25,SKU-10356,SUP-220,1824,268,606,0,6
2024-01-25,SKU-10357,SUP-203,155,751,1812,1812,11
2024-01-25,SKU-10358,SUP-203,423,350,777,0,10
2024-01-25,SKU-10359,SUP-237,1914,549,1127,0,10
2024-01-25,SKU-10360,SUP-230,959,427,1813,0,12
2024-01-25,SKU-10361,SUP-232,2105,338,923,0,3
2024-01-25,SKU-10362,SUP-233,1284,776,1315,0,6
2024-01-25,SKU-10363,SUP-210,1524,612,1646,0,14
2024-01-25,SKU-10364,SUP-203,1340,778,1453,0,5
2024-01-25,SKU-10365,SUP-232,693,335,1682,0,10
2024-01-25,SKU-10366,SUP-205,804,533,962,0,7
2024-01-25,SKU-10367,SUP-211,1636,365,1889,0,8
2024-01-25,SKU-10368,SUP-204,350,593,1990,1990,13
2024-01-25,SKU-10369,SUP-238,1583,734,1329,0,8
2024-01-25,SKU-10370,SUP-204,1822,203,1778,0,5
2024-01-25,SKU-10371,SUP-243,2401,698,1970,0,3
2024-01-25,SKU-10372,SUP-215,1804,780,622,0,10
2024-01-25,SKU-10373,SUP-225,739,657,682,0,5
2024-01-25,SKU-10374,SUP-207,2239,271,1223,0,9
2024-01-25,SKU-10375,SUP-236,33,681,1932,1932,13
2024-01-25,SKU-10376,SUP-215,547,339,563,0,9
2024-01-25,SKU-10377,SUP-237,0,235,930,930,11
2024-01-25,SKU-10378,SUP-238,1357,667,1260,0,12
2024-01-25,SKU-10379,SUP-202,1275,357,1617,0,8
2024-01-25,SKU-10380,SUP-239,1300,654,1893,0,12
2024-01-25,SKU-10381,SUP-205,2391,590,1875,0,4
2024-01-25,SKU-10382,SUP-226,2213,713,1201,0,9
2024-01-25,SKU-10383,SUP-242,451,347,807,0,11
2024-01-25,SKU-10384,SUP-237,1529,501,1565,0,14
2024-01-25,SKU-10385,SUP-236,586,303,1859,0,14
2024-01-25,SKU-10386,SUP-233,1761,481,1553,0,11
2024-01-25,SKU-10387,SUP-220,2114,764,1471,0,9
2024-01-25,SKU-10388,SUP-216,2457,606,773,0,7
2024-01-25,SKU-10389,SUP-213,405,260,1654,0,3
2024-01-25,SKU-10390,SUP-242,860,579,846,0,12
2024-01-25,SKU-10391,SUP-245,1483,598,506,0,9
2024-01-25,SKU-10392,SUP-220,728,219,826,0,4
2024-01-25,SKU-10393,SUP-215,512,342,893,0,5
2024-01-25,SKU-10394,SUP-216,1419,611,853,0,5
2024-01-25,SKU-10395,SUP-225,111,523,1523,1523,3
2024-01-25,SKU-10396,SUP-208,1179,231,1388,0,5
2024-01-25,SKU-10397,SUP-242,1583,714,1295,0,4
2024-01-25,SKU-10398,SUP-241,669,605,1896,0,4
2024-01-25,SKU-10399,SUP-219,2223,420,646,0,5
2024-01-25,SKU-10400,SUP-229,1055,548,990,0,3
2024-01-25,SKU-10401,SUP-220,851,633,1646,0,3
2024-01-25,SKU-10402,SUP-248,621,679,1254,1254,9
2024-01-25,SKU-10403,SUP-204,2339,304,1287,0,11
2024-01-25,SKU-10404,SUP-200,1292,592,695,0,3
2024-01-25,SKU-10405,SUP-229,2058,417,652,0,7
2024-01-25,SKU-10406,SUP-239,568,369,809,0,5
2024-01-25,SKU-10407,SUP-236,1524,449,1902,0,6
2024-01-25,SKU-10408,SUP-206,2258,688,591,0,7
2024-01-25,SKU-10409,SUP-204,1316,547,1074,0,6
2024-01-25,SKU-10410,SUP-234,2474,411,987,0,4
2024-01-25,SKU-10411,SUP-213,349,750,962,962,4
2024-01-25,SKU-10412,SUP-232,1813,669,1676,0,11
2024-01-25,SKU-10413,SUP-216,2259,238,1771,0,4
2024-01-25,SKU-10414,SUP-208,1129,322,1094,0,7
2024-01-25,SKU-10415,SUP-222,723,435,670,0,6
2024-01-25,SKU-10416,SUP-204,970,220,789,0,11
2024-01-25,SKU-10417,SUP-215,906,485,1120,0,8
2024-01-25,SKU-10418,SUP-223,2402,331,838,0,4
2024-01-25,SKU-10419,SUP-218,2525,276,1104,0,13
2024-01-25,SKU-10420,SUP-210,527,542,831,831,8
2024-01-25,SKU-10421,SUP-228,978,580,1457,0,10
2024-01-25,SKU-10422,SUP-234,1995,728,1367,0,3
2024-01-25,SKU-10423,SUP-245,676,544,1756,0,11
2024-01-25,SKU-10424,SUP-219,1184,579,756,0,7
2024-01-25,SKU-10425,SUP-239,2481,358,1328,0,9
2024-01-25,SKU-10426,SUP-241,165,645,1548,1548,4
2024-01-25,SKU-10427,SUP-233,62,315,1672,1672,8
2024-01-25,SKU-10428,SUP-200,0,347,1137,1137,11
2024-01-25,SKU-10429,SUP-242,578,645,786,786,6
2024-01-25,SKU-10430,SUP-235,570,399,1284,0,6
2024-01-25,SKU-10431,SUP-219,1522,420,727,0,4
2024-01-25,SKU-10432,SUP-242,106,675,1467,1467,3
2024-01-25,SKU-10433,SUP-206,2214,322,784,0,8
2024-01-25,SKU-10434,SUP-208,2410,461,1994,0,14
2024-01-25,SKU-10435,SUP-216,293,646,1739,1739,7
2024-01-25,SKU-10436,SUP-207,2162,794,939,0,10
2024-01-25,SKU-10437,SUP-206,586,478,1658,0,8
2024-01-25,SKU-10438,SUP-247,1878,284,792,0,8
2024-01-25,SKU-10439,SUP-235,945,417,1117,0,11
2024-01-25,SKU-10440,SUP-209,1875,569,1070,0,14
2024-01-25,SKU-10441,SUP-217,612,474,1876,0,10
2024-01-25,SKU-10442,SUP-218,544,489,1265,0,13
2024-01-25,SKU-10443,SUP-238,1260,241,1510,0,10
2024-01-25,SKU-10444,SUP-213,202,542,1820,1820,10
2024-01-25,SKU-10445,SUP-245,2121,232,1551,0,3
2024-01-25,SKU-10446,SUP-221,2241,447,1901,0,8
2024-01-25,SKU-10447,SUP-213,727,412,1013,0,11
2024-01-25,SKU-10448,SUP-243,2480,438,1027,0,13
2024-01-25,SKU-10449,SUP-240,1832,497,1586,0,8
2024-01-25,SKU-10450,SUP-216,2359,562,1115,0,14
2024-01-25,SKU-10451,SUP-232,475,739,1413,1413,11
2024-01-25,SKU-10452,SUP-231,593,678,1045,1045,5
2024-01-25,SKU-10453,SUP-216,1461,648,1520,0,13
2024-01-25,SKU-10454,SUP-203,1312,336,761,0,9
2024-01-25,SKU-10455,SUP-205,2387,498,1633,0,3
2024-01-25,SKU-10456,SUP-240,1238,466,1277,0,14
2024-01-25,SKU-10457,SUP-227,114,594,1011,1011,3
2024-01-25,SKU-10458,SUP-217,254,373,843,843,9
2024-01-25,SKU-10459,SUP-202,1526,480,801,0,14
2024-01-25,SKU-10460,SUP-200,424,357,604,0,8
2024-01-25,SKU-10461,SUP-221,1696,384,1740,0,9
2024-01-25,SKU-10462,SUP-249,150,376,583,583,10
2024-01-25,SKU-10463,SUP-208,1883,773,1577,0,5
2024-01-25,SKU-10464,SUP-240,1371,470,736,0,7
2024-01-25,SKU-10465,SUP-216,2169,586,1926,0,8
2024-01-25,SKU-10466,SUP-210,1028,250,553,0,13
2024-01-25,SKU-10467,SUP-247,1422,312,926,0,4
2024-01-25,SKU-10468,SUP-228,1101,710,940,0,12
2024-01-25,SKU-10469,SUP-235,1389,680,727,0,7
2024-01-25,SKU-10470,SUP-245,2270,289,1289,0,10
2024-01-25,SKU-10471,SUP-227,336,535,1687,1687,9
2024-01-25,SKU-10472,SUP-235,530,702,1280,1280,13
2024-01-25,SKU-10473,SUP-200,1387,200,1883,0,5
2024-01-25,SKU-10474,SUP-207,1958,630,622,0,10
2024-01-25,SKU-10475,SUP-204,1053,763,1728,0,4
2024-01-25,SKU-10476,SUP-244,357,711,1471,1471,4
2024-01-25,SKU-10477,SUP-209,1639,228,1103,0,7
2024-01-25,SKU-10478,SUP-234,804,711,1512,0,13
2024-01-25,SKU-10479,SUP-202,631,756,1441,1441,12
2024-01-25,SKU-10480,SUP-223,2017,566,830,0,7
2024-01-25,SKU-10481,SUP-237,2352,777,1057,0,7
2024-01-25,SKU-10482,SUP-235,203,242,1346,1346,6
2024-01-25,SKU-10483,SUP-209,1203,718,1567,0,12
2024-01-25,SKU-10484,SUP-227,1145,320,996,0,3
2024-01-25,SKU-10485,SUP-208,1416,510,812,0,7
2024-01-25,SKU-10486,SUP-202,1634,377,616,0,6
2024-01-25,SKU-10487,SUP-219,1465,354,1094,0,8
2024-01-25,SKU-10488,SUP-223,1916,361,1190,0,6
2024-01-25,SKU-10489,SUP-202,92,293,1969,1969,11
2024-01-25,SKU-10490,SUP-222,2130,448,680,0,5
2024-01-25,SKU-10491,SUP-213,2394,480,1635,0,11
2024-01-25,SKU-10492,SUP-243,611,316,1550,0,9
2024-01-25,SKU-10493,SUP-215,399,729,658,658,6
2024-01-25,SKU-10494,SUP-242,1419,332,1448,0,3
2024-01-25,SKU-10495,SUP-206,1931,732,1180,0,9
2024-01-25,SKU-10496,SUP-222,697,480,1960,0,3
2024-01-25,SKU-10497,SUP-249,277,446,1615,1615,10
2024-01-25,SKU-10498,SUP-235,16,490,1769,1769,3
2024-01-25,SKU-10499,SUP-226,2363,513,638,0,4
2024-01-26,SKU-10000,SUP-240,1735,664,1489,0,3
2024-01-26,SKU-10001,SUP-207,2034,534,1573,0,13
2024-01-26,SKU-10002,SUP-201,1780,424,885,0,9
2024-01-26,SKU-10003,SUP-247,1373,536,1089,0,5
2024-01-26,SKU-10004,SUP-217,1083,686,608,0,14
2024-01-26,SKU-10005,SUP-215,949,308,1108,0,9
2024-01-26,SKU-10006,SUP-214,2218,489,644,0,3
2024-01-26,SKU-10007,SUP-208,1766,764,1498,0,11
2024-01-26,SKU-10008,SUP-247,110,630,598,598,14
2024-01-26,SKU-10009,SUP-206,2265,514,1746,0,3
2024-01-26,SKU-10010,SUP-243,699,679,1278,0,8
2024-01-26,SKU-10011,SUP-247,1690,525,1178,0,8
2024-01-26,SKU-10012,SUP-234,382,504,575,575,11
2024-01-26,SKU-10013,SUP-205,1916,714,1491,0,13
2024-01-26,SKU-10014,SUP-237,1145,429,1145,0,8
2024-01-26,SKU-10015,SUP-227,1975,480,967,0,4
2024-01-26,SKU-10016,SUP-202,2003,214,1193,0,4
2024-01-26,SKU-10017,SUP-201,813,506,1920,0,3
2024-01-26,SKU-10018,SUP-205,2269,472,1901,0,13
2024-01-26,SKU-10019,SUP-213,2368,586,1598,0,7
2024-01-26,SKU-10020,SUP-214,824,630,1294,0,6
2024-01-26,SKU-10021,SUP-232,1713,663,969,0,6
2024-01-26,SKU-10022,SUP-238,189,602,525,525,14
2024-01-26,SKU-10023,SUP-201,0,696,1933,1933,10
2024-01-26,SKU-10024,SUP-235,2442,476,595,0,9
2024-01-26,SKU-10025,SUP-212,1331,386,1341,0,8
2024-01-26,SKU-10026,SUP-245,1615,297,1966,0,3
2024-01-26,SKU-10027,SUP-241,948,419,1885,0,13
2024-01-26,SKU-10028,SUP-244,2318,737,1168,0,12
2024-01-26,SKU-10029,SUP-234,729,380,709,0,8
2024-01-26,SKU-10030,SUP-226,1309,528,1055,0,14
2024-01-26,SKU-10031,SUP-214,1166,447,1543,0,10
2024-01-26,SKU-10032,SUP-228,382,688,1723,1723,5
2024-01-26,SKU-10033,SUP-237,1356,216,538,0,11
2024-01-26,SKU-10034,SUP-217,1976,386,1249,0,4
2024-01-26,SKU-10035,SUP-200,2367,561,961,0,9
2024-01-26,SKU-10036,SUP-248,2346,201,1998,0,8
2024-01-26,SKU-10037,SUP-210,1758,506,1375,0,3
2024-01-26,SKU-10038,SUP-244,1242,579,1290,0,9
2024-01-26,SKU-10039,SUP-227,474,755,1071,1071,9
2024-01-26,SKU-10040,SUP-221,98,552,1621,1621,3
2024-01-26,SKU-10041,SUP-217,1906,593,949,0,3
2024-01-26,SKU-10042,SUP-209,557,309,793,0,9
2024-01-26,SKU-10043,SUP-213,1156,292,1180,0,14
2024-01-26,SKU-10044,SUP-248,1242,484,1586,0,9
2024-01-26,SKU-10045,SUP-221,1215,219,1871,0,4
2024-01-26,SKU-10046,SUP-206,1717,401,1412,0,5
2024-01-26,SKU-10047,SUP-205,573,227,965,0,14
2024-01-26,SKU-10048,SUP-224,1558,397,1732,0,7
2024-01-26,SKU-10049,SUP-206,1989,690,1932,0,8
2024-01-26,SKU-10050,SUP-222,1904,432,572,0,9
2024-01-26,SKU-10051,SUP-222,1339,358,982,0,10
2024-01-26,SKU-10052,SUP-238,1876,602,503,0,14
2024-01-26,SKU-10053,SUP-216,1565,305,621,0,13
2024-01-26,SKU-10054,SUP-202,2353,466,1764,0,7
2024-01-26,SKU-10055,SUP-246,940,756,1412,0,12
2024-01-26,SKU-10056,SUP-229,1729,306,1123,0,10
2024-01-26,SKU-10057,SUP-234,1744,313,1259,0,8
2024-01-26,SKU-10058,SUP-207,809,761,815,0,13
2024-01-26,SKU-10059,SUP-224,684,732,757,757,5
2024-01-26,SKU-10060,SUP-205,2044,209,1176,0,9
2024-01-26,SKU-10061,SUP-235,360,711,1840,1840,8
2024-01-26,SKU-10062,SUP-218,166,546,867,867,10
2024-01-26,SKU-10063,SUP-240,77,706,1997,1997,9
2024-01-26,SKU-10064,SUP-239,1901,539,650,0,13
2024-01-26,SKU-10065,SUP-223,105,591,1345,1345,8
2024-01-26,SKU-10066,SUP-236,530,402,509,0,14
2024-01-26,SKU-10067,SUP-212,1421,416,1815,0,6
2024-01-26,SKU-10068,SUP-245,1345,237,1087,0,9
2024-01-26,SKU-10069,SUP-204,2390,474,1673,0,11
2024-01-26,SKU-10070,SUP-202,811,458,1802,0,6
2024-01-26,SKU-10071,SUP-242,2034,525,1472,0,3
2024-01-26,SKU-10072,SUP-214,560,574,1145,1145,6
2024-01-26,SKU-10073,SUP-249,1614,324,1955,0,14
2024-01-26,SKU-10074,SUP-218,1745,269,1384,0,7
2024-01-26,SKU-10075,SUP-205,1743,413,1866,0,7
2024-01-26,SKU-10076,SUP-214,1968,241,1911,0,9
2024-01-26,SKU-10077,SUP-206,2165,253,916,0,10
2024-01-26,SKU-10078,SUP-224,250,422,607,607,14
2024-01-26,SKU-10079,SUP-217,566,706,1694,1694,13
2024-01-26,SKU-10080,SUP-229,1923,229,1642,0,14
2024-01-26,SKU-10081,SUP-240,1395,238,1469,0,4
2024-01-26,SKU-10082,SUP-223,282,727,885,885,13
2024-01-26,SKU-10083,SUP-210,2264,559,567,0,13
2024-01-26,SKU-10084,SUP-223,1616,736,1589,0,9
2024-01-26,SKU-10085,SUP-222,1032,221,1565,0,14
2024-01-26,SKU-10086,SUP-213,190,661,577,577,10
2024-01-26,SKU-10087,SUP-242,1731,256,838,0,4
2024-01-26,SKU-10088,SUP-217,1513,590,1865,0,6
2024-01-26,SKU-10089,SUP-244,1906,640,771,0,5
2024-01-26,SKU-10090,SUP-243,191,794,1055,1055,7
2024-01-26,SKU-10091,SUP-241,1664,698,1824,0,11
2024-01-26,SKU-10092,SUP-204,1671,227,1449,0,11
2024-01-26,SKU-10093,SUP-238,101,455,1320,1320,14
2024-01-26,SKU-10094,SUP-240,1286,569,1679,0,8
2024-01-26,SKU-10095,SUP-210,2240,604,1112,0,12
2024-01-26,SKU-10096,SUP-234,1601,480,1613,0,3
2024-01-26,SKU-10097,SUP-246,222,704,1291,1291,13
2024-01-26,SKU-10098,SUP-215,922,431,1972,0,14
2024-01-26,SKU-10099,SUP-210,2363,795,1369,0,6
2024-01-26,SKU-10100,SUP-229,1717,536,1753,0,12
2024-01-26,SKU-10101,SUP-224,2391,611,1129,0,7
2024-01-26,SKU-10102,SUP-217,2067,697,673,0,9
2024-01-26,SKU-10103,SUP-240,2197,377,526,0,3
2024-01-26,SKU-10104,SUP-244,289,335,887,887,13
2024-01-26,SKU-10105,SUP-235,102,614,1444,1444,11
2024-01-26,SKU-10106,SUP-214,767,357,897,0,5
2024-01-26,SKU-10107,SUP-243,1179,548,1283,0,12
2024-01-26,SKU-10108,SUP-220,1140,523,1342,0,13
2024-01-26,SKU-10109,SUP-249,1422,692,596,0,7
2024-01-26,SKU-10110,SUP-249,941,472,1850,0,5
2024-01-26,SKU-10111,SUP-203,2102,263,1970,0,7
2024-01-26,SKU-10112,SUP-214,1018,449,1593,0,11
2024-01-26,SKU-10113,SUP-202,509,755,1486,1486,13
2024-01-26,SKU-10114,SUP-220,347,687,1567,1567,8
2024-01-26,SKU-10115,SUP-225,1225,259,1781,0,3
2024-01-26,SKU-10116,SUP-217,1468,597,1173,0,8
2024-01-26,SKU-10117,SUP-204,618,748,637,637,11
2024-01-26,SKU-10118,SUP-213,705,280,802,0,4
2024-01-26,SKU-10119,SUP-236,2059,564,1514,0,3
2024-01-26,SKU-10120,SUP-245,1828,454,744,0,14
2024-01-26,SKU-10121,SUP-220,2171,487,1452,0,5
2024-01-26,SKU-10122,SUP-213,417,282,1765,0,14
2024-01-26,SKU-10123,SUP-241,1727,315,846,0,6
2024-01-26,SKU-10124,SUP-231,1367,645,1961,0,12
2024-01-26,SKU-10125,SUP-225,1714,358,1928,0,14
2024-01-26,SKU-10126,SUP-241,39,786,1245,1245,10
2024-01-26,SKU-10127,SUP-229,1943,481,1242,0,13
2024-01-26,SKU-10128,SUP-209,1228,537,1745,0,10
2024-01-26,SKU-10129,SUP-216,2245,558,909,0,7
2024-01-26,SKU-10130,SUP-208,465,344,1867,0,10
2024-01-26,SKU-10131,SUP-215,1347,327,1547,0,5
2024-01-26,SKU-10132,SUP-247,954,457,1160,0,10
2024-01-26,SKU-10133,SUP-235,940,234,927,0,5
2024-01-26,SKU-10134,SUP-234,274,230,724,0,3
2024-01-26,SKU-10135,SUP-216,173,513,1857,1857,6
2024-01-26,SKU-10136,SUP-247,1699,444,1480,0,3
2024-01-26,SKU-10137,SUP-237,838,627,1232,0,7
2024-01-26,SKU-10138,SUP-227,2154,397,1866,0,3
2024-01-26,SKU-10139,SUP-237,2011,729,1386,0,5
2024-01-26,SKU-10140,SUP-225,2377,494,1963,0,3
2024-01-26,SKU-10141,SUP-223,469,350,1824,0,11
2024-01-26,SKU-10142,SUP-214,1340,349,1244,0,13
2024-01-26,SKU-10143,SUP-208,1197,346,1102,0,9
2024-01-26,SKU-10144,SUP-232,2047,210,1784,0,6
2024-01-26,SKU-10145,SUP-231,126,610,1939,1939,11
2024-01-26,SKU-10146,SUP-205,1850,214,1116,0,4
2024-01-26,SKU-10147,SUP-248,453,671,661,661,4
2024-01-26,SKU-10148,SUP-203,1257,366,1819,0,14
2024-01-26,SKU-10149,SUP-207,2403,697,1965,0,12
2024-01-26,SKU-10150,SUP-209,292,563,1070,1070,12
2024-01-26,SKU-10151,SUP-240,1445,466,1445,0,12
2024-01-26,SKU-10152,SUP-210,1252,642,1012,0,11
2024-01-26,SKU-10153,SUP-243,2097,279,1185,0,9
2024-01-26,SKU-10154,SUP-227,1314,288,1470,0,12
2024-01-26,SKU-10155,SUP-238,1852,505,671,0,10
2024-01-26,SKU-10156,SUP-204,104,615,810,810,6
2024-01-26,SKU-10157,SUP-224,2262,323,737,0,14
2024-01-26,SKU-10158,SUP-224,2060,397,1062,0,4
2024-01-26,SKU-10159,SUP-238,2134,286,1598,0,3
2024-01-26,SKU-10160,SUP-229,1506,532,1244,0,14
2024-01-26,SKU-10161,SUP-233,247,243,1820,0,4
2024-01-26,SKU-10162,SUP-216,812,372,735,0,10
2024-01-26,SKU-10163,SUP-235,1455,389,1706,0,12
2024-01-26,SKU-10164,SUP-200,1927,746,1875,0,8
2024-01-26,SKU-10165,SUP-243,1619,362,722,0,11
2024-01-26,SKU-10166,SUP-246,118,508,1475,1475,6
2024-01-26,SKU-10167,SUP-207,2278,696,1824,0,3
2024-01-26,SKU-10168,SUP-243,30,271,1960,1960,4
2024-01-26,SKU-10169,SUP-234,90,505,1410,1410,12
2024-01-26,SKU-10170,SUP-248,1633,779,1658,0,4
2024-01-26,SKU-10171,SUP-217,1011,339,906,0,12
2024-01-26,SKU-10172,SUP-249,1544,404,794,0,8
2024-01-26,SKU-10173,SUP-241,2190,383,517,0,13
2024-01-26,SKU-10174,SUP-221,2272,741,1715,0,8
2024-01-26,SKU-10175,SUP-207,1031,201,1287,0,3
2024-01-26,SKU-10176,SUP-218,548,203,1761,0,10
2024-01-26,SKU-10177,SUP-227,1683,440,1308,0,12
2024-01-26,SKU-10178,SUP-210,847,261,1266,0,6
2024-01-26,SKU-10179,SUP-229,1010,612,1962,0,12
2024-01-26,SKU-10180,SUP-200,851,649,1909,0,7
2024-01-26,SKU-10181,SUP-246,2042,247,1650,0,10
2024-01-26,SKU-10182,SUP-246,2090,276,1206,0,11
2024-01-26,SKU-10183,SUP-216,101,599,556,556,13
2024-01-26,SKU-10184,SUP-232,460,450,841,0,9
2024-01-26,SKU-10185,SUP-248,333,332,928,0,4
2024-01-26,SKU-10186,SUP-211,1886,265,1506,0,6
2024-01-26,SKU-10187,SUP-232,2328,431,1686,0,3
2024-01-26,SKU-10188,SUP-206,1627,221,1228,0,9
2024-01-26,SKU-10189,SUP-240,1480,561,558,0,7
2024-01-26,SKU-10190,SUP-219,975,539,985,0,14
2024-01-26,SKU-10191,SUP-240,2326,697,620,0,8
2024-01-26,SKU-10192,SUP-232,1960,380,1244,0,4
2024-01-26,SKU-10193,SUP-238,1996,647,1403,0,11
2024-01-26,SKU-10194,SUP-212,1890,489,1399,0,7
2024-01-26,SKU-10195,SUP-209,2363,787,501,0,4
2024-01-26,SKU-10196,SUP-223,897,403,525,0,7
2024-01-26,SKU-10197,SUP-248,1805,473,516,0,12
2024-01-26,SKU-10198,SUP-210,2154,595,1550,0,14
2024-01-26,SKU-10199,SUP-234,220,648,1855,1855,10
2024-01-26,SKU-10200,SUP-249,1224,619,739,0,4
2024-01-26,SKU-10201,SUP-233,735,722,1070,0,5
2024-01-26,SKU-10202,SUP-200,653,312,904,0,4
2024-01-26,SKU-10203,SUP-238,1677,313,864,0,3
2024-01-26,SKU-10204,SUP-220,1097,251,799,0,6
2024-01-26,SKU-10205,SUP-231,1140,702,1518,0,14
2024-01-26,SKU-10206,SUP-201,687,702,1193,1193,5
2024-01-26,SKU-10207,SUP-207,1454,514,1965,0,9
2024-01-26,SKU-10208,SUP-223,1933,624,1294,0,12
2024-01-26,SKU-10209,SUP-219,1255,385,1291,0,5
2024-01-26,SKU-10210,SUP-215,714,792,1462,1462,8
2024-01-26,SKU-10211,SUP-203,1451,572,1014,0,14
2024-01-26,SKU-10212,SUP-215,1708,298,822,0,11
2024-01-26,SKU-10213,SUP-236,2060,616,654,0,5
2024-01-26,SKU-10214,SUP-205,98,659,1201,1201,7
2024-01-26,SKU-10215,SUP-205,1673,638,1036,0,11
2024-01-26,SKU-10216,SUP-246,1564,761,718,0,9
2024-01-26,SKU-10217,SUP-231,994,710,1242,0,4
2024-01-26,SKU-10218,SUP-204,2351,383,1814,0,14
2024-01-26,SKU-10219,SUP-248,256,446,515,515,5
2024-01-26,SKU-10220,SUP-234,1290,605,1545,0,12
2024-01-26,SKU-10221,SUP-249,155,383,1005,1005,13
2024-01-26,SKU-10222,SUP-208,1512,304,602,0,7
2024-01-26,SKU-10223,SUP-208,1413,246,803,0,9
2024-01-26,SKU-10224,SUP-242,395,425,619,619,10
2024-01-26,SKU-10225,SUP-230,1969,714,1517,0,4
2024-01-26,SKU-10226,SUP-235,925,521,795,0,5
2024-01-26,SKU-10227,SUP-210,1783,781,1435,0,12
2024-01-26,SKU-10228,SUP-216,1875,275,1027,0,8
2024-01-26,SKU-10229,SUP-233,42,266,754,754,11
2024-01-26,SKU-10230,SUP-238,2073,209,1898,0,13
2024-01-26,SKU-10231,SUP-227,2239,355,1550,0,11
2024-01-26,SKU-10232,SUP-213,1042,449,1410,0,12
2024-01-26,SKU-10233,SUP-234,1982,505,1594,0,5
2024-01-26,SKU-10234,SUP-248,1244,542,1630,0,14
2024-01-26,SKU-10235,SUP-246,565,697,1524,1524,8
2024-01-26,SKU-10236,SUP-244,402,684,1114,1114,3
2024-01-26,SKU-10237,SUP-212,1683,350,1914,0,10
2024-01-26,SKU-10238,SUP-245,74,665,603,603,5
2024-01-26,SKU-10239,SUP-219,2103,793,1347,0,11
2024-01-26,SKU-10240,SUP-225,1949,381,742,0,14
2024-01-26,SKU-10241,SUP-242,967,381,928,0,10
2024-01-26,SKU-10242,SUP-241,78,620,1726,1726,4
2024-01-26,SKU-10243,SUP-223,318,203,860,0,4
2024-01-26,SKU-10244,SUP-228,460,235,834,0,5
2024-01-26,SKU-10245,SUP-233,1971,523,1986,0,13
2024-01-26,SKU-10246,SUP-228,494,662,1836,1836,7
2024-01-26,SKU-10247,SUP-207,1978,254,1835,0,12
2024-01-26,SKU-10248,SUP-215,179,287,1403,1403,8
2024-01-26,SKU-10249,SUP-214,1890,659,1884,0,9
2024-01-26,SKU-10250,SUP-204,1815,741,1219,0,10
2024-01-26,SKU-10251,SUP-221,567,613,1655,1655,6
2024-01-26,SKU-10252,SUP-201,202,301,1294,1294,4
2024-01-26,SKU-10253,SUP-237,1202,299,1243,0,5
2024-01-26,SKU-10254,SUP-235,1953,766,1777,0,9
2024-01-26,SKU-10255,SUP-214,672,498,869,0,5
2024-01-26,SKU-10256,SUP-237,1838,344,579,0,9
2024-01-26,SKU-10257,SUP-214,2259,445,832,0,14
2024-01-26,SKU-10258,SUP-200,2383,207,1887,0,6
2024-01-26,SKU-10259,SUP-204,1383,217,889,0,4
2024-01-26,SKU-10260,SUP-245,1127,572,1948,0,5
2024-01-26,SKU-10261,SUP-240,0,492,1269,1269,5
2024-01-26,SKU-10262,SUP-203,343,494,1856,1856,8
2024-01-26,SKU-10263,SUP-214,1923,212,1793,0,11
2024-01-26,SKU-10264,SUP-204,1715,414,1827,0,12
2024-01-26,SKU-10265,SUP-202,968,504,1949,0,13
2024-01-26,SKU-10266,SUP-221,2215,611,719,0,9
2024-01-26,SKU-10267,SUP-204,1358,539,1913,0,12
2024-01-26,SKU-10268,SUP-232,124,346,1636,1636,3
2024-01-26,SKU-10269,SUP-215,301,565,1557,1557,14
2024-01-26,SKU-10270,SUP-217,1846,453,1650,0,4
2024-01-26,SKU-10271,SUP-242,996,371,898,0,13
2024-01-26,SKU-10272,SUP-231,1970,438,534,0,12
2024-01-26,SKU-10273,SUP-213,720,400,1756,0,6
2024-01-26,SKU-10274,SUP-234,1519,417,873,0,7
2024-01-26,SKU-10275,SUP-208,1414,331,1918,0,5
2024-01-26,SKU-10276,SUP-246,773,622,1151,0,14
2024-01-26,SKU-10277,SUP-236,772,573,1384,0,4
2024-01-26,SKU-10278,SUP-236,1877,715,1791,0,12
2024-01-26,SKU-10279,SUP-230,1138,507,1101,0,10
2024-01-26,SKU-10280,SUP-215,2347,690,1138,0,14
2024-01-26,SKU-10281,SUP-230,564,417,1531,0,9
2024-01-26,SKU-10282,SUP-226,1411,215,1719,0,12
2024-01-26,SKU-10283,SUP-212,2105,404,1327,0,6
2024-01-26,SKU-10284,SUP-206,125,697,1971,1971,8
2024-01-26,SKU-10285,SUP-206,466,350,1521,0,8
2024-01-26,SKU-10286,SUP-242,577,521,1295,0,12
2024-01-26,SKU-10287,SUP-227,1866,382,883,0,11
2024-01-26,SKU-10288,SUP-222,808,513,537,0,13
2024-01-26,SKU-10289,SUP-227,1127,587,1158,0,10
2024-01-26,SKU-10290,SUP-226,2105,695,1083,0,5
2024-01-26,SKU-10291,SUP-229,1811,267,1919,0,11
2024-01-26,SKU-10292,SUP-246,975,509,918,0,5
2024-01-26,SKU-10293,SUP-203,305,367,1413,1413,5
2024-01-26,SKU-10294,SUP-243,1042,210,856,0,13
2024-01-26,SKU-10295,SUP-241,1819,513,985,0,8
2024-01-26,SKU-10296,SUP-241,131,446,911,911,4
2024-01-26,SKU-10297,SUP-206,1312,459,1034,0,10
2024-01-26,SKU-10298,SUP-203,123,764,1941,1941,4
2024-01-26,SKU-10299,SUP-225,170,427,870,870,11
2024-01-26,SKU-10300,SUP-246,2338,751,1859,0,8
2024-01-26,SKU-10301,SUP-221,1257,368,1348,0,14
2024-01-26,SKU-10302,SUP-206,591,776,1029,1029,12
2024-01-26,SKU-10303,SUP-215,914,281,1120,0,9
2024-01-26,SKU-10304,SUP-212,1609,462,836,0,7
2024-01-26,SKU-10305,SUP-212,1048,477,1858,0,13
2024-01-26,SKU-10306,SUP-234,592,439,1418,0,6
2024-01-26,SKU-10307,SUP-228,1014,672,971,0,3
2024-01-26,SKU-10308,SUP-208,2276,607,1922,0,13
2024-01-26,SKU-10309,SUP-227,1408,248,1226,0,3
2024-01-26,SKU-10310,SUP-211,1770,273,536,0,12
2024-01-26,SKU-10311,SUP-217,1147,658,1490,0,12
2024-01-26,SKU-10312,SUP-229,1042,530,1351,0,10
2024-01-26,SKU-10313,SUP-215,866,270,1967,0,7
2024-01-26,SKU-10314,SUP-204,1278,556,1408,0,3
2024-01-26,SKU-10315,SUP-228,2299,250,1595,0,13
2024-01-26,SKU-10316,SUP-235,1390,342,1690,0,8
2024-01-26,SKU-10317,SUP-206,887,362,1810,0,12
2024-01-26,SKU-10318,SUP-203,1611,452,1205,0,11
2024-01-26,SKU-10319,SUP-241,212,705,1994,1994,3
2024-01-26,SKU-10320,SUP-234,550,704,1607,1607,12
2024-01-26,SKU-10321,SUP-200,1496,544,878,0,6
2024-01-26,SKU-10322,SUP-205,1013,276,1663,0,4
2024-01-26,SKU-10323,SUP-248,791,346,566,0,10
2024-01-26,SKU-10324,SUP-215,194,217,1023,1023,5
2024-01-26,SKU-10325,SUP-210,2153,706,822,0,7
2024-01-26,SKU-10326,SUP-226,318,728,1222,1222,5
2024-01-26,SKU-10327,SUP-231,28,635,1496,1496,5
2024-01-26,SKU-10328,SUP-230,731,276,1079,0,4
2024-01-26,SKU-10329,SUP-213,2135,662,876,0,4
2024-01-26,SKU-10330,SUP-225,418,775,654,654,9
2024-01-26,SKU-10331,SUP-203,1175,751,659,0,5
2024-01-26,SKU-10332,SUP-210,813,319,1837,0,14
2024-01-26,SKU-10333,SUP-224,1719,668,1905,0,5
2024-01-26,SKU-10334,SUP-200,1181,488,1011,0,4
2024-01-26,SKU-10335,SUP-224,2032,587,1065,0,4
2024-01-26,SKU-10336,SUP-216,845,400,1725,0,9
2024-01-26,SKU-10337,SUP-229,1804,292,1603,0,14
2024-01-26,SKU-10338,SUP-218,2159,282,1597,0,12
2024-01-26,SKU-10339,SUP-227,2009,383,1077,0,11
2024-01-26,SKU-10340,SUP-244,360,409,634,634,13
2024-01-26,SKU-10341,SUP-246,494,703,976,976,11
2024-01-26,SKU-10342,SUP-235,1115,488,1733,0,9
2024-01-26,SKU-10343,SUP-242,333,608,1019,1019,7
2024-01-26,SKU-10344,SUP-245,1814,483,1210,0,13
2024-01-26,SKU-10345,SUP-231,969,389,1154,0,8
2024-01-26,SKU-10346,SUP-209,1087,396,784,0,3
2024-01-26,SKU-10347,SUP-212,28,705,1290,1290,4
2024-01-26,SKU-10348,SUP-218,259,514,764,764,3
2024-01-26,SKU-10349,SUP-213,549,340,781,0,4
2024-01-26,SKU-10350,SUP-203,1893,531,902,0,11
2024-01-26,SKU-10351,SUP-237,1481,391,906,0,13
2024-01-26,SKU-10352,SUP-247,1363,234,1743,0,9
2024-01-26,SKU-10353,SUP-234,1358,251,516,0,8
2024-01-26,SKU-10354,SUP-203,1775,477,1193,0,6
2024-01-26,SKU-10355,SUP-247,193,792,526,526,8
2024-01-26,SKU-10356,SUP-220,2287,394,1152,0,3
2024-01-26,SKU-10357,SUP-203,318,247,1539,0,8
2024-01-26,SKU-10358,SUP-203,1658,213,1871,0,6
2024-01-26,SKU-10359,SUP-237,1325,740,1928,0,10
2024-01-26,SKU-10360,SUP-230,2173,251,1673,0,6
2024-01-26,SKU-10361,SUP-232,2252,688,1150,0,10
2024-01-26,SKU-10362,SUP-233,1677,323,1801,0,6
2024-01-26,SKU-10363,SUP-210,637,491,1665,0,7
2024-01-26,SKU-10364,SUP-203,1109,377,1608,0,8
2024-01-26,SKU-10365,SUP-232,1066,365,1035,0,4
2024-01-26,SKU-10366,SUP-205,1408,421,1357,0,10
2024-01-26,SKU-10367,SUP-211,483,613,1656,1656,6
2024-01-26,SKU-10368,SUP-204,1615,488,1872,0,14
2024-01-26,SKU-10369,SUP-238,1901,313,688,0,6
2024-01-26,SKU-10370,SUP-204,1308,475,1440,0,6
2024-01-26,SKU-10371,SUP-243,1055,745,1083,0,5
2024-01-26,SKU-10372,SUP-215,1444,246,529,0,13
2024-01-26,SKU-10373,SUP-225,358,483,558,558,12
2024-01-26,SKU-10374,SUP-207,1702,523,1547,0,4
2024-01-26,SKU-10375,SUP-236,1538,504,818,0,3
2024-01-26,SKU-10376,SUP-215,887,561,1261,0,9
2024-01-26,SKU-10377,SUP-237,1048,388,954,0,7
2024-01-26,SKU-10378,SUP-238,1107,399,1530,0,9
2024-01-26,SKU-10379,SUP-202,1950,739,1119,0,5
2024-01-26,SKU-10380,SUP-239,1058,787,1997,0,8
2024-01-26,SKU-10381,SUP-205,2295,702,1436,0,4
2024-01-26,SKU-10382,SUP-226,1644,381,1021,0,9
2024-01-26,SKU-10383,SUP-242,213,525,1990,1990,11
2024-01-26,SKU-10384,SUP-237,658,242,881,0,7
2024-01-26,SKU-10385,SUP-236,294,569,553,553,12
2024-01-26,SKU-10386,SUP-233,2225,358,1461,0,12
2024-01-26,SKU-10387,SUP-220,385,453,1825,1825,13
2024-01-26,SKU-10388,SUP-216,2191,620,1496,0,12
2024-01-26,SKU-10389,SUP-213,1761,268,1721,0,10
2024-01-26,SKU-10390,SUP-242,622,699,742,742,6
2024-01-26,SKU-10391,SUP-245,1534,301,659,0,8
2024-01-26,SKU-10392,SUP-220,1461,578,880,0,4
2024-01-26,SKU-10393,SUP-215,2133,503,1679,0,7
2024-01-26,SKU-10394,SUP-216,175,710,778,778,7
2024-01-26,SKU-10395,SUP-225,2287,322,1909,0,4
2024-01-26,SKU-10396,SUP-208,357,593,1102,1102,3
2024-01-26,SKU-10397,SUP-242,231,200,1667,0,12
2024-01-26,SKU-10398,SUP-241,929,275,1123,0,12
2024-01-26,SKU-10399,SUP-219,198,475,1288,1288,6
2024-01-26,SKU-10400,SUP-229,1321,546,766,0,4
2024-01-26,SKU-10401,SUP-220,958,514,1657,0,13
2024-01-26,SKU-10402,SUP-248,896,455,1457,0,4
2024-01-26,SKU-10403,SUP-204,859,757,1180,0,8
2024-01-26,SKU-10404,SUP-200,2240,247,1110,0,13
2024-01-26,SKU-10405,SUP-229,2242,355,1733,0,6
2024-01-26,SKU-10406,SUP-239,1515,561,871,0,9
2024-01-26,SKU-10407,SUP-236,1143,576,1251,0,11
2024-01-26,SKU-10408,SUP-206,1086,754,1557,0,4
2024-01-26,SKU-10409,SUP-204,15,235,1531,1531,3
2024-01-26,SKU-10410,SUP-234,2417,775,1072,0,5
2024-01-26,SKU-10411,SUP-213,824,432,1745,0,8
2024-01-26,SKU-10412,SUP-232,309,481,1643,1643,9
2024-01-26,SKU-10413,SUP-216,596,568,971,0,14
2024-01-26,SKU-10414,SUP-208,660,273,1378,0,3
2024-01-26,SKU-10415,SUP-222,752,737,1046,0,11
2024-01-26,SKU-10416,SUP-204,223,364,623,623,7
2024-01-26,SKU-10417,SUP-215,173,673,853,853,3
2024-01-26,SKU-10418,SUP-223,1813,560,1584,0,7
2024-01-26,SKU-10419,SUP-218,1952,495,1181,0,6
2024-01-26,SKU-10420,SUP-210,1589,498,1207,0,11
2024-01-26,SKU-10421,SUP-228,2225,516,1391,0,7
2024-01-26,SKU-10422,SUP-234,1453,679,1459,0,7
2024-01-26,SKU-10423,SUP-245,1365,242,1619,0,12
2024-01-26,SKU-10424,SUP-219,408,601,1994,1994,14
2024-01-26,SKU-10425,SUP-239,1984,468,1261,0,11
2024-01-26,SKU-10426,SUP-241,1512,454,1479,0,11
2024-01-26,SKU-10427,SUP-233,841,413,1291,0,14
2024-01-26,SKU-10428,SUP-200,484,256,1677,0,6
2024-01-26,SKU-10429,SUP-242,868,721,769,0,13
2024-01-26,SKU-10430,SUP-235,1363,611,1865,0,14
2024-01-26,SKU-10431,SUP-219,895,648,1750,0,14
2024-01-26,SKU-10432,SUP-242,873,626,1021,0,4
2024-01-26,SKU-10433,SUP-206,1783,306,1032,0,14
2024-01-26,SKU-10434,SUP-208,1944,414,1055,0,4
2024-01-26,SKU-10435,SUP-216,1486,627,1588,0,4
2024-01-26,SKU-10436,SUP-207,2162,420,926,0,11
2024-01-26,SKU-10437,SUP-206,1444,776,751,0,9
2024-01-26,SKU-10438,SUP-247,979,479,793,0,5
2024-01-26,SKU-10439,SUP-235,167,777,815,815,8
2024-01-26,SKU-10440,SUP-209,1433,223,1350,0,8
2024-01-26,SKU-10441,SUP-217,928,662,935,0,7
2024-01-26,SKU-10442,SUP-218,912,410,622,0,9
2024-01-26,SKU-10443,SUP-238,1697,475,743,0,12
2024-01-26,SKU-10444,SUP-213,127,574,932,932,5
2024-01-26,SKU-10445,SUP-245,148,628,1231,1231,8
2024-01-26,SKU-10446,SUP-221,662,402,1796,0,7
2024-01-26,SKU-10447,SUP-213,1868,661,609,0,14
2024-01-26,SKU-10448,SUP-243,30,622,740,740,13
2024-01-26,SKU-10449,SUP-240,2269,767,1178,0,12
2024-01-26,SKU-10450,SUP-216,1869,735,1985,0,6
2024-01-26,SKU-10451,SUP-232,1955,644,1644,0,12
2024-01-26,SKU-10452,SUP-231,1472,283,1413,0,14
2024-01-26,SKU-10453,SUP-216,1569,506,1968,0,5
2024-01-26,SKU-10454,SUP-203,248,580,1016,1016,7
2024-01-26,SKU-10455,SUP-205,1602,372,1955,0,14
2024-01-26,SKU-10456,SUP-240,2302,227,1256,0,11
2024-01-26,SKU-10457,SUP-227,1994,352,827,0,5
2024-01-26,SKU-10458,SUP-217,17,634,1862,1862,3
2024-01-26,SKU-10459,SUP-202,70,684,1211,1211,11
2024-01-26,SKU-10460,SUP-200,1241,594,837,0,5
2024-01-26,SKU-10461,SUP-221,989,370,600,0,14
2024-01-26,SKU-10462,SUP-249,311,777,1250,1250,7
2024-01-26,SKU-10463,SUP-208,1354,716,1608,0,3
2024-01-26,SKU-10464,SUP-240,1721,613,1621,0,14
2024-01-26,SKU-10465,SUP-216,1941,435,1732,0,11
2024-01-26,SKU-10466,SUP-210,1483,380,1096,0,8
2024-01-26,SKU-10467,SUP-247,2289,667,1464,0,8
2024-01-26,SKU-10468,SUP-228,2358,713,711,0,6
2024-01-26,SKU-10469,SUP-235,2224,439,1887,0,13
2024-01-26,SKU-10470,SUP-245,1422,549,1206,0,13
2024-01-26,SKU-10471,SUP-227,1629,426,1642,0,4
2024-01-26,SKU-10472,SUP-235,1018,533,1055,0,3
2024-01-26,SKU-10473,SUP-200,539,475,866,0,5
2024-01-26,SKU-10474,SUP-207,1650,717,1800,0,9
2024-01-26,SKU-10475,SUP-204,1637,269,1372,0,14
2024-01-26,SKU-10476,SUP-244,939,530,1780,0,12
2024-01-26,SKU-10477,SUP-209,2072,785,1378,0,5
2024-01-26,SKU-10478,SUP-234,2199,307,1130,0,13
2024-01-26,SKU-10479,SUP-202,116,353,846,846,11
2024-01-26,SKU-10480,SUP-223,1655,549,1978,0,4
2024-01-26,SKU-10481,SUP-237,1011,445,812,0,14
2024-01-26,SKU-10482,SUP-235,1506,717,755,0,12
2024-01-26,SKU-10483,SUP-209,682,705,708,708,9
2024-01-26,SKU-10484,SUP-227,1764,306,1147,0,8
2024-01-26,SKU-10485,SUP-208,1278,281,1191,0,11
2024-01-26,SKU-10486,SUP-202,242,229,1367,0,13
2024-01-26,SKU-10487,SUP-219,298,658,1538,1538,14
2024-01-26,SKU-10488,SUP-223,362,313,954,0,11
2024-01-26,SKU-10489,SUP-202,662,370,1952,0,8
2024-01-26,SKU-10490,SUP-222,1176,729,1439,0,8
2024-01-26,SKU-10491,SUP-213,182,284,1282,1282,11
2024-01-26,SKU-10492,SUP-243,951,213,1438,0,4
2024-01-26,SKU-10493,SUP-215,2009,430,1023,0,13
2024-01-26,SKU-10494,SUP-242,1495,310,1370,0,8
2024-01-26,SKU-10495,SUP-206,1590,521,1318,0,11
2024-01-26,SKU-10496,SUP-222,511,339,880,0,5
2024-01-26,SKU-10497,SUP-249,921,465,1878,0,11
2024-01-26,SKU-10498,SUP-235,993,398,1126,0,12
2024-01-26,SKU-10499,SUP-226,2199,769,831,0,10
2024-01-27,SKU-10000,SUP-240,1201,641,1779,0,12
2024-01-27,SKU-10001,SUP-207,1589,205,1404,0,6
2024-01-27,SKU-10002,SUP-201,1511,470,1237,0,4
2024-01-27,SKU-10003,SUP-247,754,712,754,0,3
2024-01-27,SKU-10004,SUP-217,1830,650,1929,0,12
2024-01-27,SKU-10005,SUP-215,474,287,1914,0,3
2024-01-27,SKU-10006,SUP-214,532,646,819,819,12
2024-01-27,SKU-10007,SUP-208,154,721,1299,1299,13
2024-01-27,SKU-10008,SUP-247,614,430,1776,0,10
2024-01-27,SKU-10009,SUP-206,475,592,1016,1016,9
2024-01-27,SKU-10010,SUP-243,400,418,1731,1731,10
2024-01-27,SKU-10011,SUP-247,801,488,1430,0,7
2024-01-27,SKU-10012,SUP-234,2223,527,1044,0,7
2024-01-27,SKU-10013,SUP-205,1248,531,578,0,3
2024-01-27,SKU-10014,SUP-237,1438,220,904,0,3
2024-01-27,SKU-10015,SUP-227,1340,619,527,0,11
2024-01-27,SKU-10016,SUP-202,1884,478,1598,0,4
2024-01-27,SKU-10017,SUP-201,263,761,1479,1479,8
2024-01-27,SKU-10018,SUP-205,205,313,1555,1555,9
2024-01-27,SKU-10019,SUP-213,2248,703,1333,0,5
2024-01-27,SKU-10020,SUP-214,1510,502,1641,0,5
2024-01-27,SKU-10021,SUP-232,1153,243,1697,0,13
2024-01-27,SKU-10022,SUP-238,143,501,1326,1326,4
2024-01-27,SKU-10023,SUP-201,349,503,1345,1345,5
2024-01-27,SKU-10024,SUP-235,1362,743,845,0,14
2024-01-27,SKU-10025,SUP-212,1232,341,603,0,9
2024-01-27,SKU-10026,SUP-245,117,736,1752,1752,10
2024-01-27,SKU-10027,SUP-241,496,407,1201,0,9
2024-01-27,SKU-10028,SUP-244,1222,604,680,0,8
2024-01-27,SKU-10029,SUP-234,562,355,1910,0,8
2024-01-27,SKU-10030,SUP-226,1829,397,703,0,14
2024-01-27,SKU-10031,SUP-214,1151,782,1103,0,12
2024-01-27,SKU-10032,SUP-228,2164,767,1078,0,6
2024-01-27,SKU-10033,SUP-237,1749,374,1426,0,3
2024-01-27,SKU-10034,SUP-217,1689,213,664,0,7
2024-01-27,SKU-10035,SUP-200,1193,445,1427,0,10
2024-01-27,SKU-10036,SUP-248,4,200,1487,1487,5
2024-01-27,SKU-10037,SUP-210,2276,665,994,0,5
2024-01-27,SKU-10038,SUP-244,2190,646,1207,0,4
2024-01-27,SKU-10039,SUP-227,546,597,890,890,10
2024-01-27,SKU-10040,SUP-221,0,242,1324,1324,8
2024-01-27,SKU-10041,SUP-217,383,506,1004,1004,5
2024-01-27,SKU-10042,SUP-209,721,693,1782,0,10
2024-01-27,SKU-10043,SUP-213,2168,310,1040,0,9
2024-01-27,SKU-10044,SUP-248,2174,594,1547,0,5
2024-01-27,SKU-10045,SUP-221,1378,440,1195,0,9
2024-01-27,SKU-10046,SUP-206,1932,293,1850,0,13
2024-01-27,SKU-10047,SUP-205,0,293,1109,1109,8
2024-01-27,SKU-10048,SUP-224,1478,260,1775,0,10
2024-01-27,SKU-10049,SUP-206,649,380,1671,0,8
2024-01-27,SKU-10050,SUP-222,1325,512,940,0,10
2024-01-27,SKU-10051,SUP-222,1013,354,1381,0,12
2024-01-27,SKU-10052,SUP-238,2268,600,813,0,5
2024-01-27,SKU-10053,SUP-216,532,505,1923,0,11
2024-01-27,SKU-10054,SUP-202,1469,410,595,0,3
2024-01-27,SKU-10055,SUP-246,1183,248,1744,0,8
2024-01-27,SKU-10056,SUP-229,867,214,1022,0,9
2024-01-27,SKU-10057,SUP-234,1137,384,587,0,5
2024-01-27,SKU-10058,SUP-207,296,472,690,690,8
2024-01-27,SKU-10059,SUP-224,1085,236,1238,0,8
2024-01-27,SKU-10060,SUP-205,999,334,510,0,12
2024-01-27,SKU-10061,SUP-235,230,619,1977,1977,6
2024-01-27,SKU-10062,SUP-218,473,348,1093,0,3
2024-01-27,SKU-10063,SUP-240,1968,721,1440,0,10
2024-01-27,SKU-10064,SUP-239,1620,497,869,0,11
2024-01-27,SKU-10065,SUP-223,675,610,747,0,4
2024-01-27,SKU-10066,SUP-236,877,649,1636,0,12
2024-01-27,SKU-10067,SUP-212,2015,668,865,0,8
2024-01-27,SKU-10068,SUP-245,2246,538,1699,0,10
2024-01-27,SKU-10069,SUP-204,1716,267,648,0,7
2024-01-27,SKU-10070,SUP-202,136,643,1707,1707,6
2024-01-27,SKU-10071,SUP-242,821,684,834,0,9
2024-01-27,SKU-10072,SUP-214,1347,718,1830,0,11
2024-01-27,SKU-10073,SUP-249,413,686,999,999,10
2024-01-27,SKU-10074,SUP-218,1741,276,545,0,7
2024-01-27,SKU-10075,SUP-205,2354,533,1235,0,9
2024-01-27,SKU-10076,SUP-214,614,688,1754,1754,4
2024-01-27,SKU-10077,SUP-206,502,631,1197,1197,4
2024-01-27,SKU-10078,SUP-224,854,491,1478,0,8
2024-01-27,SKU-10079,SUP-217,1109,511,990,0,14
2024-01-27,SKU-10080,SUP-229,830,681,1747,0,8
2024-01-27,SKU-10081,SUP-240,872,756,568,0,5
2024-01-27,SKU-10082,SUP-223,1716,345,574,0,5
2024-01-27,SKU-10083,SUP-210,359,286,1571,0,3
2024-01-27,SKU-10084,SUP-223,805,792,1542,0,14
2024-01-27,SKU-10085,SUP-222,2241,319,1858,0,9
2024-01-27,SKU-10086,SUP-213,406,269,933,0,5
2024-01-27,SKU-10087,SUP-242,1267,332,1745,0,5
2024-01-27,SKU-10088,SUP-217,1644,430,1167,0,3
2024-01-27,SKU-10089,SUP-244,84,628,1318,1318,9
2024-01-27,SKU-10090,SUP-243,865,739,1531,0,13
2024-01-27,SKU-10091,SUP-241,1904,692,1164,0,13
2024-01-27,SKU-10092,SUP-204,2321,424,929,0,8
2024-01-27,SKU-10093,SUP-238,1186,616,1896,0,6
2024-01-27,SKU-10094,SUP-240,276,449,1058,1058,4
2024-01-27,SKU-10095,SUP-210,1323,483,1243,0,7
2024-01-27,SKU-10096,SUP-234,2242,719,1240,0,4
2024-01-27,SKU-10097,SUP-246,2326,741,961,0,6
2024-01-27,SKU-10098,SUP-215,59,745,1701,1701,12
2024-01-27,SKU-10099,SUP-210,1613,611,1125,0,9
2024-01-27,SKU-10100,SUP-229,950,351,1254,0,6
2024-01-27,SKU-10101,SUP-224,2397,417,1877,0,3
2024-01-27,SKU-10102,SUP-217,936,449,928,0,6
2024-01-27,SKU-10103,SUP-240,1936,289,1918,0,9
2024-01-27,SKU-10104,SUP-244,1044,435,1600,0,12
2024-01-27,SKU-10105,SUP-235,30,660,1921,1921,14
2024-01-27,SKU-10106,SUP-214,146,251,661,661,12
2024-01-27,SKU-10107,SUP-243,885,493,745,0,6
2024-01-27,SKU-10108,SUP-220,965,367,1928,0,11
2024-01-27,SKU-10109,SUP-249,2192,215,705,0,4
2024-01-27,SKU-10110,SUP-249,2255,498,518,0,5
2024-01-27,SKU-10111,SUP-203,1795,242,803,0,10
2024-01-27,SKU-10112,SUP-214,467,328,1798,0,3
2024-01-27,SKU-10113,SUP-202,289,415,1882,1882,6
2024-01-27,SKU-10114,SUP-220,1268,306,982,0,10
2024-01-27,SKU-10115,SUP-225,811,680,577,0,9
2024-01-27,SKU-10116,SUP-217,365,712,824,824,8
2024-01-27,SKU-10117,SUP-204,1441,686,869,0,8
2024-01-27,SKU-10118,SUP-213,272,708,853,853,9
2024-01-27,SKU-10119,SUP-236,955,205,1840,0,4
2024-01-27,SKU-10120,SUP-245,1726,603,1052,0,12
2024-01-27,SKU-10121,SUP-220,1938,554,1833,0,8
2024-01-27,SKU-10122,SUP-213,170,349,1978,1978,7
2024-01-27,SKU-10123,SUP-241,1155,756,873,0,10
2024-01-27,SKU-10124,SUP-231,1884,581,1959,0,9
2024-01-27,SKU-10125,SUP-225,178,755,1836,1836,11
2024-01-27,SKU-10126,SUP-241,1420,356,1975,0,5
2024-01-27,SKU-10127,SUP-229,102,522,844,844,3
2024-01-27,SKU-10128,SUP-209,1592,740,1882,0,4
2024-01-27,SKU-10129,SUP-216,2069,331,1104,0,8
2024-01-27,SKU-10130,SUP-208,1210,503,1000,0,6
2024-01-27,SKU-10131,SUP-215,1765,538,518,0,14
2024-01-27,SKU-10132,SUP-247,2014,266,1222,0,8
2024-01-27,SKU-10133,SUP-235,130,580,1018,1018,6
2024-01-27,SKU-10134,SUP-234,779,549,624,0,11
2024-01-27,SKU-10135,SUP-216,612,237,747,0,9
2024-01-27,SKU-10136,SUP-247,1558,340,596,0,4
2024-01-27,SKU-10137,SUP-237,1673,726,1307,0,9
2024-01-27,SKU-10138,SUP-227,1919,504,928,0,11
2024-01-27,SKU-10139,SUP-237,1106,500,635,0,10
2024-01-27,SKU-10140,SUP-225,178,537,858,858,12
2024-01-27,SKU-10141,SUP-223,1852,547,630,0,5
2024-01-27,SKU-10142,SUP-214,250,533,1309,1309,11
2024-01-27,SKU-10143,SUP-208,1330,203,934,0,10
2024-01-27,SKU-10144,SUP-232,1309,593,1687,0,12
2024-01-27,SKU-10145,SUP-231,759,247,1100,0,14
2024-01-27,SKU-10146,SUP-205,2404,351,1159,0,12
2024-01-27,SKU-10147,SUP-248,830,398,582,0,8
2024-01-27,SKU-10148,SUP-203,1518,342,1776,0,3
2024-01-27,SKU-10149,SUP-207,740,428,1518,0,7
2024-01-27,SKU-10150,SUP-209,980,713,1809,0,3
2024-01-27,SKU-10151,SUP-240,2060,232,1276,0,13
2024-01-27,SKU-10152,SUP-210,1138,253,830,0,3
2024-01-27,SKU-10153,SUP-243,477,694,779,779,8
2024-01-27,SKU-10154,SUP-227,500,317,979,0,14
2024-01-27,SKU-10155,SUP-238,1182,634,1640,0,10
2024-01-27,SKU-10156,SUP-204,487,286,1710,0,6
2024-01-27,SKU-10157,SUP-224,1087,281,931,0,4
2024-01-27,SKU-10158,SUP-224,391,252,1046,0,3
2024-01-27,SKU-10159,SUP-238,547,250,1884,0,5
2024-01-27,SKU-10160,SUP-229,1739,726,1155,0,5
2024-01-27,SKU-10161,SUP-233,876,368,1484,0,5
2024-01-27,SKU-10162,SUP-216,97,790,1547,1547,6
2024-01-27,SKU-10163,SUP-235,1869,413,1818,0,10
2024-01-27,SKU-10164,SUP-200,2219,792,1720,0,11
2024-01-27,SKU-10165,SUP-243,671,364,935,0,4
2024-01-27,SKU-10166,SUP-246,1447,676,1223,0,3
2024-01-27,SKU-10167,SUP-207,897,622,816,0,14
2024-01-27,SKU-10168,SUP-243,1472,746,1358,0,12
2024-01-27,SKU-10169,SUP-234,1407,484,1678,0,8
2024-01-27,SKU-10170,SUP-248,2341,493,558,0,4
2024-01-27,SKU-10171,SUP-217,2053,496,1725,0,5
2024-01-27,SKU-10172,SUP-249,1407,491,1347,0,3
2024-01-27,SKU-10173,SUP-241,1520,796,718,0,7
2024-01-27,SKU-10174,SUP-221,1566,489,1063,0,8
2024-01-27,SKU-10175,SUP-207,1997,256,1560,0,12
2024-01-27,SKU-10176,SUP-218,419,325,1986,0,3
2024-01-27,SKU-10177,SUP-227,1613,251,1867,0,7
2024-01-27,SKU-10178,SUP-210,1594,613,815,0,4
2024-01-27,SKU-10179,SUP-229,1583,467,1445,0,13
2024-01-27,SKU-10180,SUP-200,357,239,1229,0,14
2024-01-27,SKU-10181,SUP-246,1875,555,654,0,6
2024-01-27,SKU-10182,SUP-246,1380,390,1600,0,9
2024-01-27,SKU-10183,SUP-216,563,680,1170,1170,13
2024-01-27,SKU-10184,SUP-232,332,266,1621,0,4
2024-01-27,SKU-10185,SUP-248,2064,421,1946,0,7
2024-01-27,SKU-10186,SUP-211,1174,539,611,0,12
2024-01-27,SKU-10187,SUP-232,304,285,860,0,6
2024-01-27,SKU-10188,SUP-206,381,230,1883,0,6
2024-01-27,SKU-10189,SUP-240,181,419,1795,1795,10
2024-01-27,SKU-10190,SUP-219,257,724,1071,1071,14
2024-01-27,SKU-10191,SUP-240,669,563,1811,0,8
2024-01-27,SKU-10192,SUP-232,1837,308,1424,0,4
2024-01-27,SKU-10193,SUP-238,1671,539,1654,0,13
2024-01-27,SKU-10194,SUP-212,1299,359,1309,0,11
2024-01-27,SKU-10195,SUP-209,1960,567,1486,0,10
2024-01-27,SKU-10196,SUP-223,1552,413,1681,0,6
2024-01-27,SKU-10197,SUP-248,251,329,1885,1885,14
2024-01-27,SKU-10198,SUP-210,1873,504,545,0,10
2024-01-27,SKU-10199,SUP-234,2270,708,501,0,8
2024-01-27,SKU-10200,SUP-249,1530,452,1995,0,14
2024-01-27,SKU-10201,SUP-233,7,214,1688,1688,8
2024-01-27,SKU-10202,SUP-200,1208,674,1191,0,14
2024-01-27,SKU-10203,SUP-238,508,609,1484,1484,7
2024-01-27,SKU-10204,SUP-220,501,636,704,704,14
2024-01-27,SKU-10205,SUP-231,387,484,1336,1336,10
2024-01-27,SKU-10206,SUP-201,1955,613,1276,0,9
2024-01-27,SKU-10207,SUP-207,2033,589,697,0,8
2024-01-27,SKU-10208,SUP-223,1621,656,1977,0,9
2024-01-27,SKU-10209,SUP-219,1617,343,629,0,6
2024-01-27,SKU-10210,SUP-215,1231,213,1473,0,3
2024-01-27,SKU-10211,SUP-203,1484,622,1852,0,6
2024-01-27,SKU-10212,SUP-215,1237,284,1368,0,4
2024-01-27,SKU-10213,SUP-236,151,320,1980,1980,11
2024-01-27,SKU-10214,SUP-205,269,403,1328,1328,6
2024-01-27,SKU-10215,SUP-205,1508,344,900,0,3
2024-01-27,SKU-10216,SUP-246,596,682,599,599,13
2024-01-27,SKU-10217,SUP-231,2213,466,1005,0,11
2024-01-27,SKU-10218,SUP-204,1846,586,1985,0,10
2024-01-27,SKU-10219,SUP-248,468,779,672,672,4
2024-01-27,SKU-10220,SUP-234,913,697,1643,0,8
2024-01-27,SKU-10221,SUP-249,118,418,682,682,6
2024-01-27,SKU-10222,SUP-208,417,642,1549,1549,12
2024-01-27,SKU-10223,SUP-208,1727,584,1964,0,4
2024-01-27,SKU-10224,SUP-242,630,374,778,0,13
2024-01-27,SKU-10225,SUP-230,149,583,804,804,10
2024-01-27,SKU-10226,SUP-235,780,230,624,0,6
2024-01-27,SKU-10227,SUP-210,1108,726,840,0,9
2024-01-27,SKU-10228,SUP-216,1141,519,1552,0,8
2024-01-27,SKU-10229,SUP-233,363,615,1456,1456,5
2024-01-27,SKU-10230,SUP-238,1726,782,1382,0,10
2024-01-27,SKU-10231,SUP-227,736,421,1433,0,10
2024-01-27,SKU-10232,SUP-213,187,487,1388,1388,12
2024-01-27,SKU-10233,SUP-234,113,317,717,717,11
2024-01-27,SKU-10234,SUP-248,2210,481,1821,0,12
2024-01-27,SKU-10235,SUP-246,2195,516,1826,0,12
2024-01-27,SKU-10236,SUP-244,607,483,950,0,12
2024-01-27,SKU-10237,SUP-212,359,456,1861,1861,6
2024-01-27,SKU-10238,SUP-245,1363,603,818,0,5
2024-01-27,SKU-10239,SUP-219,609,256,1900,0,10
2024-01-27,SKU-10240,SUP-225,1939,525,1625,0,8
2024-01-27,SKU-10241,SUP-242,2336,679,964,0,3
2024-01-27,SKU-10242,SUP-241,1257,769,1980,0,6
2024-01-27,SKU-10243,SUP-223,2074,720,1646,0,10
2024-01-27,SKU-10244,SUP-228,863,319,1975,0,8
2024-01-27,SKU-10245,SUP-233,1016,695,716,0,4
2024-01-27,SKU-10246,SUP-228,548,373,773,0,6
2024-01-27,SKU-10247,SUP-207,2235,258,918,0,8
2024-01-27,SKU-10248,SUP-215,769,264,1922,0,14
2024-01-27,SKU-10249,SUP-214,271,396,742,742,13
2024-01-27,SKU-10250,SUP-204,683,671,650,0,14
2024-01-27,SKU-10251,SUP-221,1129,616,1823,0,11
2024-01-27,SKU-10252,SUP-201,2015,626,1975,0,12
2024-01-27,SKU-10253,SUP-237,1729,231,821,0,14
2024-01-27,SKU-10254,SUP-235,1399,267,1746,0,8
2024-01-27,SKU-10255,SUP-214,1166,409,1169,0,13
2024-01-27,SKU-10256,SUP-237,447,765,1302,1302,6
2024-01-27,SKU-10257,SUP-214,1271,287,606,0,10
2024-01-27,SKU-10258,SUP-200,168,791,1363,1363,3
2024-01-27,SKU-10259,SUP-204,723,736,1467,1467,13
2024-01-27,SKU-10260,SUP-245,459,403,810,0,11
2024-01-27,SKU-10261,SUP-240,1464,622,719,0,10
2024-01-27,SKU-10262,SUP-203,255,452,712,712,12
2024-01-27,SKU-10263,SUP-214,772,730,947,0,6
2024-01-27,SKU-10264,SUP-204,1030,555,838,0,8
2024-01-27,SKU-10265,SUP-202,715,532,698,0,9
2024-01-27,SKU-10266,SUP-221,1811,539,1135,0,5
2024-01-27,SKU-10267,SUP-204,699,345,1277,0,4
2024-01-27,SKU-10268,SUP-232,2096,598,875,0,9
2024-01-27,SKU-10269,SUP-215,854,482,1529,0,10
2024-01-27,SKU-10270,SUP-217,2088,645,1593,0,12
2024-01-27,SKU-10271,SUP-242,1645,683,1309,0,14
2024-01-27,SKU-10272,SUP-231,1795,588,1218,0,3
2024-01-27,SKU-10273,SUP-213,1816,223,1372,0,8
2024-01-27,SKU-10274,SUP-234,1874,668,1672,0,6
2024-01-27,SKU-10275,SUP-208,2281,591,747,0,11
2024-01-27,SKU-10276,SUP-246,945,684,905,0,9
2024-01-27,SKU-10277,SUP-236,788,763,866,0,9
2024-01-27,SKU-10278,SUP-236,0,549,1125,1125,4
2024-01-27,SKU-10279,SUP-230,1666,469,1398,0,11
2024-01-27,SKU-10280,SUP-215,1144,576,886,0,4
2024-01-27,SKU-10281,SUP-230,2035,476,1671,0,14
2024-01-27,SKU-10282,SUP-226,1477,755,1637,0,13
2024-01-27,SKU-10283,SUP-212,1392,700,670,0,11
2024-01-27,SKU-10284,SUP-206,998,647,1953,0,11
2024-01-27,SKU-10285,SUP-206,1077,213,1671,0,5
2024-01-27,SKU-10286,SUP-242,276,587,556,556,4
2024-01-27,SKU-10287,SUP-227,1908,286,904,0,7
2024-01-27,SKU-10288,SUP-222,1303,251,708,0,8
2024-01-27,SKU-10289,SUP-227,1740,773,1045,0,6
2024-01-27,SKU-10290,SUP-226,2150,243,832,0,9
2024-01-27,SKU-10291,SUP-229,2125,737,867,0,7
2024-01-27,SKU-10292,SUP-246,1912,479,1384,0,12
2024-01-27,SKU-10293,SUP-203,374,633,699,699,9
2024-01-27,SKU-10294,SUP-243,123,538,1943,1943,9
2024-01-27,SKU-10295,SUP-241,2317,253,663,0,4
2024-01-27,SKU-10296,SUP-241,1730,621,1076,0,8
2024-01-27,SKU-10297,SUP-206,1037,439,1005,0,3
2024-01-27,SKU-10298,SUP-203,1282,228,933,0,12
2024-01-27,SKU-10299,SUP-225,435,665,1065,1065,10
2024-01-27,SKU-10300,SUP-246,2024,550,1848,0,14
2024-01-27,SKU-10301,SUP-221,1463,682,808,0,5
2024-01-27,SKU-10302,SUP-206,1827,345,665,0,8
2024-01-27,SKU-10303,SUP-215,985,594,1776,0,7
2024-01-27,SKU-10304,SUP-212,1191,294,1450,0,11
2024-01-27,SKU-10305,SUP-212,2262,632,1153,0,9
2024-01-27,SKU-10306,SUP-234,1380,532,1111,0,14
2024-01-27,SKU-10307,SUP-228,1963,673,1207,0,11
2024-01-27,SKU-10308,SUP-208,339,654,787,787,7
2024-01-27,SKU-10309,SUP-227,320,607,1396,1396,13
2024-01-27,SKU-10310,SUP-211,906,291,1427,0,14
2024-01-27,SKU-10311,SUP-217,66,454,1545,1545,12
2024-01-27,SKU-10312,SUP-229,955,585,1400,0,14
2024-01-27,SKU-10313,SUP-215,1585,790,1984,0,3
2024-01-27,SKU-10314,SUP-204,1551,507,1856,0,7
2024-01-27,SKU-10315,SUP-228,1800,607,1215,0,6
2024-01-27,SKU-10316,SUP-235,853,444,1832,0,3
2024-01-27,SKU-10317,SUP-206,1164,438,1758,0,4
2024-01-27,SKU-10318,SUP-203,907,619,1985,0,8
2024-01-27,SKU-10319,SUP-241,1839,675,1111,0,6
2024-01-27,SKU-10320,SUP-234,1153,426,654,0,5
2024-01-27,SKU-10321,SUP-200,645,688,1779,1779,10
2024-01-27,SKU-10322,SUP-205,2331,294,1762,0,13
2024-01-27,SKU-10323,SUP-248,1885,323,1318,0,14
2024-01-27,SKU-10324,SUP-215,493,343,1651,0,14
2024-01-27,SKU-10325,SUP-210,2308,771,1348,0,14
2024-01-27,SKU-10326,SUP-226,2321,271,1121,0,4
2024-01-27,SKU-10327,SUP-231,1024,638,658,0,5
2024-01-27,SKU-10328,SUP-230,1562,716,1413,0,4
2024-01-27,SKU-10329,SUP-213,2234,283,1636,0,9
2024-01-27,SKU-10330,SUP-225,509,303,1703,0,3
2024-01-27,SKU-10331,SUP-203,1201,551,1468,0,9
2024-01-27,SKU-10332,SUP-210,313,463,949,949,7
2024-01-27,SKU-10333,SUP-224,1346,388,564,0,9
2024-01-27,SKU-10334,SUP-200,1973,552,1444,0,6
2024-01-27,SKU-10335,SUP-224,755,335,1837,0,5
2024-01-27,SKU-10336,SUP-216,2224,509,1961,0,11
2024-01-27,SKU-10337,SUP-229,97,565,1604,1604,13
2024-01-27,SKU-10338,SUP-218,1016,671,1938,0,3
2024-01-27,SKU-10339,SUP-227,323,321,846,0,11
2024-01-27,SKU-10340,SUP-244,0,576,1711,1711,5
2024-01-27,SKU-10341,SUP-246,72,508,858,858,9
2024-01-27,SKU-10342,SUP-235,2118,717,1498,0,4
2024-01-27,SKU-10343,SUP-242,2111,750,1830,0,5
2024-01-27,SKU-10344,SUP-245,478,361,1100,0,9
2024-01-27,SKU-10345,SUP-231,1265,442,529,0,10
2024-01-27,SKU-10346,SUP-209,409,570,1601,1601,10
2024-01-27,SKU-10347,SUP-212,1426,713,1890,0,9
2024-01-27,SKU-10348,SUP-218,103,216,530,530,3
2024-01-27,SKU-10349,SUP-213,944,591,1616,0,11
2024-01-27,SKU-10350,SUP-203,1566,223,946,0,10
2024-01-27,SKU-10351,SUP-237,2346,488,1537,0,8
2024-01-27,SKU-10352,SUP-247,1746,560,583,0,3
2024-01-27,SKU-10353,SUP-234,908,505,1999,0,13
2024-01-27,SKU-10354,SUP-203,1423,399,834,0,8
2024-01-27,SKU-10355,SUP-247,117,371,1477,1477,14
2024-01-27,SKU-10356,SUP-220,1020,224,975,0,12
2024-01-27,SKU-10357,SUP-203,491,663,936,936,10
2024-01-27,SKU-10358,SUP-203,1706,253,1994,0,9
2024-01-27,SKU-10359,SUP-237,857,210,1906,0,12
2024-01-27,SKU-10360,SUP-230,434,253,746,0,7
2024-01-27,SKU-10361,SUP-232,1187,604,1005,0,7
2024-01-27,SKU-10362,SUP-233,1926,573,1727,0,11
2024-01-27,SKU-10363,SUP-210,1955,508,753,0,5
2024-01-27,SKU-10364,SUP-203,1660,549,1623,0,11
2024-01-27,SKU-10365,SUP-232,1963,528,539,0,4
2024-01-27,SKU-10366,SUP-205,604,379,1161,0,3
2024-01-27,SKU-10367,SUP-211,623,408,1770,0,9
2024-01-27,SKU-10368,SUP-204,2221,548,1018,0,13
2024-01-27,SKU-10369,SUP-238,361,617,1300,1300,10
2024-01-27,SKU-10370,SUP-204,1595,565,880,0,6
2024-01-27,SKU-10371,SUP-243,772,690,692,0,3
2024-01-27,SKU-10372,SUP-215,708,772,628,628,8
2024-01-27,SKU-10373,SUP-225,1700,394,1350,0,14
2024-01-27,SKU-10374,SUP-207,1965,629,734,0,10
2024-01-27,SKU-10375,SUP-236,2094,281,817,0,6
2024-01-27,SKU-10376,SUP-215,298,555,1975,1975,10
2024-01-27,SKU-10377,SUP-237,227,538,1977,1977,13
2024-01-27,SKU-10378,SUP-238,2062,406,1624,0,9
2024-01-27,SKU-10379,SUP-202,1250,717,1236,0,7
2024-01-27,SKU-10380,SUP-239,135,355,1035,1035,5
2024-01-27,SKU-10381,SUP-205,2155,390,865,0,4
2024-01-27,SKU-10382,SUP-226,990,236,796,0,3
2024-01-27,SKU-10383,SUP-242,1649,420,1237,0,11
2024-01-27,SKU-10384,SUP-237,709,685,898,0,7
2024-01-27,SKU-10385,SUP-236,943,630,1413,0,9
2024-01-27,SKU-10386,SUP-233,785,368,1201,0,3
2024-01-27,SKU-10387,SUP-220,928,257,1157,0,3
2024-01-27,SKU-10388,SUP-216,1757,244,689,0,12
2024-01-27,SKU-10389,SUP-213,1982,493,1271,0,5
2024-01-27,SKU-10390,SUP-242,2060,234,880,0,6
2024-01-27,SKU-10391,SUP-245,1783,765,1297,0,11
2024-01-27,SKU-10392,SUP-220,632,756,1802,1802,14
2024-01-27,SKU-10393,SUP-215,581,242,1479,0,4
2024-01-27,SKU-10394,SUP-216,2259,636,1458,0,7
2024-01-27,SKU-10395,SUP-225,1415,597,1648,0,3
2024-01-27,SKU-10396,SUP-208,615,346,1983,0,13
2024-01-27,SKU-10397,SUP-242,228,547,1874,1874,6
2024-01-27,SKU-10398,SUP-241,1835,420,1888,0,9
2024-01-27,SKU-10399,SUP-219,2310,448,1993,0,3
2024-01-27,SKU-10400,SUP-229,2202,372,644,0,12
2024-01-27,SKU-10401,SUP-220,2117,347,1205,0,11
2024-01-27,SKU-10402,SUP-248,1517,665,1652,0,13
2024-01-27,SKU-10403,SUP-204,830,274,715,0,9
2024-01-27,SKU-10404,SUP-200,1836,382,1411,0,11
2024-01-27,SKU-10405,SUP-229,997,646,571,0,8
2024-01-27,SKU-10406,SUP-239,794,695,1476,0,13
2024-01-27,SKU-10407,SUP-236,287,394,1549,1549,5
2024-01-27,SKU-10408,SUP-206,1831,452,1951,0,8
2024-01-27,SKU-10409,SUP-204,1025,383,1847,0,8
2024-01-27,SKU-10410,SUP-234,388,685,694,694,13
2024-01-27,SKU-10411,SUP-213,844,768,1578,0,4
2024-01-27,SKU-10412,SUP-232,297,340,588,588,13
2024-01-27,SKU-10413,SUP-216,818,504,1688,0,11
2024-01-27,SKU-10414,SUP-208,1166,730,783,0,14
2024-01-27,SKU-10415,SUP-222,315,644,1900,1900,14
2024-01-27,SKU-10416,SUP-204,2332,583,1951,0,11
2024-01-27,SKU-10417,SUP-215,2204,571,808,0,9
2024-01-27,SKU-10418,SUP-223,22,401,1810,1810,5
2024-01-27,SKU-10419,SUP-218,1556,232,517,0,10
2024-01-27,SKU-10420,SUP-210,503,407,660,0,4
2024-01-27,SKU-10421,SUP-228,284,251,551,0,13
2024-01-27,SKU-10422,SUP-234,2144,644,630,0,6
2024-01-27,SKU-10423,SUP-245,194,325,1011,1011,4
2024-01-27,SKU-10424,SUP-219,2271,583,687,0,6
2024-01-27,SKU-10425,SUP-239,732,726,1434,0,8
2024-01-27,SKU-10426,SUP-241,1407,773,773,0,13
2024-01-27,SKU-10427,SUP-233,1772,493,633,0,6
2024-01-27,SKU-10428,SUP-200,2334,360,1569,0,4
2024-01-27,SKU-10429,SUP-242,1156,284,1600,0,12
2024-01-27,SKU-10430,SUP-235,2112,490,838,0,11
2024-01-27,SKU-10431,SUP-219,1727,751,1896,0,14
2024-01-27,SKU-10432,SUP-242,168,422,1512,1512,9
2024-01-27,SKU-10433,SUP-206,741,421,896,0,5
2024-01-27,SKU-10434,SUP-208,1275,575,1926,0,14
2024-01-27,SKU-10435,SUP-216,539,375,1083,0,7
2024-01-27,SKU-10436,SUP-207,469,718,1317,1317,7
2024-01-27,SKU-10437,SUP-206,1162,591,1555,0,9
2024-01-27,SKU-10438,SUP-247,697,488,1037,0,8
2024-01-27,SKU-10439,SUP-235,343,533,1733,1733,12
2024-01-27,SKU-10440,SUP-209,360,344,1052,0,14
2024-01-27,SKU-10441,SUP-217,587,348,1960,0,4
2024-01-27,SKU-10442,SUP-218,1140,398,919,0,12
2024-01-27,SKU-10443,SUP-238,35,293,1376,1376,10
2024-01-27,SKU-10444,SUP-213,308,517,771,771,10
2024-01-27,SKU-10445,SUP-245,1984,439,942,0,3
2024-01-27,SKU-10446,SUP-221,826,540,1375,0,4
2024-01-27,SKU-10447,SUP-213,1091,488,1293,0,6
2024-01-27,SKU-10448,SUP-243,508,782,1047,1047,4
2024-01-27,SKU-10449,SUP-240,186,697,1548,1548,7
2024-01-27,SKU-10450,SUP-216,1837,244,867,0,5
2024-01-27,SKU-10451,SUP-232,577,605,1447,1447,12
2024-01-27,SKU-10452,SUP-231,2128,433,1704,0,4
2024-01-27,SKU-10453,SUP-216,402,585,772,772,6
2024-01-27,SKU-10454,SUP-203,687,534,1013,0,13
2024-01-27,SKU-10455,SUP-205,1516,294,667,0,7
2024-01-27,SKU-10456,SUP-240,1473,783,1513,0,6
2024-01-27,SKU-10457,SUP-227,162,492,1203,1203,5
2024-01-27,SKU-10458,SUP-217,390,216,609,0,13
2024-01-27,SKU-10459,SUP-202,1696,311,1348,0,6
2024-01-27,SKU-10460,SUP-200,2284,488,1108,0,3
2024-01-27,SKU-10461,SUP-221,327,376,1887,1887,8
2024-01-27,SKU-10462,SUP-249,1007,645,1982,0,12
2024-01-27,SKU-10463,SUP-208,1114,384,1588,0,13
2024-01-27,SKU-10464,SUP-240,1184,503,954,0,13
2024-01-27,SKU-10465,SUP-216,1564,725,586,0,3
2024-01-27,SKU-10466,SUP-210,306,713,1255,1255,10
2024-01-27,SKU-10467,SUP-247,234,745,539,539,12
2024-01-27,SKU-10468,SUP-228,446,398,870,0,13
2024-01-27,SKU-10469,SUP-235,351,424,1288,1288,11
2024-01-27,SKU-10470,SUP-245,1122,469,1211,0,10
2024-01-27,SKU-10471,SUP-227,1509,374,969,0,9
2024-01-27,SKU-10472,SUP-235,2356,737,729,0,4
2024-01-27,SKU-10473,SUP-200,1729,365,1772,0,12
2024-01-27,SKU-10474,SUP-207,1386,472,742,0,4
2024-01-27,SKU-10475,SUP-204,2193,457,1858,0,14
2024-01-27,SKU-10476,SUP-244,1838,446,1749,0,4
2024-01-27,SKU-10477,SUP-209,944,237,891,0,6
2024-01-27,SKU-10478,SUP-234,1240,320,836,0,12
2024-01-27,SKU-10479,SUP-202,1410,435,1558,0,14
2024-01-27,SKU-10480,SUP-223,1995,240,553,0,3
2024-01-27,SKU-10481,SUP-237,220,448,1520,1520,12
2024-01-27,SKU-10482,SUP-235,1467,556,986,0,5
2024-01-27,SKU-10483,SUP-209,1343,244,1958,0,12
2024-01-27,SKU-10484,SUP-227,388,484,1437,1437,14
2024-01-27,SKU-10485,SUP-208,1670,764,1009,0,10
2024-01-27,SKU-10486,SUP-202,720,260,1652,0,11
2024-01-27,SKU-10487,SUP-219,1636,269,1184,0,11
2024-01-27,SKU-10488,SUP-223,2118,656,1675,0,14
2024-01-27,SKU-10489,SUP-202,1075,304,1871,0,6
2024-01-27,SKU-10490,SUP-222,1148,271,653,0,6
2024-01-27,SKU-10491,SUP-213,1258,388,534,0,4
2024-01-27,SKU-10492,SUP-243,909,507,639,0,11
2024-01-27,SKU-10493,SUP-215,1808,417,1065,0,7
2024-01-27,SKU-10494,SUP-242,2265,546,883,0,6
2024-01-27,SKU-10495,SUP-206,2248,306,1282,0,8
2024-01-27,SKU-10496,SUP-222,282,775,1281,1281,7
2024-01-27,SKU-10497,SUP-249,2094,514,1139,0,13
2024-01-27,SKU-10498,SUP-235,2370,383,973,0,6
2024-01-27,SKU-10499,SUP-226,1007,296,835,0,7
2024-01-28,SKU-10000,SUP-240,1205,435,1105,0,6
2024-01-28,SKU-10001,SUP-207,564,261,1752,0,4
2024-01-28,SKU-10002,SUP-201,1401,757,1255,0,8
2024-01-28,SKU-10003,SUP-247,429,562,1664,1664,14
2024-01-28,SKU-10004,SUP-217,801,306,786,0,9
2024-01-28,SKU-10005,SUP-215,1540,380,1688,0,11
2024-01-28,SKU-10006,SUP-214,1148,497,1194,0,8
2024-01-28,SKU-10007,SUP-208,715,601,639,0,6
2024-01-28,SKU-10008,SUP-247,1643,410,1862,0,7
2024-01-28,SKU-10009,SUP-206,0,699,570,570,9
2024-01-28,SKU-10010,SUP-243,1816,427,944,0,7
2024-01-28,SKU-10011,SUP-247,563,439,879,0,14
2024-01-28,SKU-10012,SUP-234,758,616,664,0,4
2024-01-28,SKU-10013,SUP-205,1665,269,518,0,7
2024-01-28,SKU-10014,SUP-237,1768,393,1996,0,6
2024-01-28,SKU-10015,SUP-227,1949,644,870,0,10
2024-01-28,SKU-10016,SUP-202,1482,282,1254,0,9
2024-01-28,SKU-10017,SUP-201,1185,527,1423,0,7
2024-01-28,SKU-10018,SUP-205,1766,764,1743,0,5
2024-01-28,SKU-10019,SUP-213,1416,376,1902,0,5
2024-01-28,SKU-10020,SUP-214,378,226,1558,0,8
2024-01-28,SKU-10021,SUP-232,2321,268,693,0,11
2024-01-28,SKU-10022,SUP-238,1301,475,1466,0,6
2024-01-28,SKU-10023,SUP-201,1376,525,1675,0,6
2024-01-28,SKU-10024,SUP-235,896,623,1109,0,9
2024-01-28,SKU-10025,SUP-212,1744,425,662,0,7
2024-01-28,SKU-10026,SUP-245,686,670,1880,0,7
2024-01-28,SKU-10027,SUP-241,1769,458,1753,0,6
2024-01-28,SKU-10028,SUP-244,222,421,1539,1539,8
2024-01-28,SKU-10029,SUP-234,2195,735,932,0,7
2024-01-28,SKU-10030,SUP-226,2119,301,1164,0,13
2024-01-28,SKU-10031,SUP-214,1285,612,1427,0,7
2024-01-28,SKU-10032,SUP-228,38,644,679,679,12
2024-01-28,SKU-10033,SUP-237,635,733,1468,1468,10
2024-01-28,SKU-10034,SUP-217,39,657,1070,1070,6
2024-01-28,SKU-10035,SUP-200,90,545,1768,1768,6
2024-01-28,SKU-10036,SUP-248,1357,496,1433,0,6
2024-01-28,SKU-10037,SUP-210,2108,547,1960,0,10
2024-01-28,SKU-10038,SUP-244,1641,264,568,0,9
2024-01-28,SKU-10039,SUP-227,253,707,675,675,4
2024-01-28,SKU-10040,SUP-221,1861,535,1650,0,11
2024-01-28,SKU-10041,SUP-217,1310,380,1345,0,8
2024-01-28,SKU-10042,SUP-209,366,281,1927,0,5
2024-01-28,SKU-10043,SUP-213,839,659,1013,0,4
2024-01-28,SKU-10044,SUP-248,247,615,1032,1032,7
2024-01-28,SKU-10045,SUP-221,1859,503,1363,0,7
2024-01-28,SKU-10046,SUP-206,999,794,667,0,8
2024-01-28,SKU-10047,SUP-205,65,324,1846,1846,13
2024-01-28,SKU-10048,SUP-224,1004,308,709,0,12
2024-01-28,SKU-10049,SUP-206,1195,201,1242,0,12
2024-01-28,SKU-10050,SUP-222,1661,432,686,0,5
2024-01-28,SKU-10051,SUP-222,1847,410,850,0,3
2024-01-28,SKU-10052,SUP-238,1838,289,1157,0,3
2024-01-28,SKU-10053,SUP-216,1920,797,1815,0,6
2024-01-28,SKU-10054,SUP-202,1600,631,738,0,7
2024-01-28,SKU-10055,SUP-246,1775,524,921,0,4
2024-01-28,SKU-10056,SUP-229,1384,456,1936,0,10
2024-01-28,SKU-10057,SUP-234,116,493,1019,1019,7
2024-01-28,SKU-10058,SUP-207,331,481,1443,1443,3
2024-01-28,SKU-10059,SUP-224,262,664,1492,1492,4
2024-01-28,SKU-10060,SUP-205,2013,516,631,0,14
2024-01-28,SKU-10061,SUP-235,707,302,1181,0,5
2024-01-28,SKU-10062,SUP-218,1589,334,1648,0,11
2024-01-28,SKU-10063,SUP-240,1115,213,1398,0,4
2024-01-28,SKU-10064,SUP-239,418,583,819,819,13
2024-01-28,SKU-10065,SUP-223,1501,618,1639,0,7
2024-01-28,SKU-10066,SUP-236,1030,660,1502,0,7
2024-01-28,SKU-10067,SUP-212,1564,657,1241,0,11
2024-01-28,SKU-10068,SUP-245,1783,275,879,0,13
2024-01-28,SKU-10069,SUP-204,2232,325,1251,0,4
2024-01-28,SKU-10070,SUP-202,986,391,1769,0,14
2024-01-28,SKU-10071,SUP-242,1504,755,1120,0,12
2024-01-28,SKU-10072,SUP-214,837,661,1815,0,5
2024-01-28,SKU-10073,SUP-249,359,471,568,568,10
2024-01-28,SKU-10074,SUP-218,1262,719,1833,0,12
2024-01-28,SKU-10075,SUP-205,1887,393,836,0,12
2024-01-28,SKU-10076,SUP-214,1710,710,820,0,14
2024-01-28,SKU-10077,SUP-206,1901,550,1355,0,14
2024-01-28,SKU-10078,SUP-224,436,535,721,721,14
2024-01-28,SKU-10079,SUP-217,2009,647,1785,0,3
2024-01-28,SKU-10080,SUP-229,816,433,1724,0,3
2024-01-28,SKU-10081,SUP-240,454,761,1007,1007,13
2024-01-28,SKU-10082,SUP-223,2282,410,998,0,3
2024-01-28,SKU-10083,SUP-210,1131,429,723,0,10
2024-01-28,SKU-10084,SUP-223,78,764,1199,1199,4
2024-01-28,SKU-10085,SUP-222,498,488,1951,0,9
2024-01-28,SKU-10086,SUP-213,2042,250,1622,0,8
2024-01-28,SKU-10087,SUP-242,388,584,956,956,4
2024-01-28,SKU-10088,SUP-217,2238,758,765,0,12
2024-01-28,SKU-10089,SUP-244,805,564,1668,0,3
2024-01-28,SKU-10090,SUP-243,1809,752,1538,0,3
2024-01-28,SKU-10091,SUP-241,63,423,632,632,5
2024-01-28,SKU-10092,SUP-204,112,409,714,714,6
2024-01-28,SKU-10093,SUP-238,905,289,1972,0,14
2024-01-28,SKU-10094,SUP-240,1703,385,588,0,4
2024-01-28,SKU-10095,SUP-210,2151,714,615,0,13
2024-01-28,SKU-10096,SUP-234,1997,709,1631,0,14
2024-01-28,SKU-10097,SUP-246,1663,739,711,0,4
2024-01-28,SKU-10098,SUP-215,1625,569,1231,0,3
2024-01-28,SKU-10099,SUP-210,1059,379,1795,0,3
2024-01-28,SKU-10100,SUP-229,134,694,1824,1824,7
2024-01-28,SKU-10101,SUP-224,1835,261,504,0,13
2024-01-28,SKU-10102,SUP-217,1229,673,1230,0,5
2024-01-28,SKU-10103,SUP-240,154,265,1028,1028,5
2024-01-28,SKU-10104,SUP-244,1989,535,1087,0,8
2024-01-28,SKU-10105,SUP-235,806,506,1783,0,3
2024-01-28,SKU-10106,SUP-214,108,630,1434,1434,6
2024-01-28,SKU-10107,SUP-243,71,651,1668,1668,9
2024-01-28,SKU-10108,SUP-220,1992,589,847,0,3
2024-01-28,SKU-10109,SUP-249,257,344,545,545,6
2024-01-28,SKU-10110,SUP-249,617,506,1925,0,6
2024-01-28,SKU-10111,SUP-203,1763,467,1092,0,5
2024-01-28,SKU-10112,SUP-214,1896,440,616,0,5
2024-01-28,SKU-10113,SUP-202,367,415,1512,1512,11
2024-01-28,SKU-10114,SUP-220,470,544,577,577,9
2024-01-28,SKU-10115,SUP-225,1024,406,1845,0,7
2024-01-28,SKU-10116,SUP-217,515,509,1603,0,14
2024-01-28,SKU-10117,SUP-204,1649,588,1649,0,14
2024-01-28,SKU-10118,SUP-213,378,783,848,848,11
2024-01-28,SKU-10119,SUP-236,658,754,707,707,12
2024-01-28,SKU-10120,SUP-245,163,276,1673,1673,14
2024-01-28,SKU-10121,SUP-220,2115,697,1204,0,3
2024-01-28,SKU-10122,SUP-213,1755,405,551,0,13
2024-01-28,SKU-10123,SUP-241,1862,425,1585,0,5
2024-01-28,SKU-10124,SUP-231,1458,790,1964,0,13
2024-01-28,SKU-10125,SUP-225,2160,738,502,0,5
2024-01-28,SKU-10126,SUP-241,1046,432,1007,0,7
2024-01-28,SKU-10127,SUP-229,1137,362,1822,0,12
2024-01-28,SKU-10128,SUP-209,77,244,1104,1104,5
2024-01-28,SKU-10129,SUP-216,1711,576,1630,0,11
2024-01-28,SKU-10130,SUP-208,638,629,1135,0,3
2024-01-28,SKU-10131,SUP-215,1974,483,830,0,14
2024-01-28,SKU-10132,SUP-247,625,484,1253,0,10
2024-01-28,SKU-10133,SUP-235,589,636,1597,1597,14
2024-01-28,SKU-10134,SUP-234,1754,490,1447,0,6
2024-01-28,SKU-10135,SUP-216,1104,699,1230,0,10
2024-01-28,SKU-10136,SUP-247,1074,681,1992,0,8
2024-01-28,SKU-10137,SUP-237,1470,363,1883,0,4
2024-01-28,SKU-10138,SUP-227,384,402,1189,1189,5
2024-01-28,SKU-10139,SUP-237,1277,202,1612,0,12
2024-01-28,SKU-10140,SUP-225,802,446,1385,0,13
2024-01-28,SKU-10141,SUP-223,1977,507,1058,0,4
2024-01-28,SKU-10142,SUP-214,1547,511,1042,0,9
2024-01-28,SKU-10143,SUP-208,2210,531,1694,0,13
2024-01-28,SKU-10144,SUP-232,2121,564,1528,0,6
2024-01-28,SKU-10145,SUP-231,332,632,811,811,7
2024-01-28,SKU-10146,SUP-205,1399,454,1223,0,10
2024-01-28,SKU-10147,SUP-248,629,408,1848,0,13
2024-01-28,SKU-10148,SUP-203,178,660,1523,1523,8
2024-01-28,SKU-10149,SUP-207,306,392,1667,1667,8
2024-01-28,SKU-10150,SUP-209,930,490,630,0,7
2024-01-28,SKU-10151,SUP-240,1131,477,641,0,9
2024-01-28,SKU-10152,SUP-210,1639,258,892,0,11
2024-01-28,SKU-10153,SUP-243,1680,796,933,0,10
2024-01-28,SKU-10154,SUP-227,662,504,755,0,10
2024-01-28,SKU-10155,SUP-238,432,656,1529,1529,10
2024-01-28,SKU-10156,SUP-204,644,506,1525,0,4
2024-01-28,SKU-10157,SUP-224,1818,638,940,0,6
2024-01-28,SKU-10158,SUP-224,2257,583,907,0,5
2024-01-28,SKU-10159,SUP-238,1787,663,1839,0,3
2024-01-28,SKU-10160,SUP-229,1723,385,1571,0,13
2024-01-28,SKU-10161,SUP-233,2013,496,1512,0,3
2024-01-28,SKU-10162,SUP-216,318,692,1807,1807,10
2024-01-28,SKU-10163,SUP-235,1319,576,1903,0,8
2024-01-28,SKU-10164,SUP-200,760,418,556,0,4
2024-01-28,SKU-10165,SUP-243,1413,257,803,0,8
2024-01-28,SKU-10166,SUP-246,908,783,1999,0,11
2024-01-28,SKU-10167,SUP-207,0,239,1571,1571,10
2024-01-28,SKU-10168,SUP-243,1613,711,511,0,12
2024-01-28,SKU-10169,SUP-234,552,740,1615,1615,5
2024-01-28,SKU-10170,SUP-248,2230,245,1543,0,4
2024-01-28,SKU-10171,SUP-217,821,235,1357,0,5
2024-01-28,SKU-10172,SUP-249,663,586,584,0,4
2024-01-28,SKU-10173,SUP-241,1444,248,1311,0,6
2024-01-28,SKU-10174,SUP-221,1465,501,1449,0,6
2024-01-28,SKU-10175,SUP-207,2137,264,1992,0,3
2024-01-28,SKU-10176,SUP-218,1989,793,1853,0,11
2024-01-28,SKU-10177,SUP-227,1717,505,1147,0,4
2024-01-28,SKU-10178,SUP-210,1715,689,1020,0,8
2024-01-28,SKU-10179,SUP-229,732,408,508,0,10
2024-01-28,SKU-10180,SUP-200,1177,674,1172,0,14
2024-01-28,SKU-10181,SUP-246,1650,310,1941,0,14
2024-01-28,SKU-10182,SUP-246,1386,277,1569,0,6
2024-01-28,SKU-10183,SUP-216,1531,727,750,0,8
2024-01-28,SKU-10184,SUP-232,389,375,1109,0,6
2024-01-28,SKU-10185,SUP-248,747,674,1395,0,4
2024-01-28,SKU-10186,SUP-211,634,714,948,948,9
2024-01-28,SKU-10187,SUP-232,667,776,1730,1730,9
2024-01-28,SKU-10188,SUP-206,2180,681,773,0,11
2024-01-28,SKU-10189,SUP-240,704,368,1801,0,8
2024-01-28,SKU-10190,SUP-219,1271,414,701,0,14
2024-01-28,SKU-10191,SUP-240,2119,332,619,0,14
2024-01-28,SKU-10192,SUP-232,987,555,1536,0,4
2024-01-28,SKU-10193,SUP-238,1598,430,1468,0,4
2024-01-28,SKU-10194,SUP-212,1802,488,1875,0,6
2024-01-28,SKU-10195,SUP-209,375,380,1484,1484,14
2024-01-28,SKU-10196,SUP-223,2282,618,1463,0,11
2024-01-28,SKU-10197,SUP-248,1164,644,1740,0,7
2024-01-28,SKU-10198,SUP-210,2275,278,1436,0,9
2024-01-28,SKU-10199,SUP-234,1453,683,1476,0,3
2024-01-28,SKU-10200,SUP-249,712,280,1645,0,12
2024-01-28,SKU-10201,SUP-233,2250,701,1571,0,7
2024-01-28,SKU-10202,SUP-200,2196,212,723,0,5
2024-01-28,SKU-10203,SUP-238,757,390,1261,0,6
2024-01-28,SKU-10204,SUP-220,866,638,1746,0,10
2024-01-28,SKU-10205,SUP-231,1427,388,537,0,3
2024-01-28,SKU-10206,SUP-201,868,563,1656,0,6
2024-01-28,SKU-10207,SUP-207,1399,253,1677,0,8
2024-01-28,SKU-10208,SUP-223,734,541,1160,0,4
2024-01-28,SKU-10209,SUP-219,0,692,524,524,7
2024-01-28,SKU-10210,SUP-215,1725,677,1739,0,11
2024-01-28,SKU-10211,SUP-203,2137,249,1735,0,12
2024-01-28,SKU-10212,SUP-215,370,390,1818,1818,6
2024-01-28,SKU-10213,SUP-236,398,431,942,942,5
2024-01-28,SKU-10214,SUP-205,808,770,1875,0,3
2024-01-28,SKU-10215,SUP-205,1886,229,630,0,3
2024-01-28,SKU-10216,SUP-246,118,791,1715,1715,6
2024-01-28,SKU-10217,SUP-231,7,702,1995,1995,9
2024-01-28,SKU-10218,SUP-204,1840,404,1040,0,12
2024-01-28,SKU-10219,SUP-248,1564,774,1556,0,10
2024-01-28,SKU-10220,SUP-234,1750,715,1345,0,14
2024-01-28,SKU-10221,SUP-249,1997,350,717,0,12
2024-01-28,SKU-10222,SUP-208,208,394,1949,1949,6
2024-01-28,SKU-10223,SUP-208,532,372,1203,0,12
2024-01-28,SKU-10224,SUP-242,618,414,1119,0,6
2024-01-28,SKU-10225,SUP-230,1442,474,1187,0,4
2024-01-28,SKU-10226,SUP-235,2082,599,1294,0,5
2024-01-28,SKU-10227,SUP-210,1883,419,1083,0,6
2024-01-28,SKU-10228,SUP-216,1579,669,850,0,3
2024-01-28,SKU-10229,SUP-233,733,351,938,0,3
2024-01-28,SKU-10230,SUP-238,1419,231,500,0,4
2024-01-28,SKU-10231,SUP-227,1548,351,1884,0,4
2024-01-28,SKU-10232,SUP-213,1373,457,1021,0,7
2024-01-28,SKU-10233,SUP-234,524,463,1335,0,13
2024-01-28,SKU-10234,SUP-248,1457,704,877,0,11
2024-01-28,SKU-10235,SUP-246,1017,432,562,0,3
2024-01-28,SKU-10236,SUP-244,1179,539,1365,0,10
2024-01-28,SKU-10237,SUP-212,1597,281,1047,0,14
2024-01-28,SKU-10238,SUP-245,1976,433,1680,0,6
2024-01-28,SKU-10239,SUP-219,1740,435,1715,0,10
2024-01-28,SKU-10240,SUP-225,659,728,1396,1396,11
2024-01-28,SKU-10241,SUP-242,287,453,1538,1538,11
2024-01-28,SKU-10242,SUP-241,2042,262,742,0,5
2024-01-28,SKU-10243,SUP-223,923,221,1987,0,7
2024-01-28,SKU-10244,SUP-228,2006,535,882,0,4
2024-01-28,SKU-10245,SUP-233,881,570,908,0,7
2024-01-28,SKU-10246,SUP-228,1659,649,1026,0,9
2024-01-28,SKU-10247,SUP-207,335,409,1025,1025,14
2024-01-28,SKU-10248,SUP-215,1056,315,871,0,4
2024-01-28,SKU-10249,SUP-214,769,203,1894,0,3
2024-01-28,SKU-10250,SUP-204,1410,530,1424,0,5
2024-01-28,SKU-10251,SUP-221,1305,595,802,0,9
2024-01-28,SKU-10252,SUP-201,719,253,941,0,7
2024-01-28,SKU-10253,SUP-237,1278,296,1091,0,4
2024-01-28,SKU-10254,SUP-235,1311,616,680,0,12
2024-01-28,SKU-10255,SUP-214,1887,637,724,0,13
2024-01-28,SKU-10256,SUP-237,144,232,1552,1552,11
2024-01-28,SKU-10257,SUP-214,1068,670,1893,0,9
2024-01-28,SKU-10258,SUP-200,243,571,1776,1776,8
2024-01-28,SKU-10259,SUP-204,1835,217,718,0,4
2024-01-28,SKU-10260,SUP-245,193,726,734,734,9
2024-01-28,SKU-10261,SUP-240,1022,472,1683,0,14
2024-01-28,SKU-10262,SUP-203,2230,701,943,0,4
2024-01-28,SKU-10263,SUP-214,1492,379,1516,0,3
2024-01-28,SKU-10264,SUP-204,1302,525,1254,0,9
2024-01-28,SKU-10265,SUP-202,0,201,1943,1943,5
2024-01-28,SKU-10266,SUP-221,457,442,1517,0,7
2024-01-28,SKU-10267,SUP-204,2197,394,998,0,10
2024-01-28,SKU-10268,SUP-232,1327,353,1569,0,7
2024-01-28,SKU-10269,SUP-215,1322,546,945,0,6
2024-01-28,SKU-10270,SUP-217,1372,496,751,0,6
2024-01-28,SKU-10271,SUP-242,1094,683,1880,0,5
2024-01-28,SKU-10272,SUP-231,515,744,1524,1524,5
2024-01-28,SKU-10273,SUP-213,45,788,1312,1312,11
2024-01-28,SKU-10274,SUP-234,1094,316,1979,0,10
2024-01-28,SKU-10275,SUP-208,803,524,573,0,5
2024-01-28,SKU-10276,SUP-246,1192,462,1969,0,9
2024-01-28,SKU-10277,SUP-236,1939,639,1205,0,12
2024-01-28,SKU-10278,SUP-236,774,460,1323,0,5
2024-01-28,SKU-10279,SUP-230,1876,371,861,0,12
2024-01-28,SKU-10280,SUP-215,1471,699,631,0,7
2024-01-28,SKU-10281,SUP-230,1963,252,1288,0,4
2024-01-28,SKU-10282,SUP-226,781,372,1863,0,3
2024-01-28,SKU-10283,SUP-212,1109,667,1854,0,11
2024-01-28,SKU-10284,SUP-206,690,307,755,0,8
2024-01-28,SKU-10285,SUP-206,642,345,1558,0,9
2024-01-28,SKU-10286,SUP-242,417,308,523,0,3
2024-01-28,SKU-10287,SUP-227,356,364,896,896,13
2024-01-28,SKU-10288,SUP-222,0,724,570,570,5
2024-01-28,SKU-10289,SUP-227,431,223,1492,0,7
2024-01-28,SKU-10290,SUP-226,1207,346,1439,0,7
2024-01-28,SKU-10291,SUP-229,645,589,1349,0,9
2024-01-28,SKU-10292,SUP-246,637,689,1852,1852,6
2024-01-28,SKU-10293,SUP-203,2379,305,539,0,3
2024-01-28,SKU-10294,SUP-243,2114,462,1161,0,9
2024-01-28,SKU-10295,SUP-241,446,743,663,663,4
2024-01-28,SKU-10296,SUP-241,2011,281,764,0,12
2024-01-28,SKU-10297,SUP-206,927,406,609,0,6
2024-01-28,SKU-10298,SUP-203,1420,607,1339,0,14
2024-01-28,SKU-10299,SUP-225,2265,306,1962,0,4
2024-01-28,SKU-10300,SUP-246,0,761,930,930,5
2024-01-28,SKU-10301,SUP-221,2093,574,1373,0,8
2024-01-28,SKU-10302,SUP-206,391,308,990,0,14
2024-01-28,SKU-10303,SUP-215,872,416,732,0,9
2024-01-28,SKU-10304,SUP-212,1657,711,1713,0,7
2024-01-28,SKU-10305,SUP-212,795,652,606,0,3
2024-01-28,SKU-10306,SUP-234,1186,259,871,0,8
2024-01-28,SKU-10307,SUP-228,2235,740,518,0,12
2024-01-28,SKU-10308,SUP-208,1237,239,1788,0,11
2024-01-28,SKU-10309,SUP-227,2110,404,985,0,4
2024-01-28,SKU-10310,SUP-211,2262,529,1324,0,7
2024-01-28,SKU-10311,SUP-217,511,416,1176,0,10
2024-01-28,SKU-10312,SUP-229,2037,398,901,0,11
2024-01-28,SKU-10313,SUP-215,1839,753,1466,0,14
2024-01-28,SKU-10314,SUP-204,800,514,1139,0,12
2024-01-28,SKU-10315,SUP-228,827,472,1305,0,3
2024-01-28,SKU-10316,SUP-235,447,287,1543,0,7
2024-01-28,SKU-10317,SUP-206,982,305,826,0,13
2024-01-28,SKU-10318,SUP-203,2248,464,821,0,8
2024-01-28,SKU-10319,SUP-241,1864,708,1040,0,4
2024-01-28,SKU-10320,SUP-234,2165,437,1532,0,4
2024-01-28,SKU-10321,SUP-200,1598,208,812,0,10
2024-01-28,SKU-10322,SUP-205,964,529,970,0,8
2024-01-28,SKU-10323,SUP-248,891,479,626,0,6
2024-01-28,SKU-10324,SUP-215,753,528,1199,0,7
2024-01-28,SKU-10325,SUP-210,50,214,1833,1833,4
2024-01-28,SKU-10326,SUP-226,1109,725,885,0,6
2024-01-28,SKU-10327,SUP-231,577,471,1718,0,9
2024-01-28,SKU-10328,SUP-230,958,276,883,0,5
2024-01-28,SKU-10329,SUP-213,1769,751,1243,0,3
2024-01-28,SKU-10330,SUP-225,1590,684,1336,0,11
2024-01-28,SKU-10331,SUP-203,1078,662,650,0,9
2024-01-28,SKU-10332,SUP-210,1013,557,1628,0,3
2024-01-28,SKU-10333,SUP-224,139,638,1845,1845,12
2024-01-28,SKU-10334,SUP-200,879,772,1779,0,8
2024-01-28,SKU-10335,SUP-224,155,761,1760,1760,12
2024-01-28,SKU-10336,SUP-216,1230,576,1348,0,12
2024-01-28,SKU-10337,SUP-229,368,656,906,906,6
2024-01-28,SKU-10338,SUP-218,802,304,1981,0,6
2024-01-28,SKU-10339,SUP-227,715,456,1657,0,10
2024-01-28,SKU-10340,SUP-244,1365,543,925,0,11
2024-01-28,SKU-10341,SUP-246,694,493,1565,0,10
2024-01-28,SKU-10342,SUP-235,920,372,788,0,6
2024-01-28,SKU-10343,SUP-242,957,539,822,0,8
2024-01-28,SKU-10344,SUP-245,2194,284,614,0,14
2024-01-28,SKU-10345,SUP-231,1519,249,957,0,10
2024-01-28,SKU-10346,SUP-209,307,417,758,758,10
2024-01-28,SKU-10347,SUP-212,2260,295,1998,0,11
2024-01-28,SKU-10348,SUP-218,166,626,983,983,14
2024-01-28,SKU-10349,SUP-213,265,573,912,912,8
2024-01-28,SKU-10350,SUP-203,1165,481,1766,0,13
2024-01-28,SKU-10351,SUP-237,582,630,726,726,6
2024-01-28,SKU-10352,SUP-247,559,427,566,0,4
2024-01-28,SKU-10353,SUP-234,1073,726,1509,0,4
2024-01-28,SKU-10354,SUP-203,1750,392,713,0,11
2024-01-28,SKU-10355,SUP-247,743,763,557,557,3
2024-01-28,SKU-10356,SUP-220,1386,322,1048,0,13
2024-01-28,SKU-10357,SUP-203,2038,494,999,0,8
2024-01-28,SKU-10358,SUP-203,2157,358,1281,0,3
2024-01-28,SKU-10359,SUP-237,1,532,1113,1113,3
2024-01-28,SKU-10360,SUP-230,1076,363,1384,0,12
2024-01-28,SKU-10361,SUP-232,413,711,1681,1681,14
2024-01-28,SKU-10362,SUP-233,937,228,1462,0,4
2024-01-28,SKU-10363,SUP-210,420,256,982,0,3
2024-01-28,SKU-10364,SUP-203,1062,238,1671,0,10
2024-01-28,SKU-10365,SUP-232,1718,677,1929,0,10
2024-01-28,SKU-10366,SUP-205,1081,788,880,0,10
2024-01-28,SKU-10367,SUP-211,531,729,1991,1991,12
2024-01-28,SKU-10368,SUP-204,938,584,1763,0,14
2024-01-28,SKU-10369,SUP-238,2098,458,555,0,14
2024-01-28,SKU-10370,SUP-204,1502,646,1749,0,10
2024-01-28,SKU-10371,SUP-243,1482,621,1572,0,13
2024-01-28,SKU-10372,SUP-215,2053,596,854,0,5
2024-01-28,SKU-10373,SUP-225,945,725,978,0,10
2024-01-28,SKU-10374,SUP-207,0,666,1198,1198,4
2024-01-28,SKU-10375,SUP-236,1089,217,1218,0,14
2024-01-28,SKU-10376,SUP-215,1951,683,1993,0,14
2024-01-28,SKU-10377,SUP-237,1927,701,503,0,14
2024-01-28,SKU-10378,SUP-238,1954,599,1107,0,6
2024-01-28,SKU-10379,SUP-202,1387,381,965,0,13
2024-01-28,SKU-10380,SUP-239,1505,773,1129,0,6
2024-01-28,SKU-10381,SUP-205,216,298,994,994,3
2024-01-28,SKU-10382,SUP-226,658,799,1810,1810,13
2024-01-28,SKU-10383,SUP-242,860,393,1209,0,11
2024-01-28,SKU-10384,SUP-237,798,589,586,0,11
2024-01-28,SKU-10385,SUP-236,1455,545,1969,0,9
2024-01-28,SKU-10386,SUP-233,2043,244,907,0,9
2024-01-28,SKU-10387,SUP-220,1119,475,1248,0,4
2024-01-28,SKU-10388,SUP-216,1932,213,1427,0,11
2024-01-28,SKU-10389,SUP-213,534,727,1234,1234,10
2024-01-28,SKU-10390,SUP-242,101,337,919,919,9
2024-01-28,SKU-10391,SUP-245,0,712,1513,1513,7
2024-01-28,SKU-10392,SUP-220,1872,670,1881,0,12
2024-01-28,SKU-10393,SUP-215,1685,276,1585,0,5
2024-01-28,SKU-10394,SUP-216,2246,333,1436,0,14
2024-01-28,SKU-10395,SUP-225,719,299,1341,0,10
2024-01-28,SKU-10396,SUP-208,1396,498,779,0,5
2024-01-28,SKU-10397,SUP-242,164,354,1151,1151,9
2024-01-28,SKU-10398,SUP-241,208,281,1667,1667,12
2024-01-28,SKU-10399,SUP-219,1747,626,974,0,11
2024-01-28,SKU-10400,SUP-229,1314,613,1567,0,11
2024-01-28,SKU-10401,SUP-220,1830,594,1589,0,8
2024-01-28,SKU-10402,SUP-248,2091,752,1390,0,14
2024-01-28,SKU-10403,SUP-204,1092,247,782,0,7
2024-01-28,SKU-10404,SUP-200,1548,608,1444,0,8
2024-01-28,SKU-10405,SUP-229,1404,590,1081,0,5
2024-01-28,SKU-10406,SUP-239,842,758,1379,0,3
2024-01-28,SKU-10407,SUP-236,168,205,1533,1533,3
2024-01-28,SKU-10408,SUP-206,2176,311,579,0,7
2024-01-28,SKU-10409,SUP-204,1665,275,1608,0,9
2024-01-28,SKU-10410,SUP-234,384,415,1868,1868,7
2024-01-28,SKU-10411,SUP-213,780,519,1836,0,7
2024-01-28,SKU-10412,SUP-232,1681,564,1377,0,10
2024-01-28,SKU-10413,SUP-216,1491,546,1354,0,12
2024-01-28,SKU-10414,SUP-208,800,503,826,0,4
2024-01-28,SKU-10415,SUP-222,1664,461,1603,0,11
2024-01-28,SKU-10416,SUP-204,508,592,1811,1811,4
2024-01-28,SKU-10417,SUP-215,1398,548,1245,0,11
2024-01-28,SKU-10418,SUP-223,836,620,1025,0,9
2024-01-28,SKU-10419,SUP-218,1283,733,1815,0,11
2024-01-28,SKU-10420,SUP-210,1581,661,995,0,12
2024-01-28,SKU-10421,SUP-228,656,577,1882,0,14
2024-01-28,SKU-10422,SUP-234,1428,457,833,0,6
2024-01-28,SKU-10423,SUP-245,1216,771,1301,0,7
2024-01-28,SKU-10424,SUP-219,100,424,1286,1286,6
2024-01-28,SKU-10425,SUP-239,431,354,537,0,14
2024-01-28,SKU-10426,SUP-241,1635,604,1309,0,3
2024-01-28,SKU-10427,SUP-233,269,419,577,577,11
2024-01-28,SKU-10428,SUP-200,1648,477,1028,0,3
2024-01-28,SKU-10429,SUP-242,355,270,1228,0,5
2024-01-28,SKU-10430,SUP-235,980,249,1434,0,14
2024-01-28,SKU-10431,SUP-219,1967,265,1758,0,4
2024-01-28,SKU-10432,SUP-242,1933,615,1612,0,12
2024-01-28,SKU-10433,SUP-206,1992,676,900,0,12
2024-01-28,SKU-10434,SUP-208,2102,505,1582,0,6
2024-01-28,SKU-10435,SUP-216,1820,231,1320,0,14
2024-01-28,SKU-10436,SUP-207,43,670,1527,1527,13
2024-01-28,SKU-10437,SUP-206,856,213,1006,0,3
2024-01-28,SKU-10438,SUP-247,1184,516,648,0,11
2024-01-28,SKU-10439,SUP-235,2253,694,1414,0,7
2024-01-28,SKU-10440,SUP-209,338,463,1196,1196,7
2024-01-28,SKU-10441,SUP-217,507,281,904,0,14
2024-01-28,SKU-10442,SUP-218,253,290,727,727,6
2024-01-28,SKU-10443,SUP-238,902,560,1262,0,3
2024-01-28,SKU-10444,SUP-213,1827,741,677,0,12
2024-01-28,SKU-10445,SUP-245,961,230,1357,0,6
2024-01-28,SKU-10446,SUP-221,526,566,727,727,6
2024-01-28,SKU-10447,SUP-213,427,500,821,821,10
2024-01-28,SKU-10448,SUP-243,954,382,1016,0,9
2024-01-28,SKU-10449,SUP-240,1147,570,796,0,14
2024-01-28,SKU-10450,SUP-216,253,455,1704,1704,10
2024-01-28,SKU-10451,SUP-232,1972,722,1503,0,4
2024-01-28,SKU-10452,SUP-231,1769,667,681,0,8
2024-01-28,SKU-10453,SUP-216,1058,703,712,0,5
2024-01-28,SKU-10454,SUP-203,1105,622,1227,0,8
2024-01-28,SKU-10455,SUP-205,1749,360,1556,0,13
2024-01-28,SKU-10456,SUP-240,2098,389,1924,0,12
2024-01-28,SKU-10457,SUP-227,1227,282,1637,0,10
2024-01-28,SKU-10458,SUP-217,871,360,606,0,14
2024-01-28,SKU-10459,SUP-202,2286,349,1429,0,8
2024-01-28,SKU-10460,SUP-200,106,662,1389,1389,14
2024-01-28,SKU-10461,SUP-221,1492,283,801,0,11
2024-01-28,SKU-10462,SUP-249,2250,380,1522,0,3
2024-01-28,SKU-10463,SUP-208,527,526,1988,0,4
2024-01-28,SKU-10464,SUP-240,321,318,520,0,7
2024-01-28,SKU-10465,SUP-216,218,264,648,648,9
2024-01-28,SKU-10466,SUP-210,222,254,612,612,7
2024-01-28,SKU-10467,SUP-247,861,381,1696,0,7
2024-01-28,SKU-10468,SUP-228,1880,319,1047,0,4
2024-01-28,SKU-10469,SUP-235,1523,488,1470,0,9
2024-01-28,SKU-10470,SUP-245,2023,755,1623,0,14
2024-01-28,SKU-10471,SUP-227,486,514,1478,1478,13
2024-01-28,SKU-10472,SUP-235,2298,754,1763,0,10
2024-01-28,SKU-10473,SUP-200,1092,604,1211,0,12
2024-01-28,SKU-10474,SUP-207,1748,413,1572,0,9
2024-01-28,SKU-10475,SUP-204,2028,546,841,0,9
2024-01-28,SKU-10476,SUP-244,1240,443,1053,0,12
2024-01-28,SKU-10477,SUP-209,2128,493,699,0,3
2024-01-28,SKU-10478,SUP-234,1018,479,1615,0,6
2024-01-28,SKU-10479,SUP-202,992,779,1758,0,10
2024-01-28,SKU-10480,SUP-223,1024,252,1550,0,8
2024-01-28,SKU-10481,SUP-237,0,340,1446,1446,14
2024-01-28,SKU-10482,SUP-235,542,653,678,678,13
2024-01-28,SKU-10483,SUP-209,617,233,1209,0,10
2024-01-28,SKU-10484,SUP-227,2080,696,827,0,3
2024-01-28,SKU-10485,SUP-208,542,490,1765,0,3
2024-01-28,SKU-10486,SUP-202,1490,691,1300,0,12
2024-01-28,SKU-10487,SUP-219,109,750,1633,1633,8
2024-01-28,SKU-10488,SUP-223,646,311,1826,0,3
2024-01-28,SKU-10489,SUP-202,1962,301,814,0,4
2024-01-28,SKU-10490,SUP-222,1607,606,1815,0,10
2024-01-28,SKU-10491,SUP-213,1396,665,1151,0,14
2024-01-28,SKU-10492,SUP-243,1904,517,1899,0,14
2024-01-28,SKU-10493,SUP-215,1131,331,1419,0,12
2024-01-28,SKU-10494,SUP-242,2139,703,1503,0,9
2024-01-28,SKU-10495,SUP-206,2113,616,951,0,8
2024-01-28,SKU-10496,SUP-222,1224,422,1212,0,4
2024-01-28,SKU-10497,SUP-249,1634,479,516,0,3
2024-01-28,SKU-10498,SUP-235,510,766,1600,1600,9
2024-01-28,SKU-10499,SUP-226,706,300,1039,0,9
2024-01-29,SKU-10000,SUP-240,221,679,572,572,8
2024-01-29,SKU-10001,SUP-207,2144,613,1155,0,9
2024-01-29,SKU-10002,SUP-201,2303,412,1270,0,5
2024-01-29,SKU-10003,SUP-247,1141,668,870,0,14
2024-01-29,SKU-10004,SUP-217,308,459,1568,1568,4
2024-01-29,SKU-10005,SUP-215,1091,528,814,0,13
2024-01-29,SKU-10006,SUP-214,1175,428,1249,0,12
2024-01-29,SKU-10007,SUP-208,1529,325,1485,0,6
2024-01-29,SKU-10008,SUP-247,1370,545,583,0,12
2024-01-29,SKU-10009,SUP-206,2009,241,684,0,8
2024-01-29,SKU-10010,SUP-243,938,719,1756,0,10
2024-01-29,SKU-10011,SUP-247,736,310,760,0,10
2024-01-29,SKU-10012,SUP-234,905,699,1583,0,11
2024-01-29,SKU-10013,SUP-205,1954,568,1145,0,10
2024-01-29,SKU-10014,SUP-237,376,567,1780,1780,3
2024-01-29,SKU-10015,SUP-227,973,589,1770,0,10
2024-01-29,SKU-10016,SUP-202,44,430,1835,1835,11
2024-01-29,SKU-10017,SUP-201,1149,486,820,0,11
2024-01-29,SKU-10018,SUP-205,1619,325,691,0,4
2024-01-29,SKU-10019,SUP-213,1786,222,1242,0,14
2024-01-29,SKU-10020,SUP-214,906,329,1950,0,3
2024-01-29,SKU-10021,SUP-232,1460,547,1302,0,12
2024-01-29,SKU-10022,SUP-238,870,681,1388,0,7
2024-01-29,SKU-10023,SUP-201,1797,693,1588,0,9
2024-01-29,SKU-10024,SUP-235,1910,368,676,0,3
2024-01-29,SKU-10025,SUP-212,484,738,1186,1186,4
2024-01-29,SKU-10026,SUP-245,63,222,1037,1037,4
2024-01-29,SKU-10027,SUP-241,1831,576,814,0,4
2024-01-29,SKU-10028,SUP-244,628,751,1441,1441,6
2024-01-29,SKU-10029,SUP-234,381,330,578,0,13
2024-01-29,SKU-10030,SUP-226,1198,768,1942,0,6
2024-01-29,SKU-10031,SUP-214,1667,251,1443,0,12
2024-01-29,SKU-10032,SUP-228,1211,338,891,0,12
2024-01-29,SKU-10033,SUP-237,383,228,1629,0,10
2024-01-29,SKU-10034,SUP-217,472,376,1152,0,11
2024-01-29,SKU-10035,SUP-200,1937,353,1293,0,7
2024-01-29,SKU-10036,SUP-248,729,750,1694,1694,6
2024-01-29,SKU-10037,SUP-210,555,299,773,0,12
2024-01-29,SKU-10038,SUP-244,237,488,708,708,13
2024-01-29,SKU-10039,SUP-227,2125,796,1545,0,3
2024-01-29,SKU-10040,SUP-221,291,442,1177,1177,8
2024-01-29,SKU-10041,SUP-217,542,207,1963,0,4
2024-01-29,SKU-10042,SUP-209,461,703,1198,1198,10
2024-01-29,SKU-10043,SUP-213,1558,228,1104,0,9
2024-01-29,SKU-10044,SUP-248,1917,682,1329,0,7
2024-01-29,SKU-10045,SUP-221,927,351,960,0,10
2024-01-29,SKU-10046,SUP-206,1746,517,597,0,13
2024-01-29,SKU-10047,SUP-205,170,599,512,512,8
2024-01-29,SKU-10048,SUP-224,1164,571,873,0,14
2024-01-29,SKU-10049,SUP-206,433,682,1819,1819,9
2024-01-29,SKU-10050,SUP-222,1536,408,1290,0,14
2024-01-29,SKU-10051,SUP-222,738,709,849,0,6
2024-01-29,SKU-10052,SUP-238,1281,648,1131,0,7
2024-01-29,SKU-10053,SUP-216,1157,729,1264,0,11
2024-01-29,SKU-10054,SUP-202,1752,322,1548,0,3
2024-01-29,SKU-10055,SUP-246,319,473,1570,1570,3
2024-01-29,SKU-10056,SUP-229,409,520,1662,1662,13
2024-01-29,SKU-10057,SUP-234,718,646,961,0,10
2024-01-29,SKU-10058,SUP-207,2228,248,1156,0,11
2024-01-29,SKU-10059,SUP-224,333,222,1567,0,4
2024-01-29,SKU-10060,SUP-205,1437,793,1012,0,7
2024-01-29,SKU-10061,SUP-235,208,511,601,601,4
2024-01-29,SKU-10062,SUP-218,413,340,1497,0,14
2024-01-29,SKU-10063,SUP-240,819,543,1499,0,4
2024-01-29,SKU-10064,SUP-239,45,269,1649,1649,8
2024-01-29,SKU-10065,SUP-223,970,511,1658,0,7
2024-01-29,SKU-10066,SUP-236,869,341,1330,0,13
2024-01-29,SKU-10067,SUP-212,1663,701,1480,0,13
2024-01-29,SKU-10068,SUP-245,655,524,996,0,14
2024-01-29,SKU-10069,SUP-204,1408,371,1913,0,7
2024-01-29,SKU-10070,SUP-202,1047,283,587,0,6
2024-01-29,SKU-10071,SUP-242,2275,735,827,0,4
2024-01-29,SKU-10072,SUP-214,202,510,1895,1895,9
2024-01-29,SKU-10073,SUP-249,1790,609,1220,0,7
2024-01-29,SKU-10074,SUP-218,624,597,763,0,13
2024-01-29,SKU-10075,SUP-205,2277,372,1240,0,5
2024-01-29,SKU-10076,SUP-214,223,208,1783,0,3
2024-01-29,SKU-10077,SUP-206,2009,703,981,0,8
2024-01-29,SKU-10078,SUP-224,2046,384,1215,0,7
2024-01-29,SKU-10079,SUP-217,359,396,1065,1065,10
2024-01-29,SKU-10080,SUP-229,378,528,1236,1236,7
2024-01-29,SKU-10081,SUP-240,1163,473,1881,0,7
2024-01-29,SKU-10082,SUP-223,1321,714,611,0,4
2024-01-29,SKU-10083,SUP-210,796,548,1559,0,6
2024-01-29,SKU-10084,SUP-223,876,277,1238,0,3
2024-01-29,SKU-10085,SUP-222,860,721,1424,0,10
2024-01-29,SKU-10086,SUP-213,912,289,1672,0,3
2024-01-29,SKU-10087,SUP-242,642,566,645,0,7
2024-01-29,SKU-10088,SUP-217,1546,431,1118,0,7
2024-01-29,SKU-10089,SUP-244,133,464,1781,1781,3
2024-01-29,SKU-10090,SUP-243,1314,410,1516,0,5
2024-01-29,SKU-10091,SUP-241,586,494,687,0,4
2024-01-29,SKU-10092,SUP-204,2242,783,1401,0,14
2024-01-29,SKU-10093,SUP-238,294,271,1255,0,13
2024-01-29,SKU-10094,SUP-240,1232,578,1517,0,13
2024-01-29,SKU-10095,SUP-210,1813,204,1635,0,4
2024-01-29,SKU-10096,SUP-234,1916,492,1890,0,12
2024-01-29,SKU-10097,SUP-246,1018,260,1945,0,8
2024-01-29,SKU-10098,SUP-215,1947,775,1466,0,3
2024-01-29,SKU-10099,SUP-210,21,726,775,775,8
2024-01-29,SKU-10100,SUP-229,1416,611,1554,0,9
2024-01-29,SKU-10101,SUP-224,1916,411,1708,0,13
2024-01-29,SKU-10102,SUP-217,181,452,1404,1404,12
2024-01-29,SKU-10103,SUP-240,333,416,1984,1984,4
2024-01-29,SKU-10104,SUP-244,1850,704,1150,0,14
2024-01-29,SKU-10105,SUP-235,1341,639,672,0,4
2024-01-29,SKU-10106,SUP-214,1609,219,1595,0,8
2024-01-29,SKU-10107,SUP-243,274,507,1807,1807,12
2024-01-29,SKU-10108,SUP-220,1145,525,1048,0,5
2024-01-29,SKU-10109,SUP-249,1755,392,1537,0,10
2024-01-29,SKU-10110,SUP-249,2272,702,754,0,11
2024-01-29,SKU-10111,SUP-203,925,474,1841,0,7
2024-01-29,SKU-10112,SUP-214,276,624,1668,1668,9
2024-01-29,SKU-10113,SUP-202,172,396,1094,1094,12
2024-01-29,SKU-10114,SUP-220,1303,277,1894,0,7
2024-01-29,SKU-10115,SUP-225,1536,246,1681,0,14
2024-01-29,SKU-10116,SUP-217,1897,376,586,0,13
2024-01-29,SKU-10117,SUP-204,664,253,582,0,3
2024-01-29,SKU-10118,SUP-213,1608,422,785,0,8
2024-01-29,SKU-10119,SUP-236,1297,643,588,0,4
2024-01-29,SKU-10120,SUP-245,1299,579,1555,0,9
2024-01-29,SKU-10121,SUP-220,1749,794,1612,0,12
2024-01-29,SKU-10122,SUP-213,1236,357,1389,0,4
2024-01-29,SKU-10123,SUP-241,239,358,811,811,10
2024-01-29,SKU-10124,SUP-231,437,464,1531,1531,12
2024-01-29,SKU-10125,SUP-225,1701,268,939,0,12
2024-01-29,SKU-10126,SUP-241,616,719,1591,1591,7
2024-01-29,SKU-10127,SUP-229,59,667,1261,1261,12
2024-01-29,SKU-10128,SUP-209,2013,598,619,0,10
2024-01-29,SKU-10129,SUP-216,2254,269,855,0,6
2024-01-29,SKU-10130,SUP-208,1114,436,717,0,6
2024-01-29,SKU-10131,SUP-215,1679,517,763,0,7
2024-01-29,SKU-10132,SUP-247,304,676,1326,1326,11
2024-01-29,SKU-10133,SUP-235,905,409,931,0,14
2024-01-29,SKU-10134,SUP-234,1953,621,1436,0,9
2024-01-29,SKU-10135,SUP-216,1469,347,1573,0,7
2024-01-29,SKU-10136,SUP-247,557,304,791,0,10
2024-01-29,SKU-10137,SUP-237,967,491,611,0,5
2024-01-29,SKU-10138,SUP-227,1753,272,1417,0,7
2024-01-29,SKU-10139,SUP-237,2249,435,1502,0,9
2024-01-29,SKU-10140,SUP-225,1301,656,1727,0,5
2024-01-29,SKU-10141,SUP-223,2,558,1896,1896,12
2024-01-29,SKU-10142,SUP-214,2198,636,1513,0,12
2024-01-29,SKU-10143,SUP-208,2248,717,1286,0,8
2024-01-29,SKU-10144,SUP-232,1215,317,1902,0,10
2024-01-29,SKU-10145,SUP-231,1956,777,762,0,10
2024-01-29,SKU-10146,SUP-205,733,340,953,0,9
2024-01-29,SKU-10147,SUP-248,1895,398,1169,0,9
2024-01-29,SKU-10148,SUP-203,1547,485,1651,0,7
2024-01-29,SKU-10149,SUP-207,268,710,1059,1059,4
2024-01-29,SKU-10150,SUP-209,1516,412,1539,0,6
2024-01-29,SKU-10151,SUP-240,1801,737,1297,0,8
2024-01-29,SKU-10152,SUP-210,75,251,1350,1350,13
2024-01-29,SKU-10153,SUP-243,939,310,757,0,3
2024-01-29,SKU-10154,SUP-227,118,388,835,835,3
2024-01-29,SKU-10155,SUP-238,1704,285,1166,0,14
2024-01-29,SKU-10156,SUP-204,1510,663,1931,0,5
2024-01-29,SKU-10157,SUP-224,642,666,1374,1374,4
2024-01-29,SKU-10158,SUP-224,1311,772,905,0,9
2024-01-29,SKU-10159,SUP-238,2285,655,721,0,12
2024-01-29,SKU-10160,SUP-229,1202,384,1215,0,11
2024-01-29,SKU-10161,SUP-233,2243,449,1206,0,7
2024-01-29,SKU-10162,SUP-216,977,203,948,0,9
2024-01-29,SKU-10163,SUP-235,474,245,830,0,11
2024-01-29,SKU-10164,SUP-200,1350,388,1666,0,11
2024-01-29,SKU-10165,SUP-243,1136,676,1958,0,11
2024-01-29,SKU-10166,SUP-246,198,529,1973,1973,8
2024-01-29,SKU-10167,SUP-207,431,546,1800,1800,11
2024-01-29,SKU-10168,SUP-243,881,555,1460,0,13
2024-01-29,SKU-10169,SUP-234,297,219,562,0,14
2024-01-29,SKU-10170,SUP-248,1832,588,1235,0,3
2024-01-29,SKU-10171,SUP-217,1873,370,697,0,11
2024-01-29,SKU-10172,SUP-249,1766,409,1719,0,13
2024-01-29,SKU-10173,SUP-241,2,612,1481,1481,6
2024-01-29,SKU-10174,SUP-221,1878,739,1838,0,8
2024-01-29,SKU-10175,SUP-207,2285,476,1527,0,7
2024-01-29,SKU-10176,SUP-218,932,731,1722,0,9
2024-01-29,SKU-10177,SUP-227,51,760,588,588,8
2024-01-29,SKU-10178,SUP-210,1404,227,774,0,13
2024-01-29,SKU-10179,SUP-229,343,652,791,791,12
2024-01-29,SKU-10180,SUP-200,1291,500,673,0,12
2024-01-29,SKU-10181,SUP-246,0,639,1736,1736,12
2024-01-29,SKU-10182,SUP-246,259,236,1502,0,12
2024-01-29,SKU-10183,SUP-216,1322,735,1848,0,10
2024-01-29,SKU-10184,SUP-232,642,285,1684,0,3
2024-01-29,SKU-10185,SUP-248,1892,417,505,0,5
2024-01-29,SKU-10186,SUP-211,364,434,1907,1907,14
2024-01-29,SKU-10187,SUP-232,927,727,1095,0,12
2024-01-29,SKU-10188,SUP-206,1336,796,1528,0,5
2024-01-29,SKU-10189,SUP-240,1262,406,1049,0,6
2024-01-29,SKU-10190,SUP-219,1657,799,1698,0,10
2024-01-29,SKU-10191,SUP-240,255,716,1150,1150,8
2024-01-29,SKU-10192,SUP-232,1700,445,647,0,7
2024-01-29,SKU-10193,SUP-238,724,618,1276,0,3
2024-01-29,SKU-10194,SUP-212,416,427,1560,1560,13
2024-01-29,SKU-10195,SUP-209,1041,308,655,0,6
2024-01-29,SKU-10196,SUP-223,1958,459,770,0,14
2024-01-29,SKU-10197,SUP-248,370,423,694,694,4
2024-01-29,SKU-10198,SUP-210,2080,736,1071,0,6
2024-01-29,SKU-10199,SUP-234,487,765,1895,1895,3
2024-01-29,SKU-10200,SUP-249,959,661,1121,0,10
2024-01-29,SKU-10201,SUP-233,1683,214,541,0,6
2024-01-29,SKU-10202,SUP-200,767,292,580,0,7
2024-01-29,SKU-10203,SUP-238,1543,697,1157,0,11
2024-01-29,SKU-10204,SUP-220,1652,513,851,0,8
2024-01-29,SKU-10205,SUP-231,761,526,622,0,4
2024-01-29,SKU-10206,SUP-201,1123,201,1669,0,6
2024-01-29,SKU-10207,SUP-207,1250,681,1565,0,8
2024-01-29,SKU-10208,SUP-223,1351,420,548,0,10
2024-01-29,SKU-10209,SUP-219,230,227,592,0,5
2024-01-29,SKU-10210,SUP-215,1249,297,1831,0,4
2024-01-29,SKU-10211,SUP-203,1588,759,1877,0,14
2024-01-29,SKU-10212,SUP-215,2251,726,1003,0,8
2024-01-29,SKU-10213,SUP-236,2064,519,1103,0,13
2024-01-29,SKU-10214,SUP-205,2266,469,591,0,6
2024-01-29,SKU-10215,SUP-205,1392,591,1013,0,10
2024-01-29,SKU-10216,SUP-246,1434,638,1130,0,7
2024-01-29,SKU-10217,SUP-231,1066,407,1128,0,11
2024-01-29,SKU-10218,SUP-204,109,733,1935,1935,3
2024-01-29,SKU-10219,SUP-248,723,487,766,0,12
2024-01-29,SKU-10220,SUP-234,1231,424,1464,0,11
2024-01-29,SKU-10221,SUP-249,284,294,861,861,9
2024-01-29,SKU-10222,SUP-208,1320,793,1987,0,3
2024-01-29,SKU-10223,SUP-208,595,525,1299,0,7
2024-01-29,SKU-10224,SUP-242,1953,758,767,0,7
2024-01-29,SKU-10225,SUP-230,831,477,1662,0,9
2024-01-29,SKU-10226,SUP-235,1128,369,1739,0,7
2024-01-29,SKU-10227,SUP-210,1562,433,1108,0,4
2024-01-29,SKU-10228,SUP-216,1507,437,863,0,11
2024-01-29,SKU-10229,SUP-233,1030,683,612,0,4
2024-01-29,SKU-10230,SUP-238,1814,206,1524,0,8
2024-01-29,SKU-10231,SUP-227,1701,791,814,0,4
2024-01-29,SKU-10232,SUP-213,112,719,742,742,10
2024-01-29,SKU-10233,SUP-234,803,739,1991,0,12
2024-01-29,SKU-10234,SUP-248,821,379,1048,0,4
2024-01-29,SKU-10235,SUP-246,858,425,1456,0,14
2024-01-29,SKU-10236,SUP-244,1179,313,1094,0,13
2024-01-29,SKU-10237,SUP-212,1841,351,1683,0,13
2024-01-29,SKU-10238,SUP-245,2166,538,1912,0,11
2024-01-29,SKU-10239,SUP-219,677,456,1745,0,14
2024-01-29,SKU-10240,SUP-225,1741,214,1348,0,6
2024-01-29,SKU-10241,SUP-242,78,276,1041,1041,12
2024-01-29,SKU-10242,SUP-241,733,249,1529,0,13
2024-01-29,SKU-10243,SUP-223,255,532,1177,1177,14
2024-01-29,SKU-10244,SUP-228,2372,709,767,0,6
2024-01-29,SKU-10245,SUP-233,1376,421,777,0,8
2024-01-29,SKU-10246,SUP-228,556,241,1590,0,11
2024-01-29,SKU-10247,SUP-207,90,396,877,877,11
2024-01-29,SKU-10248,SUP-215,443,688,1136,1136,12
2024-01-29,SKU-10249,SUP-214,1594,361,965,0,8
2024-01-29,SKU-10250,SUP-204,1963,767,1309,0,9
2024-01-29,SKU-10251,SUP-221,2342,484,1933,0,9
2024-01-29,SKU-10252,SUP-201,800,464,1352,0,12
2024-01-29,SKU-10253,SUP-237,1414,206,522,0,9
2024-01-29,SKU-10254,SUP-235,1751,465,757,0,6
2024-01-29,SKU-10255,SUP-214,1528,296,1551,0,7
2024-01-29,SKU-10256,SUP-237,1546,303,1565,0,11
2024-01-29,SKU-10257,SUP-214,2259,639,1561,0,7
2024-01-29,SKU-10258,SUP-200,1860,703,1073,0,4
2024-01-29,SKU-10259,SUP-204,2217,558,1122,0,8
2024-01-29,SKU-10260,SUP-245,2151,333,1200,0,3
2024-01-29,SKU-10261,SUP-240,1352,451,705,0,6
2024-01-29,SKU-10262,SUP-203,446,729,690,690,11
2024-01-29,SKU-10263,SUP-214,307,632,773,773,4
2024-01-29,SKU-10264,SUP-204,37,277,1844,1844,10
2024-01-29,SKU-10265,SUP-202,489,238,1398,0,14
2024-01-29,SKU-10266,SUP-221,1347,595,1802,0,11
2024-01-29,SKU-10267,SUP-204,415,426,1715,1715,3
2024-01-29,SKU-10268,SUP-232,315,513,1738,1738,4
2024-01-29,SKU-10269,SUP-215,532,775,769,769,9
2024-01-29,SKU-10270,SUP-217,1734,278,1831,0,12
2024-01-29,SKU-10271,SUP-242,1765,742,960,0,9
2024-01-29,SKU-10272,SUP-231,889,792,1863,0,13
2024-01-29,SKU-10273,SUP-213,2055,366,697,0,9
2024-01-29,SKU-10274,SUP-234,2014,729,1013,0,11
2024-01-29,SKU-10275,SUP-208,883,613,990,0,10
2024-01-29,SKU-10276,SUP-246,1500,768,1041,0,13
2024-01-29,SKU-10277,SUP-236,1386,235,1622,0,3
2024-01-29,SKU-10278,SUP-236,835,700,1153,0,3
2024-01-29,SKU-10279,SUP-230,1275,678,739,0,3
2024-01-29,SKU-10280,SUP-215,1746,487,633,0,8
2024-01-29,SKU-10281,SUP-230,125,610,873,873,7
2024-01-29,SKU-10282,SUP-226,50,471,505,505,9
2024-01-29,SKU-10283,SUP-212,1717,686,1296,0,9
2024-01-29,SKU-10284,SUP-206,1966,705,1132,0,14
2024-01-29,SKU-10285,SUP-206,0,331,951,951,4
2024-01-29,SKU-10286,SUP-242,858,365,909,0,11
2024-01-29,SKU-10287,SUP-227,1599,295,1070,0,6
2024-01-29,SKU-10288,SUP-222,122,762,1513,1513,13
2024-01-29,SKU-10289,SUP-227,687,376,1114,0,7
2024-01-29,SKU-10290,SUP-226,2,710,1526,1526,8
2024-01-29,SKU-10291,SUP-229,1004,297,1487,0,14
2024-01-29,SKU-10292,SUP-246,1013,583,650,0,10
2024-01-29,SKU-10293,SUP-203,444,301,1440,0,6
2024-01-29,SKU-10294,SUP-243,292,247,830,0,12
2024-01-29,SKU-10295,SUP-241,1471,296,1874,0,12
2024-01-29,SKU-10296,SUP-241,122,307,663,663,5
2024-01-29,SKU-10297,SUP-206,678,699,1484,1484,9
2024-01-29,SKU-10298,SUP-203,428,687,723,723,9
2024-01-29,SKU-10299,SUP-225,824,300,1265,0,4
2024-01-29,SKU-10300,SUP-246,1563,711,889,0,5
2024-01-29,SKU-10301,SUP-221,1520,704,1262,0,12
2024-01-29,SKU-10302,SUP-206,635,474,1900,0,3
2024-01-29,SKU-10303,SUP-215,2134,203,995,0,13
2024-01-29,SKU-10304,SUP-212,215,637,1327,1327,6
2024-01-29,SKU-10305,SUP-212,10,248,619,619,4
2024-01-29,SKU-10306,SUP-234,1820,383,844,0,6
2024-01-29,SKU-10307,SUP-228,1336,538,958,0,3
2024-01-29,SKU-10308,SUP-208,503,724,1579,1579,13
2024-01-29,SKU-10309,SUP-227,243,605,1167,1167,4
2024-01-29,SKU-10310,SUP-211,1685,774,1610,0,3
2024-01-29,SKU-10311,SUP-217,1153,399,1885,0,9
2024-01-29,SKU-10312,SUP-229,1525,446,1440,0,14
2024-01-29,SKU-10313,SUP-215,428,417,1489,0,12
2024-01-29,SKU-10314,SUP-204,1733,299,1606,0,14
2024-01-29,SKU-10315,SUP-228,2233,449,1712,0,4
2024-01-29,SKU-10316,SUP-235,1564,418,1540,0,6
2024-01-29,SKU-10317,SUP-206,905,341,845,0,4
2024-01-29,SKU-10318,SUP-203,1993,375,1971,0,4
2024-01-29,SKU-10319,SUP-241,1960,378,1143,0,3
2024-01-29,SKU-10320,SUP-234,1824,769,993,0,3
2024-01-29,SKU-10321,SUP-200,1135,294,855,0,11
2024-01-29,SKU-10322,SUP-205,1965,301,520,0,5
2024-01-29,SKU-10323,SUP-248,497,753,1048,1048,10
2024-01-29,SKU-10324,SUP-215,1120,238,546,0,10
2024-01-29,SKU-10325,SUP-210,906,309,1723,0,3
2024-01-29,SKU-10326,SUP-226,2060,370,1670,0,8
2024-01-29,SKU-10327,SUP-231,1455,250,1808,0,5
2024-01-29,SKU-10328,SUP-230,1316,222,1268,0,11
2024-01-29,SKU-10329,SUP-213,664,200,1051,0,11
2024-01-29,SKU-10330,SUP-225,1792,521,1408,0,13
2024-01-29,SKU-10331,SUP-203,1792,325,765,0,3
2024-01-29,SKU-10332,SUP-210,1510,445,1761,0,11
2024-01-29,SKU-10333,SUP-224,809,323,1591,0,8
2024-01-29,SKU-10334,SUP-200,2042,560,1908,0,7
2024-01-29,SKU-10335,SUP-224,769,793,954,954,12
2024-01-29,SKU-10336,SUP-216,680,776,1200,1200,11
2024-01-29,SKU-10337,SUP-229,273,594,595,595,7
2024-01-29,SKU-10338,SUP-218,835,420,1842,0,10
2024-01-29,SKU-10339,SUP-227,1971,518,1840,0,5
2024-01-29,SKU-10340,SUP-244,300,255,1800,0,12
2024-01-29,SKU-10341,SUP-246,626,217,1324,0,8
2024-01-29,SKU-10342,SUP-235,1212,424,1351,0,12
2024-01-29,SKU-10343,SUP-242,83,537,1006,1006,12
2024-01-29,SKU-10344,SUP-245,1485,598,601,0,12
2024-01-29,SKU-10345,SUP-231,1023,684,1884,0,13
2024-01-29,SKU-10346,SUP-209,1601,557,1411,0,9
2024-01-29,SKU-10347,SUP-212,872,266,987,0,3
2024-01-29,SKU-10348,SUP-218,1202,556,747,0,12
2024-01-29,SKU-10349,SUP-213,1273,330,875,0,3
2024-01-29,SKU-10350,SUP-203,1961,301,556,0,3
2024-01-29,SKU-10351,SUP-237,383,371,1505,0,3
2024-01-29,SKU-10352,SUP-247,145,340,1836,1836,6
2024-01-29,SKU-10353,SUP-234,1331,331,864,0,12
2024-01-29,SKU-10354,SUP-203,1032,502,880,0,3
2024-01-29,SKU-10355,SUP-247,1564,486,667,0,9
2024-01-29,SKU-10356,SUP-220,926,529,1746,0,14
2024-01-29,SKU-10357,SUP-203,1501,441,1827,0,12
2024-01-29,SKU-10358,SUP-203,2271,668,634,0,6
2024-01-29,SKU-10359,SUP-237,0,797,1185,1185,8
2024-01-29,SKU-10360,SUP-230,139,605,999,999,5
2024-01-29,SKU-10361,SUP-232,1369,628,1155,0,4
2024-01-29,SKU-10362,SUP-233,1914,223,1481,0,4
2024-01-29,SKU-10363,SUP-210,1773,666,1324,0,14
2024-01-29,SKU-10364,SUP-203,932,797,964,0,4
2024-01-29,SKU-10365,SUP-232,476,447,1860,0,11
2024-01-29,SKU-10366,SUP-205,2359,433,1711,0,7
2024-01-29,SKU-10367,SUP-211,2014,622,524,0,14
2024-01-29,SKU-10368,SUP-204,940,333,1654,0,6
2024-01-29,SKU-10369,SUP-238,1687,617,1076,0,12
2024-01-29,SKU-10370,SUP-204,360,751,1553,1553,12
2024-01-29,SKU-10371,SUP-243,2287,641,1962,0,6
2024-01-29,SKU-10372,SUP-215,290,789,1122,1122,9
2024-01-29,SKU-10373,SUP-225,1827,453,1970,0,12
2024-01-29,SKU-10374,SUP-207,78,479,903,903,10
2024-01-29,SKU-10375,SUP-236,866,581,517,0,8
2024-01-29,SKU-10376,SUP-215,1443,693,1649,0,6
2024-01-29,SKU-10377,SUP-237,422,508,1106,1106,12
2024-01-29,SKU-10378,SUP-238,809,303,1165,0,6
2024-01-29,SKU-10379,SUP-202,487,587,1935,1935,8
2024-01-29,SKU-10380,SUP-239,1972,760,1379,0,8
2024-01-29,SKU-10381,SUP-205,2217,345,1654,0,4
2024-01-29,SKU-10382,SUP-226,2055,634,1335,0,5
2024-01-29,SKU-10383,SUP-242,303,533,1821,1821,3
2024-01-29,SKU-10384,SUP-237,564,596,1033,1033,11
2024-01-29,SKU-10385,SUP-236,623,655,1324,1324,7
2024-01-29,SKU-10386,SUP-233,80,755,1064,1064,3
2024-01-29,SKU-10387,SUP-220,1230,362,750,0,11
2024-01-29,SKU-10388,SUP-216,512,317,868,0,14
2024-01-29,SKU-10389,SUP-213,856,394,1105,0,6
2024-01-29,SKU-10390,SUP-242,1262,495,1462,0,13
2024-01-29,SKU-10391,SUP-245,87,234,1018,1018,8
2024-01-29,SKU-10392,SUP-220,1646,256,1887,0,14
2024-01-29,SKU-10393,SUP-215,2145,536,501,0,9
2024-01-29,SKU-10394,SUP-216,2264,787,729,0,8
2024-01-29,SKU-10395,SUP-225,1553,784,1117,0,12
2024-01-29,SKU-10396,SUP-208,2325,417,1452,0,11
2024-01-29,SKU-10397,SUP-242,2144,305,784,0,6
2024-01-29,SKU-10398,SUP-241,2364,379,1562,0,7
2024-01-29,SKU-10399,SUP-219,2374,382,1051,0,8
2024-01-29,SKU-10400,SUP-229,1289,672,965,0,4
2024-01-29,SKU-10401,SUP-220,1093,319,1195,0,7
2024-01-29,SKU-10402,SUP-248,347,315,1174,0,6
2024-01-29,SKU-10403,SUP-204,1402,309,699,0,10
2024-01-29,SKU-10404,SUP-200,2138,272,1377,0,5
2024-01-29,SKU-10405,SUP-229,1347,314,524,0,3
2024-01-29,SKU-10406,SUP-239,1075,419,1526,0,14
2024-01-29,SKU-10407,SUP-236,289,750,1676,1676,11
2024-01-29,SKU-10408,SUP-206,67,702,658,658,3
2024-01-29,SKU-10409,SUP-204,554,689,691,691,6
2024-01-29,SKU-10410,SUP-234,746,276,1232,0,9
2024-01-29,SKU-10411,SUP-213,1497,290,1067,0,6
2024-01-29,SKU-10412,SUP-232,1353,635,1415,0,9
2024-01-29,SKU-10413,SUP-216,795,313,1581,0,14
2024-01-29,SKU-10414,SUP-208,1981,211,893,0,8
2024-01-29,SKU-10415,SUP-222,542,429,855,0,10
2024-01-29,SKU-10416,SUP-204,448,679,519,519,9
2024-01-29,SKU-10417,SUP-215,547,760,1959,1959,4
2024-01-29,SKU-10418,SUP-223,1409,535,1021,0,13
2024-01-29,SKU-10419,SUP-218,972,415,733,0,12
2024-01-29,SKU-10420,SUP-210,1245,601,984,0,8
2024-01-29,SKU-10421,SUP-228,183,706,643,643,9
2024-01-29,SKU-10422,SUP-234,238,519,1908,1908,14
2024-01-29,SKU-10423,SUP-245,509,737,1061,1061,4
2024-01-29,SKU-10424,SUP-219,2142,618,1091,0,9
2024-01-29,SKU-10425,SUP-239,48,316,1009,1009,10
2024-01-29,SKU-10426,SUP-241,1006,749,1274,0,3
2024-01-29,SKU-10427,SUP-233,193,241,1823,1823,6
2024-01-29,SKU-10428,SUP-200,1582,276,1291,0,9
2024-01-29,SKU-10429,SUP-242,1962,612,828,0,9
2024-01-29,SKU-10430,SUP-235,682,244,844,0,12
2024-01-29,SKU-10431,SUP-219,1306,318,1351,0,4
2024-01-29,SKU-10432,SUP-242,404,729,546,546,3
2024-01-29,SKU-10433,SUP-206,160,222,1793,1793,14
2024-01-29,SKU-10434,SUP-208,1637,782,998,0,7
2024-01-29,SKU-10435,SUP-216,336,711,1688,1688,13
2024-01-29,SKU-10436,SUP-207,1849,768,1527,0,8
2024-01-29,SKU-10437,SUP-206,1667,746,1377,0,7
2024-01-29,SKU-10438,SUP-247,505,576,716,716,12
2024-01-29,SKU-10439,SUP-235,2206,389,501,0,13
2024-01-29,SKU-10440,SUP-209,318,599,1283,1283,5
2024-01-29,SKU-10441,SUP-217,452,431,915,0,14
2024-01-29,SKU-10442,SUP-218,516,271,1895,0,7
2024-01-29,SKU-10443,SUP-238,1773,222,1483,0,12
2024-01-29,SKU-10444,SUP-213,2156,296,1038,0,5
2024-01-29,SKU-10445,SUP-245,1751,398,1737,0,12
2024-01-29,SKU-10446,SUP-221,1269,779,1471,0,5
2024-01-29,SKU-10447,SUP-213,1192,522,844,0,12
2024-01-29,SKU-10448,SUP-243,2334,401,1974,0,10
2024-01-29,SKU-10449,SUP-240,1157,634,1555,0,10
2024-01-29,SKU-10450,SUP-216,1694,468,1214,0,12
2024-01-29,SKU-10451,SUP-232,128,451,1067,1067,14
2024-01-29,SKU-10452,SUP-231,633,572,675,0,11
2024-01-29,SKU-10453,SUP-216,972,638,1834,0,8
2024-01-29,SKU-10454,SUP-203,1914,668,1247,0,6
2024-01-29,SKU-10455,SUP-205,315,558,1580,1580,9
2024-01-29,SKU-10456,SUP-240,1932,562,1469,0,6
2024-01-29,SKU-10457,SUP-227,1529,486,722,0,6
2024-01-29,SKU-10458,SUP-217,986,511,1997,0,12
2024-01-29,SKU-10459,SUP-202,1740,746,1403,0,9
2024-01-29,SKU-10460,SUP-200,909,720,1342,0,7
2024-01-29,SKU-10461,SUP-221,1501,526,1382,0,10
2024-01-29,SKU-10462,SUP-249,887,242,1805,0,8
2024-01-29,SKU-10463,SUP-208,1674,414,1548,0,14
2024-01-29,SKU-10464,SUP-240,527,635,882,882,3
2024-01-29,SKU-10465,SUP-216,2168,727,1214,0,8
2024-01-29,SKU-10466,SUP-210,1583,785,1641,0,12
2024-01-29,SKU-10467,SUP-247,485,425,724,0,9
2024-01-29,SKU-10468,SUP-228,1775,596,1920,0,7
2024-01-29,SKU-10469,SUP-235,323,559,1337,1337,14
2024-01-29,SKU-10470,SUP-245,1732,362,1874,0,13
2024-01-29,SKU-10471,SUP-227,878,431,1348,0,14
2024-01-29,SKU-10472,SUP-235,429,367,564,0,4
2024-01-29,SKU-10473,SUP-200,1977,369,1237,0,9
2024-01-29,SKU-10474,SUP-207,815,205,763,0,5
2024-01-29,SKU-10475,SUP-204,93,464,1684,1684,10
2024-01-29,SKU-10476,SUP-244,2331,361,1866,0,3
2024-01-29,SKU-10477,SUP-209,658,735,629,629,12
2024-01-29,SKU-10478,SUP-234,464,511,531,531,8
2024-01-29,SKU-10479,SUP-202,134,233,1351,1351,3
2024-01-29,SKU-10480,SUP-223,1067,707,812,0,8
2024-01-29,SKU-10481,SUP-237,793,628,1499,0,4
2024-01-29,SKU-10482,SUP-235,820,488,595,0,11
2024-01-29,SKU-10483,SUP-209,1394,410,1981,0,13
2024-01-29,SKU-10484,SUP-227,667,402,611,0,10
2024-01-29,SKU-10485,SUP-208,941,769,1360,0,7
2024-01-29,SKU-10486,SUP-202,1109,541,1255,0,4
2024-01-29,SKU-10487,SUP-219,216,428,1863,1863,8
2024-01-29,SKU-10488,SUP-223,1523,225,839,0,8
2024-01-29,SKU-10489,SUP-202,1825,548,1827,0,11
2024-01-29,SKU-10490,SUP-222,1287,429,835,0,5
2024-01-29,SKU-10491,SUP-213,629,378,756,0,11
2024-01-29,SKU-10492,SUP-243,816,239,1434,0,6
2024-01-29,SKU-10493,SUP-215,1441,529,742,0,7
2024-01-29,SKU-10494,SUP-242,810,294,1654,0,9
2024-01-29,SKU-10495,SUP-206,679,740,1077,1077,3
2024-01-29,SKU-10496,SUP-222,1201,622,712,0,11
2024-01-29,SKU-10497,SUP-249,965,626,1398,0,11
2024-01-29,SKU-10498,SUP-235,697,218,1610,0,4
2024-01-29,SKU-10499,SUP-226,1794,436,1060,0,8
2024-01-30,SKU-10000,SUP-240,1576,370,1661,0,7
2024-01-30,SKU-10001,SUP-207,1607,616,1484,0,14
2024-01-30,SKU-10002,SUP-201,879,281,1778,0,9
2024-01-30,SKU-10003,SUP-247,1901,598,655,0,13
2024-01-30,SKU-10004,SUP-217,971,226,1442,0,10
2024-01-30,SKU-10005,SUP-215,474,220,1764,0,13
2024-01-30,SKU-10006,SUP-214,616,420,1432,0,8
2024-01-30,SKU-10007,SUP-208,1641,441,1505,0,14
2024-01-30,SKU-10008,SUP-247,284,700,1994,1994,14
2024-01-30,SKU-10009,SUP-206,811,514,1280,0,5
2024-01-30,SKU-10010,SUP-243,480,468,1607,0,9
2024-01-30,SKU-10011,SUP-247,1569,787,1475,0,3
2024-01-30,SKU-10012,SUP-234,78,507,616,616,14
2024-01-30,SKU-10013,SUP-205,1290,524,1528,0,7
2024-01-30,SKU-10014,SUP-237,1664,255,1518,0,5
2024-01-30,SKU-10015,SUP-227,2338,555,1941,0,7
2024-01-30,SKU-10016,SUP-202,227,348,1824,1824,7
2024-01-30,SKU-10017,SUP-201,1899,260,1430,0,5
2024-01-30,SKU-10018,SUP-205,688,695,1122,1122,12
2024-01-30,SKU-10019,SUP-213,695,427,1264,0,7
2024-01-30,SKU-10020,SUP-214,430,386,1053,0,9
2024-01-30,SKU-10021,SUP-232,337,738,673,673,3
2024-01-30,SKU-10022,SUP-238,1261,726,1452,0,7
2024-01-30,SKU-10023,SUP-201,953,778,1270,0,6
2024-01-30,SKU-10024,SUP-235,710,373,886,0,10
2024-01-30,SKU-10025,SUP-212,446,486,1614,1614,3
2024-01-30,SKU-10026,SUP-245,2088,351,1076,0,12
2024-01-30,SKU-10027,SUP-241,1032,762,1119,0,10
2024-01-30,SKU-10028,SUP-244,2228,391,1933,0,7
2024-01-30,SKU-10029,SUP-234,1377,225,985,0,7
2024-01-30,SKU-10030,SUP-226,1830,292,720,0,5
2024-01-30,SKU-10031,SUP-214,584,781,1084,1084,10
2024-01-30,SKU-10032,SUP-228,2069,489,998,0,10
2024-01-30,SKU-10033,SUP-237,604,721,1545,1545,14
2024-01-30,SKU-10034,SUP-217,1422,309,1000,0,3
2024-01-30,SKU-10035,SUP-200,1659,223,1876,0,6
2024-01-30,SKU-10036,SUP-248,823,287,1080,0,8
2024-01-30,SKU-10037,SUP-210,1532,291,644,0,9
2024-01-30,SKU-10038,SUP-244,1945,740,736,0,10
2024-01-30,SKU-10039,SUP-227,2226,791,1865,0,13
2024-01-30,SKU-10040,SUP-221,1410,445,1327,0,13
2024-01-30,SKU-10041,SUP-217,785,403,1996,0,12
2024-01-30,SKU-10042,SUP-209,2183,247,1613,0,13
2024-01-30,SKU-10043,SUP-213,1323,744,679,0,6
2024-01-30,SKU-10044,SUP-248,0,419,1702,1702,12
2024-01-30,SKU-10045,SUP-221,1652,793,565,0,8
2024-01-30,SKU-10046,SUP-206,239,553,1074,1074,10
2024-01-30,SKU-10047,SUP-205,1863,236,1407,0,4
2024-01-30,SKU-10048,SUP-224,1219,785,1800,0,13
2024-01-30,SKU-10049,SUP-206,1515,374,1734,0,4
2024-01-30,SKU-10050,SUP-222,1475,353,1819,0,5
2024-01-30,SKU-10051,SUP-222,804,564,1433,0,6
2024-01-30,SKU-10052,SUP-238,167,563,750,750,9
2024-01-30,SKU-10053,SUP-216,440,565,1502,1502,9
2024-01-30,SKU-10054,SUP-202,1830,380,648,0,4
2024-01-30,SKU-10055,SUP-246,2112,748,1572,0,11
2024-01-30,SKU-10056,SUP-229,892,754,1729,0,4
2024-01-30,SKU-10057,SUP-234,2030,294,1956,0,4
2024-01-30,SKU-10058,SUP-207,1253,686,1110,0,9
2024-01-30,SKU-10059,SUP-224,297,496,1011,1011,12
2024-01-30,SKU-10060,SUP-205,1630,424,1149,0,4
2024-01-30,SKU-10061,SUP-235,613,530,891,0,3
2024-01-30,SKU-10062,SUP-218,1460,650,782,0,9
2024-01-30,SKU-10063,SUP-240,684,510,907,0,5
2024-01-30,SKU-10064,SUP-239,2017,557,772,0,4
2024-01-30,SKU-10065,SUP-223,2108,342,1690,0,12
2024-01-30,SKU-10066,SUP-236,1464,435,559,0,13
2024-01-30,SKU-10067,SUP-212,524,432,1447,0,7
2024-01-30,SKU-10068,SUP-245,2240,286,1247,0,14
2024-01-30,SKU-10069,SUP-204,1117,576,886,0,8
2024-01-30,SKU-10070,SUP-202,1919,446,885,0,8
2024-01-30,SKU-10071,SUP-242,382,593,1600,1600,13
2024-01-30,SKU-10072,SUP-214,1470,608,1873,0,4
2024-01-30,SKU-10073,SUP-249,741,662,1053,0,12
2024-01-30,SKU-10074,SUP-218,1705,270,745,0,4
2024-01-30,SKU-10075,SUP-205,816,261,1379,0,13
2024-01-30,SKU-10076,SUP-214,277,577,1225,1225,6
2024-01-30,SKU-10077,SUP-206,2327,485,1979,0,5
2024-01-30,SKU-10078,SUP-224,111,704,1645,1645,10
2024-01-30,SKU-10079,SUP-217,1720,553,674,0,4
2024-01-30,SKU-10080,SUP-229,2200,669,1549,0,14
2024-01-30,SKU-10081,SUP-240,1318,723,1628,0,6
2024-01-30,SKU-10082,SUP-223,1165,287,1150,0,4
2024-01-30,SKU-10083,SUP-210,1425,525,1098,0,10
2024-01-30,SKU-10084,SUP-223,1452,321,1255,0,4
2024-01-30,SKU-10085,SUP-222,217,502,1598,1598,5
2024-01-30,SKU-10086,SUP-213,1154,504,529,0,10
2024-01-30,SKU-10087,SUP-242,1143,207,1714,0,13
2024-01-30,SKU-10088,SUP-217,154,551,929,929,8
2024-01-30,SKU-10089,SUP-244,1447,281,1010,0,4
2024-01-30,SKU-10090,SUP-243,953,466,1574,0,14
2024-01-30,SKU-10091,SUP-241,309,542,530,530,8
2024-01-30,SKU-10092,SUP-204,1382,741,656,0,3
2024-01-30,SKU-10093,SUP-238,840,605,1187,0,9
2024-01-30,SKU-10094,SUP-240,1067,349,1422,0,9
2024-01-30,SKU-10095,SUP-210,322,686,1476,1476,5
2024-01-30,SKU-10096,SUP-234,1078,793,1263,0,14
2024-01-30,SKU-10097,SUP-246,1549,490,1905,0,7
2024-01-30,SKU-10098,SUP-215,1006,201,1687,0,6
2024-01-30,SKU-10099,SUP-210,1242,293,703,0,13
2024-01-30,SKU-10100,SUP-229,0,339,1133,1133,10
2024-01-30,SKU-10101,SUP-224,957,527,1678,0,6
2024-01-30,SKU-10102,SUP-217,893,203,1227,0,10
2024-01-30,SKU-10103,SUP-240,1614,268,790,0,3
2024-01-30,SKU-10104,SUP-244,1677,531,929,0,10
2024-01-30,SKU-10105,SUP-235,2182,405,1545,0,11
2024-01-30,SKU-10106,SUP-214,1469,635,1298,0,4
2024-01-30,SKU-10107,SUP-243,1178,331,1355,0,12
2024-01-30,SKU-10108,SUP-220,1369,463,1053,0,3
2024-01-30,SKU-10109,SUP-249,1122,524,1366,0,11
2024-01-30,SKU-10110,SUP-249,385,422,1234,1234,3
2024-01-30,SKU-10111,SUP-203,1266,299,1215,0,7
2024-01-30,SKU-10112,SUP-214,1709,288,839,0,6
2024-01-30,SKU-10113,SUP-202,1382,370,916,0,7
2024-01-30,SKU-10114,SUP-220,2272,635,699,0,13
2024-01-30,SKU-10115,SUP-225,1454,578,1329,0,12
2024-01-30,SKU-10116,SUP-217,1459,418,676,0,4
2024-01-30,SKU-10117,SUP-204,584,362,1807,0,3
2024-01-30,SKU-10118,SUP-213,775,249,1316,0,12
2024-01-30,SKU-10119,SUP-236,1658,604,1107,0,11
2024-01-30,SKU-10120,SUP-245,1048,701,1586,0,5
2024-01-30,SKU-10121,SUP-220,248,663,1812,1812,5
2024-01-30,SKU-10122,SUP-213,1041,606,836,0,3
2024-01-30,SKU-10123,SUP-241,2256,262,939,0,5
2024-01-30,SKU-10124,SUP-231,766,282,1933,0,11
2024-01-30,SKU-10125,SUP-225,153,537,705,705,4
2024-01-30,SKU-10126,SUP-241,572,552,1913,0,9
2024-01-30,SKU-10127,SUP-229,1319,301,660,0,11
2024-01-30,SKU-10128,SUP-209,1052,342,1501,0,5
2024-01-30,SKU-10129,SUP-216,2141,320,1312,0,8
2024-01-30,SKU-10130,SUP-208,136,512,734,734,11
2024-01-30,SKU-10131,SUP-215,180,423,684,684,14
2024-01-30,SKU-10132,SUP-247,903,326,1399,0,9
2024-01-30,SKU-10133,SUP-235,2094,467,582,0,6
2024-01-30,SKU-10134,SUP-234,232,562,610,610,8
2024-01-30,SKU-10135,SUP-216,1895,222,655,0,13
2024-01-30,SKU-10136,SUP-247,2258,297,803,0,4
2024-01-30,SKU-10137,SUP-237,1597,641,1173,0,11
2024-01-30,SKU-10138,SUP-227,2279,635,853,0,5
2024-01-30,SKU-10139,SUP-237,1214,306,1169,0,9
2024-01-30,SKU-10140,SUP-225,56,609,1562,1562,3
2024-01-30,SKU-10141,SUP-223,1538,377,883,0,5
2024-01-30,SKU-10142,SUP-214,1523,400,896,0,12
2024-01-30,SKU-10143,SUP-208,586,770,1759,1759,3
2024-01-30,SKU-10144,SUP-232,1994,751,581,0,4
2024-01-30,SKU-10145,SUP-231,71,723,1922,1922,13
2024-01-30,SKU-10146,SUP-205,2081,288,1890,0,10
2024-01-30,SKU-10147,SUP-248,1326,771,1979,0,3
2024-01-30,SKU-10148,SUP-203,2276,413,1093,0,13
2024-01-30,SKU-10149,SUP-207,1761,688,827,0,7
2024-01-30,SKU-10150,SUP-209,2011,514,1113,0,14
2024-01-30,SKU-10151,SUP-240,349,659,869,869,7
2024-01-30,SKU-10152,SUP-210,33,382,1815,1815,10
2024-01-30,SKU-10153,SUP-243,1310,284,1697,0,6
2024-01-30,SKU-10154,SUP-227,1526,383,1790,0,8
2024-01-30,SKU-10155,SUP-238,1728,312,785,0,13
2024-01-30,SKU-10156,SUP-204,1621,736,1041,0,9
2024-01-30,SKU-10157,SUP-224,646,784,919,919,5
2024-01-30,SKU-10158,SUP-224,619,455,1153,0,6
2024-01-30,SKU-10159,SUP-238,1544,480,668,0,7
2024-01-30,SKU-10160,SUP-229,986,227,543,0,7
2024-01-30,SKU-10161,SUP-233,665,572,796,0,14
2024-01-30,SKU-10162,SUP-216,60,580,1422,1422,11
2024-01-30,SKU-10163,SUP-235,108,213,976,976,10
2024-01-30,SKU-10164,SUP-200,2043,294,767,0,3
2024-01-30,SKU-10165,SUP-243,2009,293,797,0,3
2024-01-30,SKU-10166,SUP-246,760,647,1343,0,6
2024-01-30,SKU-10167,SUP-207,766,451,1995,0,14
2024-01-30,SKU-10168,SUP-243,2081,359,1011,0,13
2024-01-30,SKU-10169,SUP-234,1704,773,758,0,3
2024-01-30,SKU-10170,SUP-248,655,667,865,865,11
2024-01-30,SKU-10171,SUP-217,1420,242,1681,0,13
2024-01-30,SKU-10172,SUP-249,2009,611,893,0,12
2024-01-30,SKU-10173,SUP-241,1884,467,980,0,14
2024-01-30,SKU-10174,SUP-221,467,690,1242,1242,10
2024-01-30,SKU-10175,SUP-207,353,458,701,701,11
2024-01-30,SKU-10176,SUP-218,865,276,1353,0,11
2024-01-30,SKU-10177,SUP-227,1615,589,1981,0,5
2024-01-30,SKU-10178,SUP-210,1479,727,967,0,7
2024-01-30,SKU-10179,SUP-229,1951,205,1113,0,4
2024-01-30,SKU-10180,SUP-200,243,427,1800,1800,5
2024-01-30,SKU-10181,SUP-246,231,274,973,973,7
2024-01-30,SKU-10182,SUP-246,1496,439,1320,0,9
2024-01-30,SKU-10183,SUP-216,708,351,575,0,4
2024-01-30,SKU-10184,SUP-232,1022,459,816,0,6
2024-01-30,SKU-10185,SUP-248,1096,552,913,0,6
2024-01-30,SKU-10186,SUP-211,608,729,1131,1131,8
2024-01-30,SKU-10187,SUP-232,2031,776,866,0,13
2024-01-30,SKU-10188,SUP-206,911,382,893,0,11
2024-01-30,SKU-10189,SUP-240,130,285,619,619,10
2024-01-30,SKU-10190,SUP-219,925,493,860,0,7
2024-01-30,SKU-10191,SUP-240,2256,794,1195,0,10
2024-01-30,SKU-10192,SUP-232,108,732,1321,1321,6
2024-01-30,SKU-10193,SUP-238,472,251,1766,0,4
2024-01-30,SKU-10194,SUP-212,1426,312,1401,0,13
2024-01-30,SKU-10195,SUP-209,1596,546,684,0,14
2024-01-30,SKU-10196,SUP-223,1907,270,1209,0,7
2024-01-30,SKU-10197,SUP-248,1269,661,1371,0,7
2024-01-30,SKU-10198,SUP-210,66,582,1718,1718,7
2024-01-30,SKU-10199,SUP-234,1470,639,1178,0,7
2024-01-30,SKU-10200,SUP-249,1024,654,851,0,13
2024-01-30,SKU-10201,SUP-233,552,491,1461,0,3
2024-01-30,SKU-10202,SUP-200,2306,430,608,0,11
2024-01-30,SKU-10203,SUP-238,2351,325,1079,0,7
2024-01-30,SKU-10204,SUP-220,1962,687,1147,0,6
2024-01-30,SKU-10205,SUP-231,17,291,1598,1598,4
2024-01-30,SKU-10206,SUP-201,160,337,1691,1691,6
2024-01-30,SKU-10207,SUP-207,1770,218,865,0,3
2024-01-30,SKU-10208,SUP-223,1207,558,1140,0,3
2024-01-30,SKU-10209,SUP-219,1696,206,832,0,9
2024-01-30,SKU-10210,SUP-215,1567,729,1082,0,4
2024-01-30,SKU-10211,SUP-203,1729,232,1187,0,9
2024-01-30,SKU-10212,SUP-215,1081,411,1375,0,7
2024-01-30,SKU-10213,SUP-236,1772,575,1600,0,8
2024-01-30,SKU-10214,SUP-205,1412,582,1140,0,14
2024-01-30,SKU-10215,SUP-205,102,602,1649,1649,13
2024-01-30,SKU-10216,SUP-246,1293,678,1533,0,7
2024-01-30,SKU-10217,SUP-231,329,264,608,0,14
2024-01-30,SKU-10218,SUP-204,921,613,1432,0,14
2024-01-30,SKU-10219,SUP-248,2047,412,1280,0,10
2024-01-30,SKU-10220,SUP-234,89,357,1419,1419,8
2024-01-30,SKU-10221,SUP-249,1070,652,1283,0,12
2024-01-30,SKU-10222,SUP-208,602,791,551,551,3
2024-01-30,SKU-10223,SUP-208,1202,529,1284,0,11
2024-01-30,SKU-10224,SUP-242,2330,545,653,0,10
2024-01-30,SKU-10225,SUP-230,1942,578,1899,0,13
2024-01-30,SKU-10226,SUP-235,408,229,1952,0,4
2024-01-30,SKU-10227,SUP-210,2055,395,1239,0,12
2024-01-30,SKU-10228,SUP-216,592,390,1170,0,4
2024-01-30,SKU-10229,SUP-233,1934,748,1235,0,3
2024-01-30,SKU-10230,SUP-238,831,448,1498,0,7
2024-01-30,SKU-10231,SUP-227,703,734,1481,1481,8
2024-01-30,SKU-10232,SUP-213,786,747,811,0,11
2024-01-30,SKU-10233,SUP-234,1495,426,1582,0,3
2024-01-30,SKU-10234,SUP-248,891,460,1926,0,12
2024-01-30,SKU-10235,SUP-246,0,733,552,552,11
2024-01-30,SKU-10236,SUP-244,683,311,1318,0,7
2024-01-30,SKU-10237,SUP-212,692,384,1549,0,11
2024-01-30,SKU-10238,SUP-245,733,720,1743,0,6
2024-01-30,SKU-10239,SUP-219,1934,311,1394,0,13
2024-01-30,SKU-10240,SUP-225,1581,779,638,0,13
2024-01-30,SKU-10241,SUP-242,396,224,905,0,14
2024-01-30,SKU-10242,SUP-241,1335,792,1319,0,6
2024-01-30,SKU-10243,SUP-223,427,357,1691,0,7
2024-01-30,SKU-10244,SUP-228,874,536,1986,0,3
2024-01-30,SKU-10245,SUP-233,425,592,1869,1869,4
2024-01-30,SKU-10246,SUP-228,1703,730,1294,0,10
2024-01-30,SKU-10247,SUP-207,2056,713,904,0,12
2024-01-30,SKU-10248,SUP-215,728,216,703,0,9
2024-01-30,SKU-10249,SUP-214,1416,710,1533,0,3
2024-01-30,SKU-10250,SUP-204,1692,527,1194,0,13
2024-01-30,SKU-10251,SUP-221,1986,247,1274,0,8
2024-01-30,SKU-10252,SUP-201,1010,231,817,0,4
2024-01-30,SKU-10253,SUP-237,886,639,533,0,6
2024-01-30,SKU-10254,SUP-235,140,739,1278,1278,5
2024-01-30,SKU-10255,SUP-214,1434,413,628,0,11
2024-01-30,SKU-10256,SUP-237,131,776,1951,1951,11
2024-01-30,SKU-10257,SUP-214,41,324,1805,1805,12
2024-01-30,SKU-10258,SUP-200,675,455,1243,0,9
2024-01-30,SKU-10259,SUP-204,1769,340,1796,0,14
2024-01-30,SKU-10260,SUP-245,0,333,792,792,10
2024-01-30,SKU-10261,SUP-240,537,676,1467,1467,10
2024-01-30,SKU-10262,SUP-203,1439,345,1881,0,8
2024-01-30,SKU-10263,SUP-214,542,689,1626,1626,6
2024-01-30,SKU-10264,SUP-204,75,384,602,602,11
2024-01-30,SKU-10265,SUP-202,1082,521,1262,0,4
2024-01-30,SKU-10266,SUP-221,1424,542,1131,0,3
2024-01-30,SKU-10267,SUP-204,1931,356,1379,0,10
2024-01-30,SKU-10268,SUP-232,1195,562,942,0,5
2024-01-30,SKU-10269,SUP-215,151,291,1960,1960,14
2024-01-30,SKU-10270,SUP-217,1290,274,578,0,5
2024-01-30,SKU-10271,SUP-242,2189,404,1317,0,12
2024-01-30,SKU-10272,SUP-231,1094,728,632,0,13
2024-01-30,SKU-10273,SUP-213,1313,701,941,0,12
2024-01-30,SKU-10274,SUP-234,1470,285,1120,0,4
2024-01-30,SKU-10275,SUP-208,409,418,1421,1421,14
2024-01-30,SKU-10276,SUP-246,605,290,995,0,3
2024-01-30,SKU-10277,SUP-236,494,606,837,837,13
2024-01-30,SKU-10278,SUP-236,1270,500,1766,0,10
2024-01-30,SKU-10279,SUP-230,386,553,1619,1619,11
2024-01-30,SKU-10280,SUP-215,1332,556,1571,0,6
2024-01-30,SKU-10281,SUP-230,453,701,1996,1996,4
2024-01-30,SKU-10282,SUP-226,1855,625,1320,0,10
2024-01-30,SKU-10283,SUP-212,404,384,639,0,5
2024-01-30,SKU-10284,SUP-206,19,523,1850,1850,9
2024-01-30,SKU-10285,SUP-206,216,477,1670,1670,7
2024-01-30,SKU-10286,SUP-242,997,624,1673,0,11
2024-01-30,SKU-10287,SUP-227,1895,740,1413,0,11
2024-01-30,SKU-10288,SUP-222,1237,679,1275,0,10
2024-01-30,SKU-10289,SUP-227,72,501,772,772,7
2024-01-30,SKU-10290,SUP-226,2151,652,1016,0,8
2024-01-30,SKU-10291,SUP-229,2260,656,946,0,5
2024-01-30,SKU-10292,SUP-246,2126,215,1103,0,12
2024-01-30,SKU-10293,SUP-203,1476,554,978,0,8
2024-01-30,SKU-10294,SUP-243,1107,584,1217,0,5
2024-01-30,SKU-10295,SUP-241,1379,403,522,0,10
2024-01-30,SKU-10296,SUP-241,1305,679,1348,0,12
2024-01-30,SKU-10297,SUP-206,1626,203,1295,0,8
2024-01-30,SKU-10298,SUP-203,1205,405,1528,0,12
2024-01-30,SKU-10299,SUP-225,1214,411,1812,0,11
2024-01-30,SKU-10300,SUP-246,80,373,1254,1254,6
2024-01-30,SKU-10301,SUP-221,91,217,1518,1518,4
2024-01-30,SKU-10302,SUP-206,222,247,562,562,12
2024-01-30,SKU-10303,SUP-215,1624,488,1604,0,12
2024-01-30,SKU-10304,SUP-212,2112,677,642,0,4
2024-01-30,SKU-10305,SUP-212,1938,774,1081,0,11
2024-01-30,SKU-10306,SUP-234,973,324,869,0,6
2024-01-30,SKU-10307,SUP-228,218,689,1264,1264,7
2024-01-30,SKU-10308,SUP-208,724,793,1496,1496,13
2024-01-30,SKU-10309,SUP-227,1448,275,832,0,5
2024-01-30,SKU-10310,SUP-211,2197,671,869,0,3
2024-01-30,SKU-10311,SUP-217,429,264,1435,0,10
2024-01-30,SKU-10312,SUP-229,1663,588,937,0,7
2024-01-30,SKU-10313,SUP-215,1731,509,661,0,5
2024-01-30,SKU-10314,SUP-204,1341,540,1019,0,14
2024-01-30,SKU-10315,SUP-228,2035,546,1882,0,9
2024-01-30,SKU-10316,SUP-235,939,662,1521,0,7
2024-01-30,SKU-10317,SUP-206,153,619,1369,1369,13
2024-01-30,SKU-10318,SUP-203,1547,568,1159,0,4
2024-01-30,SKU-10319,SUP-241,47,498,1993,1993,12
2024-01-30,SKU-10320,SUP-234,376,682,1378,1378,8
2024-01-30,SKU-10321,SUP-200,2232,614,1115,0,5
2024-01-30,SKU-10322,SUP-205,861,419,860,0,4
2024-01-30,SKU-10323,SUP-248,1593,652,1730,0,11
2024-01-30,SKU-10324,SUP-215,907,721,676,0,8
2024-01-30,SKU-10325,SUP-210,1601,325,1892,0,4
2024-01-30,SKU-10326,SUP-226,1473,722,1606,0,4
2024-01-30,SKU-10327,SUP-231,1633,673,1352,0,8
2024-01-30,SKU-10328,SUP-230,1783,270,1639,0,13
2024-01-30,SKU-10329,SUP-213,1955,641,1581,0,13
2024-01-30,SKU-10330,SUP-225,2028,611,1076,0,7
2024-01-30,SKU-10331,SUP-203,793,390,1350,0,8
2024-01-30,SKU-10332,SUP-210,1621,668,1428,0,13
2024-01-30,SKU-10333,SUP-224,1394,596,1267,0,6
2024-01-30,SKU-10334,SUP-200,1905,225,1012,0,13
2024-01-30,SKU-10335,SUP-224,594,238,1404,0,13
2024-01-30,SKU-10336,SUP-216,213,522,521,521,11
2024-01-30,SKU-10337,SUP-229,1328,640,891,0,9
2024-01-30,SKU-10338,SUP-218,1156,637,1407,0,13
2024-01-30,SKU-10339,SUP-227,246,788,607,607,12
2024-01-30,SKU-10340,SUP-244,1265,292,911,0,10
2024-01-30,SKU-10341,SUP-246,2173,222,1950,0,12
2024-01-30,SKU-10342,SUP-235,1542,489,579,0,12
2024-01-30,SKU-10343,SUP-242,1937,618,522,0,11
2024-01-30,SKU-10344,SUP-245,2145,446,1264,0,14
2024-01-30,SKU-10345,SUP-231,2095,218,1286,0,7
2024-01-30,SKU-10346,SUP-209,2051,212,841,0,4
2024-01-30,SKU-10347,SUP-212,560,358,1856,0,9
2024-01-30,SKU-10348,SUP-218,818,439,1325,0,5
2024-01-30,SKU-10349,SUP-213,502,709,1746,1746,6
2024-01-30,SKU-10350,SUP-203,1164,654,1493,0,9
2024-01-30,SKU-10351,SUP-237,783,415,783,0,9
2024-01-30,SKU-10352,SUP-247,1438,612,716,0,3
2024-01-30,SKU-10353,SUP-234,498,228,1743,0,3
2024-01-30,SKU-10354,SUP-203,2064,201,1209,0,11
2024-01-30,SKU-10355,SUP-247,80,262,1237,1237,7
2024-01-30,SKU-10356,SUP-220,778,390,1751,0,6
2024-01-30,SKU-10357,SUP-203,210,257,1312,1312,3
2024-01-30,SKU-10358,SUP-203,2218,695,1251,0,8
2024-01-30,SKU-10359,SUP-237,1667,728,1131,0,9
2024-01-30,SKU-10360,SUP-230,360,659,759,759,11
2024-01-30,SKU-10361,SUP-232,286,421,1888,1888,12
2024-01-30,SKU-10362,SUP-233,443,739,1318,1318,10
2024-01-30,SKU-10363,SUP-210,1684,535,995,0,10
2024-01-30,SKU-10364,SUP-203,1865,401,1714,0,14
2024-01-30,SKU-10365,SUP-232,125,546,1062,1062,13
2024-01-30,SKU-10366,SUP-205,1593,425,715,0,12
2024-01-30,SKU-10367,SUP-211,2150,220,721,0,3
2024-01-30,SKU-10368,SUP-204,1045,771,1373,0,4
2024-01-30,SKU-10369,SUP-238,304,730,894,894,6
2024-01-30,SKU-10370,SUP-204,1542,640,713,0,13
2024-01-30,SKU-10371,SUP-243,1114,517,1568,0,11
2024-01-30,SKU-10372,SUP-215,278,382,1840,1840,10
2024-01-30,SKU-10373,SUP-225,2107,230,1439,0,5
2024-01-30,SKU-10374,SUP-207,1980,595,918,0,12
2024-01-30,SKU-10375,SUP-236,1064,527,1371,0,11
2024-01-30,SKU-10376,SUP-215,971,342,1635,0,13
2024-01-30,SKU-10377,SUP-237,993,434,1942,0,4
2024-01-30,SKU-10378,SUP-238,1195,532,1209,0,12
2024-01-30,SKU-10379,SUP-202,2340,201,916,0,11
2024-01-30,SKU-10380,SUP-239,1035,567,1548,0,7
2024-01-30,SKU-10381,SUP-205,1657,651,1601,0,3
2024-01-30,SKU-10382,SUP-226,1704,579,893,0,5
2024-01-30,SKU-10383,SUP-242,1335,739,547,0,14
2024-01-30,SKU-10384,SUP-237,1305,713,1290,0,5
2024-01-30,SKU-10385,SUP-236,1780,279,1423,0,8
2024-01-30,SKU-10386,SUP-233,940,598,1740,0,13
2024-01-30,SKU-10387,SUP-220,332,493,737,737,13
2024-01-30,SKU-10388,SUP-216,1059,794,653,0,8
2024-01-30,SKU-10389,SUP-213,828,292,1151,0,11
2024-01-30,SKU-10390,SUP-242,898,693,1159,0,4
2024-01-30,SKU-10391,SUP-245,1504,495,1702,0,4
2024-01-30,SKU-10392,SUP-220,2245,319,1519,0,10
2024-01-30,SKU-10393,SUP-215,1902,387,741,0,5
2024-01-30,SKU-10394,SUP-216,1853,594,971,0,11
2024-01-30,SKU-10395,SUP-225,1378,211,1815,0,11
2024-01-30,SKU-10396,SUP-208,352,715,1232,1232,8
2024-01-30,SKU-10397,SUP-242,527,525,1406,0,12
2024-01-30,SKU-10398,SUP-241,1125,229,1937,0,3
2024-01-30,SKU-10399,SUP-219,511,613,633,633,8
2024-01-30,SKU-10400,SUP-229,1533,235,1330,0,5
2024-01-30,SKU-10401,SUP-220,118,636,1486,1486,10
2024-01-30,SKU-10402,SUP-248,989,432,946,0,13
2024-01-30,SKU-10403,SUP-204,818,500,1478,0,11
2024-01-30,SKU-10404,SUP-200,1595,232,1508,0,8
2024-01-30,SKU-10405,SUP-229,731,700,1795,0,7
2024-01-30,SKU-10406,SUP-239,701,792,1605,1605,4
2024-01-30,SKU-10407,SUP-236,2139,335,1152,0,14
2024-01-30,SKU-10408,SUP-206,735,209,796,0,5
2024-01-30,SKU-10409,SUP-204,319,415,1776,1776,12
2024-01-30,SKU-10410,SUP-234,2104,375,1897,0,8
2024-01-30,SKU-10411,SUP-213,180,753,806,806,4
2024-01-30,SKU-10412,SUP-232,293,769,1138,1138,6
2024-01-30,SKU-10413,SUP-216,1769,231,1517,0,4
2024-01-30,SKU-10414,SUP-208,1809,589,1246,0,12
2024-01-30,SKU-10415,SUP-222,247,492,572,572,3
2024-01-30,SKU-10416,SUP-204,1732,361,792,0,4
2024-01-30,SKU-10417,SUP-215,1351,773,1666,0,5
2024-01-30,SKU-10418,SUP-223,0,770,1703,1703,3
2024-01-30,SKU-10419,SUP-218,196,682,932,932,4
2024-01-30,SKU-10420,SUP-210,2184,387,1185,0,6
2024-01-30,SKU-10421,SUP-228,404,252,1650,0,9
2024-01-30,SKU-10422,SUP-234,1027,254,1255,0,3
2024-01-30,SKU-10423,SUP-245,900,499,1335,0,9
2024-01-30,SKU-10424,SUP-219,86,201,856,856,5
2024-01-30,SKU-10425,SUP-239,2026,626,1367,0,13
2024-01-30,SKU-10426,SUP-241,1247,687,1865,0,4
2024-01-30,SKU-10427,SUP-233,471,371,1825,0,14
2024-01-30,SKU-10428,SUP-200,510,526,1257,1257,4
2024-01-30,SKU-10429,SUP-242,635,400,1163,0,8
2024-01-30,SKU-10430,SUP-235,1381,407,1988,0,10
2024-01-30,SKU-10431,SUP-219,975,253,1913,0,11
2024-01-30,SKU-10432,SUP-242,1873,653,910,0,13
2024-01-30,SKU-10433,SUP-206,1340,783,608,0,13
2024-01-30,SKU-10434,SUP-208,1131,488,1016,0,8
2024-01-30,SKU-10435,SUP-216,787,288,1145,0,9
2024-01-30,SKU-10436,SUP-207,209,503,582,582,13
2024-01-30,SKU-10437,SUP-206,1123,576,686,0,3
2024-01-30,SKU-10438,SUP-247,1434,293,897,0,11
2024-01-30,SKU-10439,SUP-235,1195,321,885,0,14
2024-01-30,SKU-10440,SUP-209,696,662,1418,0,8
2024-01-30,SKU-10441,SUP-217,67,242,880,880,3
2024-01-30,SKU-10442,SUP-218,1619,588,1546,0,14
2024-01-30,SKU-10443,SUP-238,573,328,1934,0,13
2024-01-30,SKU-10444,SUP-213,172,787,1804,1804,12
2024-01-30,SKU-10445,SUP-245,2095,373,1882,0,13
2024-01-30,SKU-10446,SUP-221,1136,530,886,0,10
2024-01-30,SKU-10447,SUP-213,221,532,1977,1977,4
2024-01-30,SKU-10448,SUP-243,1995,207,1896,0,9
2024-01-30,SKU-10449,SUP-240,2061,656,1211,0,11
2024-01-30,SKU-10450,SUP-216,1825,619,834,0,12
2024-01-30,SKU-10451,SUP-232,433,436,1278,1278,12
2024-01-30,SKU-10452,SUP-231,1281,603,888,0,8
2024-01-30,SKU-10453,SUP-216,329,413,962,962,11
2024-01-30,SKU-10454,SUP-203,481,595,1867,1867,4
2024-01-30,SKU-10455,SUP-205,2314,683,1447,0,3
2024-01-30,SKU-10456,SUP-240,910,682,1568,0,13
2024-01-30,SKU-10457,SUP-227,1455,403,975,0,13
2024-01-30,SKU-10458,SUP-217,448,749,1148,1148,4
2024-01-30,SKU-10459,SUP-202,204,753,1980,1980,14
2024-01-30,SKU-10460,SUP-200,410,698,1301,1301,8
2024-01-30,SKU-10461,SUP-221,1571,214,1973,0,7
2024-01-30,SKU-10462,SUP-249,1764,769,1504,0,6
2024-01-30,SKU-10463,SUP-208,1861,396,660,0,5
2024-01-30,SKU-10464,SUP-240,1760,334,725,0,7
2024-01-30,SKU-10465,SUP-216,1535,231,794,0,6
2024-01-30,SKU-10466,SUP-210,1209,556,1085,0,10
2024-01-30,SKU-10467,SUP-247,579,561,1429,0,9
2024-01-30,SKU-10468,SUP-228,829,575,989,0,7
2024-01-30,SKU-10469,SUP-235,71,498,1058,1058,13
2024-01-30,SKU-10470,SUP-245,1529,353,693,0,6
2024-01-30,SKU-10471,SUP-227,2063,534,1929,0,12
2024-01-30,SKU-10472,SUP-235,2152,708,1195,0,4
2024-01-30,SKU-10473,SUP-200,456,299,1962,0,8
2024-01-30,SKU-10474,SUP-207,1161,627,828,0,14
2024-01-30,SKU-10475,SUP-204,2233,319,1620,0,4
2024-01-30,SKU-10476,SUP-244,0,516,1236,1236,3
2024-01-30,SKU-10477,SUP-209,109,482,1587,1587,3
2024-01-30,SKU-10478,SUP-234,0,549,1377,1377,13
2024-01-30,SKU-10479,SUP-202,1765,298,766,0,6
2024-01-30,SKU-10480,SUP-223,2101,231,1520,0,3
2024-01-30,SKU-10481,SUP-237,1493,630,1099,0,13
2024-01-30,SKU-10482,SUP-235,1954,267,1656,0,5
2024-01-30,SKU-10483,SUP-209,96,311,854,854,4
2024-01-30,SKU-10484,SUP-227,164,461,1115,1115,8
2024-01-30,SKU-10485,SUP-208,1388,619,1571,0,10
2024-01-30,SKU-10486,SUP-202,733,583,828,0,10
2024-01-30,SKU-10487,SUP-219,678,284,516,0,10
2024-01-30,SKU-10488,SUP-223,287,281,1295,0,12
2024-01-30,SKU-10489,SUP-202,1299,346,1531,0,4
2024-01-30,SKU-10490,SUP-222,1414,713,1747,0,13
2024-01-30,SKU-10491,SUP-213,1389,595,1708,0,3
2024-01-30,SKU-10492,SUP-243,682,448,1264,0,9
2024-01-30,SKU-10493,SUP-215,1822,636,751,0,6
2024-01-30,SKU-10494,SUP-242,1054,523,1207,0,10
2024-01-30,SKU-10495,SUP-206,719,658,1753,0,7
2024-01-30,SKU-10496,SUP-222,996,531,1698,0,8
2024-01-30,SKU-10497,SUP-249,971,530,859,0,6
2024-01-30,SKU-10498,SUP-235,666,576,1779,0,8
2024-01-30,SKU-10499,SUP-226,727,327,1655,0,9
